Datetime,Open,High,Low,Close,Volume
2026-05-17 22:00:00+00:00,4557.39990234375,4558.60009765625,4551.2998046875,4551.89990234375,206
2026-05-17 22:15:00+00:00,4552.60009765625,4553.60009765625,4541.39990234375,4545.60009765625,698
2026-05-17 22:30:00+00:00,4544.7001953125,4557.60009765625,4544.7001953125,4554.0,754
2026-05-17 22:45:00+00:00,4553.5,4558.0,4547.2998046875,4549.7001953125,480
2026-05-17 23:00:00+00:00,4550.2001953125,4551.39990234375,4543.0,4545.2998046875,381
2026-05-17 23:15:00+00:00,4544.89990234375,4548.0,4541.2001953125,4541.39990234375,373
2026-05-17 23:30:00+00:00,4540.89990234375,4545.60009765625,4535.60009765625,4542.89990234375,615
2026-05-17 23:45:00+00:00,4542.2998046875,4547.39990234375,4535.10009765625,4540.89990234375,542
2026-05-18 00:00:00+00:00,4541.0,4546.0,4526.5,4529.2001953125,1215
2026-05-18 00:15:00+00:00,4529.7001953125,4536.7998046875,4517.39990234375,4519.0,1075
2026-05-18 00:30:00+00:00,4518.60009765625,4522.2001953125,4483.5,4485.39990234375,4886
2026-05-18 00:45:00+00:00,4485.0,4519.7998046875,4483.7998046875,4518.5,2633
2026-05-18 01:00:00+00:00,4518.10009765625,4519.2998046875,4492.10009765625,4500.2001953125,3094
2026-05-18 01:15:00+00:00,4499.7998046875,4513.0,4495.39990234375,4507.5,1726
2026-05-18 01:30:00+00:00,4505.2998046875,4516.2998046875,4502.5,4515.2001953125,1679
2026-05-18 01:45:00+00:00,4515.60009765625,4538.60009765625,4513.89990234375,4527.89990234375,2273
2026-05-18 02:00:00+00:00,4527.89990234375,4542.0,4524.89990234375,4539.7001953125,1635
2026-05-18 02:15:00+00:00,4539.7998046875,4544.0,4535.10009765625,4536.7998046875,945
2026-05-18 02:30:00+00:00,4536.2001953125,4544.10009765625,4532.0,4539.2998046875,914
2026-05-18 02:45:00+00:00,4538.7001953125,4545.89990234375,4533.2998046875,4536.39990234375,882
2026-05-18 03:00:00+00:00,4537.0,4538.89990234375,4530.0,4532.5,882
2026-05-18 03:15:00+00:00,4532.0,4541.2998046875,4531.5,4538.60009765625,697
2026-05-18 03:30:00+00:00,4539.2998046875,4551.39990234375,4528.0,4548.60009765625,1307
2026-05-18 03:45:00+00:00,4548.60009765625,4551.2001953125,4542.89990234375,4546.7998046875,1433
2026-05-18 04:00:00+00:00,4545.2001953125,4553.7998046875,4545.2001953125,4548.2001953125,862
2026-05-18 04:15:00+00:00,4548.2001953125,4551.10009765625,4533.39990234375,4535.89990234375,1979
2026-05-18 04:30:00+00:00,4535.89990234375,4548.0,4535.5,4545.5,1046
2026-05-18 04:45:00+00:00,4545.10009765625,4549.39990234375,4539.2998046875,4544.2001953125,1318
2026-05-18 05:00:00+00:00,4544.7998046875,4546.7001953125,4536.39990234375,4541.60009765625,1371
2026-05-18 05:15:00+00:00,4539.60009765625,4554.2998046875,4538.60009765625,4552.39990234375,1522
2026-05-18 05:30:00+00:00,4552.5,4556.0,4542.39990234375,4543.7998046875,1124
2026-05-18 05:45:00+00:00,4542.7001953125,4546.89990234375,4533.60009765625,4534.60009765625,1286
2026-05-18 06:00:00+00:00,4534.2998046875,4544.0,4533.10009765625,4541.2998046875,1594
2026-05-18 06:15:00+00:00,4540.60009765625,4551.39990234375,4538.0,4541.10009765625,2517
2026-05-18 06:30:00+00:00,4541.10009765625,4550.60009765625,4538.2998046875,4543.89990234375,1165
2026-05-18 06:45:00+00:00,4544.10009765625,4551.7998046875,4542.10009765625,4550.5,1647
2026-05-18 07:00:00+00:00,4551.0,4553.10009765625,4545.7001953125,4546.60009765625,1055
2026-05-18 07:15:00+00:00,4547.0,4555.2001953125,4541.60009765625,4554.60009765625,1506
2026-05-18 07:30:00+00:00,4554.7001953125,4564.0,4551.0,4553.2998046875,1857
2026-05-18 07:45:00+00:00,4552.2998046875,4555.10009765625,4543.5,4550.0,1342
2026-05-18 08:00:00+00:00,4550.0,4552.60009765625,4546.0,4550.2998046875,781
2026-05-18 08:15:00+00:00,4550.0,4555.5,4546.60009765625,4551.2001953125,1141
2026-05-18 08:30:00+00:00,4551.5,4556.7998046875,4549.39990234375,4552.10009765625,1236
2026-05-18 08:45:00+00:00,4552.10009765625,4560.89990234375,4552.10009765625,4553.7998046875,832
2026-05-18 09:00:00+00:00,4553.89990234375,4555.7001953125,4544.89990234375,4550.2998046875,851
2026-05-18 09:15:00+00:00,4549.7998046875,4552.7998046875,4548.2001953125,4549.0,767
2026-05-18 09:30:00+00:00,4548.7001953125,4550.2998046875,4544.0,4546.60009765625,1798
2026-05-18 09:45:00+00:00,4546.7001953125,4548.2001953125,4543.7998046875,4547.0,279
2026-05-18 10:00:00+00:00,4546.39990234375,4548.7001953125,4539.2998046875,4542.89990234375,1222
2026-05-18 10:15:00+00:00,4542.60009765625,4546.2001953125,4541.7001953125,4543.2998046875,563
2026-05-18 10:30:00+00:00,4543.0,4547.5,4535.60009765625,4546.89990234375,1185
2026-05-18 10:45:00+00:00,4547.2998046875,4551.39990234375,4540.2001953125,4543.39990234375,1016
2026-05-18 11:00:00+00:00,4543.5,4545.2998046875,4533.5,4543.0,1062
2026-05-18 11:15:00+00:00,4542.89990234375,4543.7998046875,4535.60009765625,4539.60009765625,1432
2026-05-18 11:30:00+00:00,4539.2001953125,4571.89990234375,4539.2001953125,4566.5,4239
2026-05-18 11:45:00+00:00,4566.89990234375,4568.7001953125,4553.0,4554.2001953125,3013
2026-05-18 12:00:00+00:00,4554.39990234375,4560.5,4550.7998046875,4557.10009765625,1415
2026-05-18 12:15:00+00:00,4557.0,4558.7998046875,4548.7998046875,4554.39990234375,2055
2026-05-18 12:30:00+00:00,4554.0,4574.10009765625,4553.7001953125,4573.60009765625,2830
2026-05-18 12:45:00+00:00,4573.89990234375,4579.39990234375,4566.60009765625,4575.2001953125,3061
2026-05-18 13:00:00+00:00,4575.39990234375,4581.5,4565.39990234375,4572.0,3879
2026-05-18 13:15:00+00:00,4571.39990234375,4580.0,4567.7001953125,4575.60009765625,1857
2026-05-18 13:30:00+00:00,4576.10009765625,4584.2998046875,4568.89990234375,4570.5,3414
2026-05-18 13:45:00+00:00,4570.60009765625,4588.60009765625,4567.5,4579.89990234375,3828
2026-05-18 14:00:00+00:00,4579.89990234375,4579.89990234375,4563.7001953125,4568.7001953125,3812
2026-05-18 14:15:00+00:00,4569.0,4573.2998046875,4557.2001953125,4566.2001953125,2937
2026-05-18 14:30:00+00:00,4565.60009765625,4567.5,4542.89990234375,4552.0,5942
2026-05-18 14:45:00+00:00,4551.89990234375,4552.7998046875,4542.10009765625,4550.7998046875,2443
2026-05-18 15:00:00+00:00,4551.0,4552.39990234375,4536.2001953125,4544.7001953125,3472
2026-05-18 15:15:00+00:00,4544.60009765625,4547.0,4538.7998046875,4539.39990234375,1504
2026-05-18 15:30:00+00:00,4538.7001953125,4548.89990234375,4538.10009765625,4543.0,1484
2026-05-18 15:45:00+00:00,4543.10009765625,4551.2998046875,4542.2998046875,4547.7001953125,1231
2026-05-18 16:00:00+00:00,4548.60009765625,4553.10009765625,4544.39990234375,4552.7998046875,2709
2026-05-18 16:15:00+00:00,4552.89990234375,4555.0,4537.60009765625,4541.2001953125,3143
2026-05-18 16:30:00+00:00,4540.89990234375,4549.10009765625,4538.2998046875,4547.60009765625,1601
2026-05-18 16:45:00+00:00,4547.39990234375,4558.7001953125,4547.0,4554.39990234375,2979
2026-05-18 17:00:00+00:00,4554.2998046875,4562.5,4551.60009765625,4557.5,1844
2026-05-18 17:15:00+00:00,4557.2998046875,4559.89990234375,4556.10009765625,4558.2998046875,1960
2026-05-18 17:30:00+00:00,4558.0,4558.39990234375,4551.10009765625,4552.5,1102
2026-05-18 17:45:00+00:00,4552.39990234375,4553.7998046875,4549.7998046875,4551.39990234375,690
2026-05-18 18:00:00+00:00,4551.2998046875,4552.39990234375,4548.0,4549.39990234375,696
2026-05-18 18:15:00+00:00,4549.2001953125,4549.60009765625,4540.2998046875,4546.39990234375,1167
2026-05-18 18:30:00+00:00,4545.89990234375,4548.2001953125,4543.10009765625,4545.89990234375,723
2026-05-18 18:45:00+00:00,4545.5,4547.39990234375,4538.2998046875,4539.7998046875,1046
2026-05-18 19:00:00+00:00,4539.89990234375,4569.5,4539.10009765625,4558.5,3331
2026-05-18 19:15:00+00:00,4558.7001953125,4560.2001953125,4551.0,4556.0,1180
2026-05-18 19:30:00+00:00,4556.0,4565.7998046875,4554.39990234375,4562.5,932
2026-05-18 19:45:00+00:00,4562.2998046875,4567.39990234375,4562.10009765625,4562.89990234375,1259
2026-05-18 20:00:00+00:00,4563.2998046875,4567.7001953125,4562.39990234375,4567.7001953125,413
2026-05-18 20:15:00+00:00,4566.89990234375,4571.60009765625,4566.89990234375,4567.2998046875,446
2026-05-18 20:30:00+00:00,4568.0,4569.7001953125,4566.2001953125,4569.2998046875,219
2026-05-18 20:45:00+00:00,4569.2998046875,4571.2001953125,4566.39990234375,4570.7998046875,245
2026-05-18 22:00:00+00:00,4570.60009765625,4577.5,4570.60009765625,4576.7998046875,288
2026-05-18 22:15:00+00:00,4577.60009765625,4578.7001953125,4575.2001953125,4576.89990234375,345
2026-05-18 22:30:00+00:00,4577.10009765625,4582.2998046875,4575.60009765625,4580.7998046875,391
2026-05-18 22:45:00+00:00,4580.7001953125,4581.10009765625,4576.60009765625,4578.2001953125,135
2026-05-18 23:00:00+00:00,4578.2001953125,4590.60009765625,4577.89990234375,4589.60009765625,848
2026-05-18 23:15:00+00:00,4589.39990234375,4593.2001953125,4587.10009765625,4589.60009765625,536
2026-05-18 23:30:00+00:00,4589.7998046875,4591.7001953125,4586.7001953125,4589.0,327
2026-05-18 23:45:00+00:00,4589.5,4590.2001953125,4582.60009765625,4585.5,445
2026-05-19 00:00:00+00:00,4585.39990234375,4593.10009765625,4580.0,4582.39990234375,1170
2026-05-19 00:15:00+00:00,4582.2001953125,4589.2998046875,4572.2001953125,4576.60009765625,1076
2026-05-19 00:30:00+00:00,4577.2998046875,4579.5,4571.39990234375,4573.60009765625,740
2026-05-19 00:45:00+00:00,4573.89990234375,4575.5,4564.7001953125,4566.2998046875,868
2026-05-19 01:00:00+00:00,4565.60009765625,4572.5,4560.7001953125,4568.2998046875,1328
2026-05-19 01:15:00+00:00,4569.2998046875,4572.0,4557.60009765625,4561.7001953125,824
2026-05-19 01:30:00+00:00,4562.0,4575.39990234375,4558.2001953125,4573.89990234375,761
2026-05-19 01:45:00+00:00,4574.2998046875,4575.10009765625,4564.7001953125,4567.0,696
2026-05-19 02:00:00+00:00,4566.7001953125,4566.7001953125,4556.2001953125,4557.60009765625,1149
2026-05-19 02:15:00+00:00,4556.7001953125,4565.2998046875,4554.7001953125,4562.7998046875,901
2026-05-19 02:30:00+00:00,4562.7001953125,4562.7998046875,4553.7001953125,4559.2998046875,1047
2026-05-19 02:45:00+00:00,4559.0,4561.10009765625,4548.60009765625,4550.2998046875,921
2026-05-19 03:00:00+00:00,4549.89990234375,4555.7001953125,4545.7998046875,4554.89990234375,1401
2026-05-19 03:15:00+00:00,4555.0,4556.10009765625,4549.60009765625,4552.2998046875,393
2026-05-19 03:30:00+00:00,4552.60009765625,4558.10009765625,4550.0,4551.0,800
2026-05-19 03:45:00+00:00,4550.60009765625,4552.7001953125,4545.2001953125,4548.89990234375,932
2026-05-19 04:00:00+00:00,4547.7998046875,4548.7998046875,4541.89990234375,4543.2001953125,773
2026-05-19 04:15:00+00:00,4543.7998046875,4546.39990234375,4541.2998046875,4543.2998046875,620
2026-05-19 04:30:00+00:00,4543.7998046875,4545.2998046875,4540.89990234375,4542.39990234375,294
2026-05-19 04:45:00+00:00,4543.0,4546.89990234375,4542.7998046875,4545.39990234375,360
2026-05-19 05:00:00+00:00,4545.60009765625,4549.89990234375,4542.7001953125,4547.7998046875,545
2026-05-19 05:15:00+00:00,4547.7001953125,4548.10009765625,4533.89990234375,4541.7001953125,1166
2026-05-19 05:30:00+00:00,4541.7998046875,4547.2001953125,4535.7998046875,4541.7001953125,991
2026-05-19 05:45:00+00:00,4541.2998046875,4546.7001953125,4536.0,4543.7998046875,2053
2026-05-19 06:00:00+00:00,4543.7001953125,4549.10009765625,4536.5,4545.2001953125,1314
2026-05-19 06:15:00+00:00,4545.0,4557.10009765625,4544.10009765625,4551.0,2022
2026-05-19 06:30:00+00:00,4549.7998046875,4556.0,4547.7001953125,4555.89990234375,1199
2026-05-19 06:45:00+00:00,4555.60009765625,4556.39990234375,4546.2001953125,4551.2998046875,775
2026-05-19 07:00:00+00:00,4550.39990234375,4558.89990234375,4547.60009765625,4551.10009765625,1438
2026-05-19 07:15:00+00:00,4551.89990234375,4553.0,4546.2998046875,4551.5,790
2026-05-19 07:30:00+00:00,4551.5,4552.2998046875,4544.7001953125,4545.5,1056
2026-05-19 07:45:00+00:00,4545.39990234375,4562.7001953125,4545.39990234375,4560.7001953125,1616
2026-05-19 08:00:00+00:00,4560.7001953125,4562.5,4545.7998046875,4550.0,1834
2026-05-19 08:15:00+00:00,4550.0,4551.2998046875,4539.10009765625,4541.7001953125,1252
2026-05-19 08:30:00+00:00,4541.7001953125,4548.2998046875,4540.2998046875,4546.39990234375,936
2026-05-19 08:45:00+00:00,4546.2998046875,4551.89990234375,4541.7001953125,4546.39990234375,1381
2026-05-19 09:00:00+00:00,4545.7998046875,4545.7998046875,4540.0,4542.60009765625,657
2026-05-19 09:15:00+00:00,4542.60009765625,4550.0,4538.7998046875,4543.5,1132
2026-05-19 09:30:00+00:00,4543.60009765625,4546.10009765625,4539.60009765625,4542.7001953125,1119
2026-05-19 09:45:00+00:00,4542.5,4548.39990234375,4541.0,4545.0,721
2026-05-19 10:00:00+00:00,4544.5,4545.89990234375,4538.60009765625,4544.5,885
2026-05-19 10:15:00+00:00,4545.0,4545.0,4541.2998046875,4543.2001953125,233
2026-05-19 10:30:00+00:00,4544.2001953125,4546.60009765625,4528.60009765625,4532.7001953125,1820
2026-05-19 10:45:00+00:00,4532.2001953125,4548.0,4531.10009765625,4547.89990234375,1597
2026-05-19 11:00:00+00:00,4547.7001953125,4551.5,4539.2001953125,4540.10009765625,1204
2026-05-19 11:15:00+00:00,4539.89990234375,4545.7998046875,4539.10009765625,4542.7001953125,726
2026-05-19 11:30:00+00:00,4542.39990234375,4546.7001953125,4540.2001953125,4545.2001953125,553
2026-05-19 11:45:00+00:00,4545.5,4545.7001953125,4533.10009765625,4534.0,1066
2026-05-19 12:00:00+00:00,4533.7998046875,4550.0,4530.2998046875,4545.60009765625,1672
2026-05-19 12:15:00+00:00,4545.89990234375,4548.2001953125,4540.10009765625,4546.7001953125,1889
2026-05-19 12:30:00+00:00,4546.7001953125,4550.89990234375,4540.2998046875,4540.7001953125,1822
2026-05-19 12:45:00+00:00,4541.10009765625,4545.2001953125,4539.0,4541.60009765625,1125
2026-05-19 13:00:00+00:00,4540.39990234375,4541.0,4516.2998046875,4527.2998046875,6065
2026-05-19 13:15:00+00:00,4527.10009765625,4529.2001953125,4493.0,4494.39990234375,8103
2026-05-19 13:30:00+00:00,4494.7001953125,4498.10009765625,4467.10009765625,4478.5,12368
2026-05-19 13:45:00+00:00,4478.7001953125,4513.89990234375,4476.2998046875,4506.7001953125,8640
2026-05-19 14:00:00+00:00,4506.60009765625,4517.0,4494.10009765625,4495.7001953125,6020
2026-05-19 14:15:00+00:00,4495.7001953125,4503.5,4487.0,4492.7001953125,3972
2026-05-19 14:30:00+00:00,4493.0,4501.89990234375,4491.2001953125,4497.39990234375,3888
2026-05-19 14:45:00+00:00,4497.2998046875,4500.2998046875,4489.2001953125,4496.89990234375,2646
2026-05-19 15:00:00+00:00,4497.89990234375,4503.39990234375,4492.7998046875,4502.60009765625,1956
2026-05-19 15:15:00+00:00,4502.2998046875,4508.60009765625,4497.5,4503.0,2047
2026-05-19 15:30:00+00:00,4502.0,4511.2998046875,4501.39990234375,4505.5,2390
2026-05-19 15:45:00+00:00,4505.7998046875,4512.89990234375,4503.7001953125,4511.7001953125,995
2026-05-19 16:00:00+00:00,4512.0,4514.0,4499.5,4504.39990234375,2010
2026-05-19 16:15:00+00:00,4504.5,4515.60009765625,4501.89990234375,4512.2001953125,1115
2026-05-19 16:30:00+00:00,4512.5,4516.0,4508.89990234375,4509.10009765625,915
2026-05-19 16:45:00+00:00,4509.5,4512.7998046875,4508.2001953125,4511.2001953125,753
2026-05-19 17:00:00+00:00,4511.0,4514.5,4509.39990234375,4514.10009765625,1022
2026-05-19 17:15:00+00:00,4513.7998046875,4514.60009765625,4506.7001953125,4510.5,2218
2026-05-19 17:30:00+00:00,4510.2998046875,4511.7998046875,4506.0,4507.89990234375,1272
2026-05-19 17:45:00+00:00,4508.2001953125,4508.2001953125,4502.60009765625,4504.60009765625,470
2026-05-19 18:00:00+00:00,4504.5,4507.5,4503.2001953125,4504.60009765625,421
2026-05-19 18:15:00+00:00,4504.7001953125,4505.5,4498.60009765625,4499.39990234375,808
2026-05-19 18:30:00+00:00,4499.2998046875,4504.0,4496.5,4502.10009765625,637
2026-05-19 18:45:00+00:00,4501.89990234375,4503.2001953125,4493.10009765625,4496.7998046875,561
2026-05-19 19:00:00+00:00,4496.39990234375,4500.7001953125,4496.2001953125,4499.7998046875,360
2026-05-19 19:15:00+00:00,4500.2001953125,4500.2001953125,4488.60009765625,4490.0,1078
2026-05-19 19:30:00+00:00,4490.60009765625,4493.2001953125,4489.2998046875,4491.60009765625,801
2026-05-19 19:45:00+00:00,4491.89990234375,4492.2998046875,4484.7998046875,4487.0,1171
2026-05-19 20:00:00+00:00,4486.89990234375,4490.60009765625,4484.2998046875,4488.89990234375,511
2026-05-19 20:15:00+00:00,4488.7998046875,4491.89990234375,4486.89990234375,4489.39990234375,239
2026-05-19 20:30:00+00:00,4489.7001953125,4489.7001953125,4485.10009765625,4486.60009765625,335
2026-05-19 20:45:00+00:00,4487.10009765625,4487.7001953125,4484.89990234375,4485.39990234375,400
2026-05-19 22:00:00+00:00,4486.60009765625,4488.60009765625,4482.0,4485.89990234375,98
2026-05-19 22:15:00+00:00,4485.39990234375,4485.5,4480.7001953125,4482.2001953125,235
2026-05-19 22:30:00+00:00,4482.2001953125,4488.7998046875,4480.0,4485.89990234375,475
2026-05-19 22:45:00+00:00,4484.60009765625,4487.60009765625,4482.10009765625,4487.60009765625,262
2026-05-19 23:00:00+00:00,4486.5,4489.5,4482.89990234375,4489.2001953125,268
2026-05-19 23:15:00+00:00,4489.10009765625,4492.10009765625,4486.0,4488.89990234375,398
2026-05-19 23:30:00+00:00,4489.39990234375,4499.5,4488.39990234375,4495.10009765625,682
2026-05-19 23:45:00+00:00,4495.0,4498.2001953125,4491.10009765625,4491.7998046875,1110
2026-05-20 00:00:00+00:00,4492.2001953125,4493.39990234375,4482.2001953125,4492.39990234375,780
2026-05-20 00:15:00+00:00,4491.60009765625,4505.0,4484.0,4504.7998046875,1366
2026-05-20 00:30:00+00:00,4505.0,4510.39990234375,4502.7001953125,4507.7998046875,905
2026-05-20 00:45:00+00:00,4507.5,4512.0,4500.89990234375,4503.89990234375,481
2026-05-20 01:00:00+00:00,4503.7998046875,4509.2998046875,4490.60009765625,4495.10009765625,1484
2026-05-20 01:15:00+00:00,4495.39990234375,4499.2998046875,4475.60009765625,4476.0,1115
2026-05-20 01:30:00+00:00,4476.60009765625,4479.89990234375,4458.0,4469.7998046875,2898
2026-05-20 01:45:00+00:00,4469.89990234375,4490.89990234375,4465.7998046875,4484.2998046875,1727
2026-05-20 02:00:00+00:00,4484.0,4489.5,4478.60009765625,4483.7001953125,768
2026-05-20 02:15:00+00:00,4483.89990234375,4489.60009765625,4478.7001953125,4483.7998046875,919
2026-05-20 02:30:00+00:00,4483.60009765625,4485.7001953125,4462.89990234375,4463.10009765625,1680
2026-05-20 02:45:00+00:00,4463.10009765625,4468.2001953125,4460.60009765625,4467.2001953125,1126
2026-05-20 03:00:00+00:00,4467.39990234375,4469.2001953125,4455.0,4459.2998046875,1897
2026-05-20 03:15:00+00:00,4460.10009765625,4466.10009765625,4459.5,4463.10009765625,559
2026-05-20 03:30:00+00:00,4463.89990234375,4468.2998046875,4459.7001953125,4462.39990234375,872
2026-05-20 03:45:00+00:00,4462.7001953125,4467.2001953125,4459.89990234375,4467.10009765625,477
2026-05-20 04:00:00+00:00,4465.7998046875,4472.2001953125,4465.39990234375,4471.2001953125,585
2026-05-20 04:15:00+00:00,4471.5,4472.5,4464.0,4467.10009765625,731
2026-05-20 04:30:00+00:00,4467.39990234375,4467.7001953125,4462.2001953125,4464.89990234375,402
2026-05-20 04:45:00+00:00,4464.60009765625,4465.10009765625,4458.60009765625,4464.2001953125,606
2026-05-20 05:00:00+00:00,4464.0,4475.89990234375,4463.7998046875,4471.60009765625,656
2026-05-20 05:15:00+00:00,4471.5,4477.89990234375,4469.2001953125,4470.60009765625,855
2026-05-20 05:30:00+00:00,4470.89990234375,4481.7998046875,4470.10009765625,4474.39990234375,1048
2026-05-20 05:45:00+00:00,4474.5,4477.2001953125,4465.2001953125,4475.2001953125,916
2026-05-20 06:00:00+00:00,4474.7998046875,4479.7998046875,4469.7998046875,4474.0,829
2026-05-20 06:15:00+00:00,4475.0,4480.7001953125,4470.10009765625,4474.39990234375,1418
2026-05-20 06:30:00+00:00,4474.2001953125,4475.10009765625,4463.60009765625,4469.2998046875,926
2026-05-20 06:45:00+00:00,4469.60009765625,4481.10009765625,4467.89990234375,4476.7001953125,1623
2026-05-20 07:00:00+00:00,4476.39990234375,4487.7998046875,4474.5,4483.89990234375,1708
2026-05-20 07:15:00+00:00,4483.39990234375,4486.60009765625,4479.0,4485.10009765625,975
2026-05-20 07:30:00+00:00,4485.39990234375,4488.7001953125,4478.60009765625,4483.7001953125,1665
2026-05-20 07:45:00+00:00,4483.60009765625,4484.2998046875,4477.5,4480.89990234375,1297
2026-05-20 08:00:00+00:00,4481.10009765625,4486.60009765625,4479.10009765625,4484.7998046875,1478
2026-05-20 08:15:00+00:00,4484.60009765625,4489.39990234375,4480.60009765625,4489.39990234375,1255
2026-05-20 08:30:00+00:00,4489.2998046875,4492.0,4479.10009765625,4482.0,1224
2026-05-20 08:45:00+00:00,4481.89990234375,4492.7998046875,4481.89990234375,4486.5,1274
2026-05-20 09:00:00+00:00,4486.2001953125,4488.7001953125,4482.0,4482.60009765625,2707
2026-05-20 09:15:00+00:00,4482.7998046875,4486.10009765625,4475.2001953125,4476.39990234375,1770
2026-05-20 09:30:00+00:00,4476.5,4487.5,4475.10009765625,4485.7001953125,2068
2026-05-20 09:45:00+00:00,4485.89990234375,4494.2001953125,4484.39990234375,4487.5,1496
2026-05-20 10:00:00+00:00,4487.5,4494.89990234375,4487.2998046875,4490.89990234375,1553
2026-05-20 10:15:00+00:00,4490.7998046875,4495.5,4490.0,4491.7001953125,1450
2026-05-20 10:30:00+00:00,4491.39990234375,4499.7998046875,4491.10009765625,4497.0,977
2026-05-20 10:45:00+00:00,4497.2998046875,4498.60009765625,4492.89990234375,4497.10009765625,1116
2026-05-20 11:00:00+00:00,4497.5,4499.39990234375,4495.10009765625,4495.39990234375,885
2026-05-20 11:15:00+00:00,4495.7998046875,4503.7001953125,4493.7001953125,4502.7998046875,1042
2026-05-20 11:30:00+00:00,4502.10009765625,4502.7001953125,4495.89990234375,4497.89990234375,1020
2026-05-20 11:45:00+00:00,4497.2998046875,4501.60009765625,4493.10009765625,4501.2001953125,2371
2026-05-20 12:00:00+00:00,4501.0,4503.60009765625,4498.10009765625,4498.7001953125,1324
2026-05-20 12:15:00+00:00,4498.7001953125,4502.2998046875,4495.2998046875,4502.2998046875,1664
2026-05-20 12:30:00+00:00,4502.2998046875,4507.2998046875,4501.89990234375,4505.39990234375,1889
2026-05-20 12:45:00+00:00,4505.7001953125,4508.10009765625,4496.5,4499.0,5089
2026-05-20 13:00:00+00:00,4499.0,4509.0,4496.5,4507.89990234375,3904
2026-05-20 13:15:00+00:00,4507.7001953125,4508.10009765625,4491.7001953125,4491.89990234375,2451
2026-05-20 13:30:00+00:00,4491.7998046875,4495.7998046875,4485.5,4492.7998046875,2952
2026-05-20 13:45:00+00:00,4492.39990234375,4495.2998046875,4484.60009765625,4485.7001953125,2304
2026-05-20 14:00:00+00:00,4485.5,4488.10009765625,4469.10009765625,4479.5,4872
2026-05-20 14:15:00+00:00,4479.39990234375,4514.10009765625,4478.89990234375,4509.5,10553
2026-05-20 14:30:00+00:00,4509.89990234375,4531.89990234375,4509.89990234375,4523.7998046875,6635
2026-05-20 14:45:00+00:00,4524.0,4540.5,4519.5,4534.39990234375,4307
2026-05-20 15:00:00+00:00,4534.7998046875,4539.2001953125,4526.5,4527.7998046875,3211
2026-05-20 15:15:00+00:00,4528.10009765625,4558.39990234375,4527.7998046875,4533.0,7257
2026-05-20 15:30:00+00:00,4532.2998046875,4542.7998046875,4531.0,4540.2998046875,2183
2026-05-20 15:45:00+00:00,4540.2998046875,4541.2001953125,4530.39990234375,4532.10009765625,2181
2026-05-20 16:00:00+00:00,4532.10009765625,4538.7998046875,4531.5,4537.0,1660
2026-05-20 16:15:00+00:00,4536.60009765625,4536.60009765625,4527.10009765625,4529.2998046875,1683
2026-05-20 16:30:00+00:00,4529.2001953125,4537.10009765625,4527.39990234375,4537.0,1468
2026-05-20 16:45:00+00:00,4537.10009765625,4538.7998046875,4533.39990234375,4537.5,1997
2026-05-20 17:00:00+00:00,4537.7001953125,4542.0,4534.2001953125,4537.7998046875,2145
2026-05-20 17:15:00+00:00,4537.7998046875,4540.39990234375,4534.2001953125,4535.5,2279
2026-05-20 17:30:00+00:00,4535.7998046875,4539.7001953125,4533.0,4536.2001953125,1387
2026-05-20 17:45:00+00:00,4536.2998046875,4538.60009765625,4533.5,4535.10009765625,586
2026-05-20 18:00:00+00:00,4534.60009765625,4537.7001953125,4532.2998046875,4536.39990234375,581
2026-05-20 18:15:00+00:00,4536.39990234375,4540.0,4535.2001953125,4538.60009765625,637
2026-05-20 18:30:00+00:00,4538.60009765625,4546.89990234375,4538.39990234375,4540.7001953125,1727
2026-05-20 18:45:00+00:00,4540.39990234375,4548.5,4540.39990234375,4545.60009765625,598
2026-05-20 19:00:00+00:00,4545.7998046875,4548.5,4544.89990234375,4546.7998046875,457
2026-05-20 19:15:00+00:00,4547.2998046875,4549.2998046875,4546.60009765625,4548.10009765625,595
2026-05-20 19:30:00+00:00,4548.2998046875,4553.7998046875,4547.60009765625,4549.5,1176
2026-05-20 19:45:00+00:00,4549.7001953125,4551.2998046875,4547.89990234375,4548.10009765625,1216
2026-05-20 20:00:00+00:00,4548.39990234375,4553.2001953125,4548.0,4549.2001953125,744
2026-05-20 20:15:00+00:00,4549.7001953125,4551.2001953125,4545.7998046875,4548.60009765625,603
2026-05-20 20:30:00+00:00,4549.0,4549.10009765625,4545.2001953125,4546.2001953125,516
2026-05-20 20:45:00+00:00,4545.89990234375,4547.2998046875,4544.5,4546.2001953125,419
2026-05-20 22:00:00+00:00,4548.0,4549.89990234375,4539.5,4541.2001953125,438
2026-05-20 22:15:00+00:00,4541.2001953125,4541.2001953125,4536.0,4540.10009765625,481
2026-05-20 22:30:00+00:00,4540.5,4544.2998046875,4540.2001953125,4543.0,321
2026-05-20 22:45:00+00:00,4542.7998046875,4545.60009765625,4538.2001953125,4541.2001953125,756
2026-05-20 23:00:00+00:00,4540.89990234375,4544.7001953125,4538.89990234375,4541.2001953125,253
2026-05-20 23:15:00+00:00,4541.2998046875,4541.60009765625,4535.60009765625,4539.39990234375,367
2026-05-20 23:30:00+00:00,4539.60009765625,4546.2001953125,4538.89990234375,4544.2001953125,458
2026-05-20 23:45:00+00:00,4543.7998046875,4548.60009765625,4543.39990234375,4548.0,296
2026-05-21 00:00:00+00:00,4548.2998046875,4549.89990234375,4541.39990234375,4546.2001953125,489
2026-05-21 00:15:00+00:00,4546.89990234375,4554.60009765625,4538.7001953125,4545.2001953125,1190
2026-05-21 00:30:00+00:00,4545.60009765625,4547.10009765625,4541.39990234375,4545.2001953125,182
2026-05-21 00:45:00+00:00,4545.5,4550.2001953125,4543.89990234375,4547.0,321
2026-05-21 01:00:00+00:00,4548.0,4562.5,4541.39990234375,4562.10009765625,2167
2026-05-21 01:15:00+00:00,4562.10009765625,4570.2001953125,4558.89990234375,4569.10009765625,1669
2026-05-21 01:30:00+00:00,4568.7001953125,4572.39990234375,4563.60009765625,4569.7001953125,1132
2026-05-21 01:45:00+00:00,4569.39990234375,4570.10009765625,4560.7001953125,4562.89990234375,891
2026-05-21 02:00:00+00:00,4562.60009765625,4566.7998046875,4552.60009765625,4554.2001953125,822
2026-05-21 02:15:00+00:00,4553.5,4555.10009765625,4541.60009765625,4542.10009765625,1182
2026-05-21 02:30:00+00:00,4541.7998046875,4544.39990234375,4535.7001953125,4538.0,1224
2026-05-21 02:45:00+00:00,4537.7998046875,4538.60009765625,4533.2001953125,4535.2998046875,520
2026-05-21 03:00:00+00:00,4534.60009765625,4540.5,4532.5,4539.2998046875,702
2026-05-21 03:15:00+00:00,4539.39990234375,4541.7001953125,4534.7001953125,4537.60009765625,343
2026-05-21 03:30:00+00:00,4537.39990234375,4539.0,4533.10009765625,4535.2998046875,372
2026-05-21 03:45:00+00:00,4535.7001953125,4536.0,4528.2998046875,4529.89990234375,840
2026-05-21 04:00:00+00:00,4529.39990234375,4537.60009765625,4528.39990234375,4537.5,627
2026-05-21 04:15:00+00:00,4537.7998046875,4541.39990234375,4535.7001953125,4541.0,475
2026-05-21 04:30:00+00:00,4541.2001953125,4541.60009765625,4535.10009765625,4538.2998046875,350
2026-05-21 04:45:00+00:00,4538.2001953125,4540.2998046875,4536.5,4540.0,177
2026-05-21 05:00:00+00:00,4539.7998046875,4541.60009765625,4531.0,4532.39990234375,407
2026-05-21 05:15:00+00:00,4531.89990234375,4532.5,4522.7998046875,4524.0,1241
2026-05-21 05:30:00+00:00,4524.5,4528.2001953125,4519.0,4526.7998046875,838
2026-05-21 05:45:00+00:00,4526.60009765625,4531.0,4519.10009765625,4528.89990234375,767
2026-05-21 06:00:00+00:00,4528.0,4536.5,4527.5,4532.7001953125,1235
2026-05-21 06:15:00+00:00,4532.10009765625,4541.2001953125,4529.2998046875,4534.10009765625,1416
2026-05-21 06:30:00+00:00,4534.10009765625,4536.10009765625,4523.89990234375,4526.0,1202
2026-05-21 06:45:00+00:00,4525.89990234375,4527.39990234375,4520.0,4523.10009765625,848
2026-05-21 07:00:00+00:00,4522.89990234375,4525.7998046875,4518.7998046875,4522.2001953125,767
2026-05-21 07:15:00+00:00,4521.39990234375,4524.5,4513.2001953125,4514.2001953125,1112
2026-05-21 07:30:00+00:00,4514.2998046875,4519.0,4513.2998046875,4517.39990234375,1605
2026-05-21 07:45:00+00:00,4517.60009765625,4524.5,4515.39990234375,4520.7998046875,1207
2026-05-21 08:00:00+00:00,4520.89990234375,4537.2001953125,4519.2001953125,4535.2998046875,1673
2026-05-21 08:15:00+00:00,4535.7998046875,4538.2001953125,4530.2001953125,4536.7998046875,1587
2026-05-21 08:30:00+00:00,4536.89990234375,4536.89990234375,4528.10009765625,4531.2998046875,1187
2026-05-21 08:45:00+00:00,4530.60009765625,4536.10009765625,4529.2001953125,4534.2998046875,666
2026-05-21 09:00:00+00:00,4533.7001953125,4541.89990234375,4533.0,4539.0,820
2026-05-21 09:15:00+00:00,4539.10009765625,4543.89990234375,4536.5,4538.39990234375,1210
2026-05-21 09:30:00+00:00,4538.0,4544.2001953125,4530.7001953125,4531.0,1544
2026-05-21 09:45:00+00:00,4530.7998046875,4534.2998046875,4528.7998046875,4531.7001953125,691
2026-05-21 10:00:00+00:00,4531.60009765625,4537.60009765625,4531.10009765625,4533.5,1038
2026-05-21 10:15:00+00:00,4533.7001953125,4536.0,4511.39990234375,4519.2998046875,2427
2026-05-21 10:30:00+00:00,4519.2998046875,4519.39990234375,4505.7001953125,4518.39990234375,2653
2026-05-21 10:45:00+00:00,4517.7998046875,4518.7998046875,4511.7998046875,4511.89990234375,1056
2026-05-21 11:00:00+00:00,4512.2998046875,4521.10009765625,4511.39990234375,4517.10009765625,950
2026-05-21 11:15:00+00:00,4517.7998046875,4522.5,4513.5,4515.2001953125,938
2026-05-21 11:30:00+00:00,4515.2998046875,4516.89990234375,4508.7998046875,4513.39990234375,583
2026-05-21 11:45:00+00:00,4513.0,4518.2998046875,4511.89990234375,4515.0,534
2026-05-21 12:00:00+00:00,4515.2001953125,4520.2001953125,4514.7998046875,4515.5,1073
2026-05-21 12:15:00+00:00,4515.10009765625,4515.5,4503.2998046875,4507.5,1687
2026-05-21 12:30:00+00:00,4507.5,4518.7998046875,4505.2001953125,4516.10009765625,5999
2026-05-21 12:45:00+00:00,4516.2001953125,4519.10009765625,4501.39990234375,4505.0,2386
2026-05-21 13:00:00+00:00,4505.10009765625,4513.7001953125,4500.0,4502.7998046875,2609
2026-05-21 13:15:00+00:00,4503.0,4506.60009765625,4496.0,4502.0,2664
2026-05-21 13:30:00+00:00,4502.2001953125,4503.5,4488.2998046875,4498.7001953125,4440
2026-05-21 13:45:00+00:00,4498.39990234375,4522.2998046875,4495.60009765625,4513.7001953125,4603
2026-05-21 14:00:00+00:00,4514.10009765625,4516.7001953125,4504.10009765625,4509.5,9704
2026-05-21 14:15:00+00:00,4509.7998046875,4510.7998046875,4499.2001953125,4508.89990234375,3751
2026-05-21 14:30:00+00:00,4508.89990234375,4512.7001953125,4503.89990234375,4506.10009765625,3798
2026-05-21 14:45:00+00:00,4506.5,4512.0,4503.10009765625,4510.0,4821
2026-05-21 15:00:00+00:00,4510.5,4517.0,4498.0,4511.2998046875,2692
2026-05-21 15:15:00+00:00,4511.7001953125,4513.10009765625,4503.2001953125,4504.60009765625,5088
2026-05-21 15:30:00+00:00,4504.39990234375,4511.10009765625,4503.7001953125,4508.10009765625,4003
2026-05-21 15:45:00+00:00,4508.39990234375,4513.89990234375,4508.10009765625,4513.0,1930
2026-05-21 16:00:00+00:00,4513.2001953125,4522.39990234375,4513.10009765625,4518.60009765625,2391
2026-05-21 16:15:00+00:00,4518.7001953125,4520.0,4515.7998046875,4517.7998046875,3204
2026-05-21 16:30:00+00:00,4517.7001953125,4520.7001953125,4516.7998046875,4519.2998046875,898
2026-05-21 16:45:00+00:00,4519.2001953125,4521.89990234375,4517.5,4520.7001953125,881
2026-05-21 17:00:00+00:00,4521.0,4533.0,4515.0,4527.7001953125,3220
2026-05-21 17:15:00+00:00,4527.7001953125,4548.10009765625,4527.60009765625,4543.39990234375,6427
2026-05-21 17:30:00+00:00,4543.2998046875,4550.89990234375,4540.2998046875,4550.0,4042
2026-05-21 17:45:00+00:00,4550.39990234375,4561.2001953125,4546.5,4553.10009765625,2470
2026-05-21 18:00:00+00:00,4553.0,4557.7998046875,4544.5,4547.2001953125,1796
2026-05-21 18:15:00+00:00,4547.2998046875,4552.2998046875,4545.89990234375,4549.89990234375,804
2026-05-21 18:30:00+00:00,4549.7001953125,4551.10009765625,4544.2001953125,4547.0,807
2026-05-21 18:45:00+00:00,4546.60009765625,4547.5,4528.60009765625,4533.7001953125,2167
2026-05-21 19:00:00+00:00,4533.39990234375,4539.39990234375,4531.2998046875,4538.7998046875,785
2026-05-21 19:15:00+00:00,4539.5,4543.5,4539.0,4540.2001953125,569
2026-05-21 19:30:00+00:00,4540.10009765625,4544.39990234375,4539.7998046875,4540.2998046875,416
2026-05-21 19:45:00+00:00,4540.5,4545.0,4535.5,4544.10009765625,1406
2026-05-21 20:00:00+00:00,4543.89990234375,4545.89990234375,4542.0,4543.2998046875,596
2026-05-21 20:15:00+00:00,4542.89990234375,4543.39990234375,4540.89990234375,4542.39990234375,90
2026-05-21 20:30:00+00:00,4542.5,4543.2998046875,4541.2998046875,4541.7001953125,136
2026-05-21 20:45:00+00:00,4541.5,4544.7001953125,4540.7998046875,4544.2001953125,1695
2026-05-21 22:00:00+00:00,4544.2001953125,4547.0,4540.39990234375,4543.0,159
2026-05-21 22:15:00+00:00,4542.60009765625,4543.7001953125,4540.5,4541.2001953125,92
2026-05-21 22:30:00+00:00,4542.10009765625,4544.7001953125,4540.7998046875,4543.2998046875,145
2026-05-21 22:45:00+00:00,4543.7001953125,4544.10009765625,4541.7001953125,4544.10009765625,64
2026-05-21 23:00:00+00:00,4544.39990234375,4545.7998046875,4543.2001953125,4544.2001953125,89
2026-05-21 23:15:00+00:00,4544.39990234375,4545.2998046875,4535.60009765625,4541.2998046875,193
2026-05-21 23:30:00+00:00,4540.7998046875,4540.7998046875,4533.39990234375,4533.5,262
2026-05-21 23:45:00+00:00,4533.89990234375,4537.10009765625,4532.7001953125,4536.0,390
2026-05-22 00:00:00+00:00,4536.2001953125,4537.60009765625,4531.5,4532.0,332
2026-05-22 00:15:00+00:00,4532.2998046875,4538.2998046875,4530.89990234375,4537.60009765625,278
2026-05-22 00:30:00+00:00,4537.7998046875,4541.89990234375,4536.7998046875,4538.7001953125,564
2026-05-22 00:45:00+00:00,4539.39990234375,4539.39990234375,4526.5,4528.39990234375,619
2026-05-22 01:00:00+00:00,4527.60009765625,4537.2998046875,4524.10009765625,4530.89990234375,1000
2026-05-22 01:15:00+00:00,4530.89990234375,4534.5,4527.2998046875,4530.0,390
2026-05-22 01:30:00+00:00,4529.0,4530.60009765625,4521.7001953125,4526.10009765625,707
2026-05-22 01:45:00+00:00,4525.7001953125,4533.5,4525.7001953125,4526.7001953125,431
2026-05-22 02:00:00+00:00,4526.89990234375,4530.39990234375,4522.39990234375,4528.7998046875,578
2026-05-22 02:15:00+00:00,4528.89990234375,4529.60009765625,4523.2001953125,4525.39990234375,247
2026-05-22 02:30:00+00:00,4524.7998046875,4525.5,4519.39990234375,4524.2001953125,557
2026-05-22 02:45:00+00:00,4524.10009765625,4528.2001953125,4520.39990234375,4523.7998046875,500
2026-05-22 03:00:00+00:00,4523.89990234375,4526.0,4521.2001953125,4521.39990234375,363
2026-05-22 03:15:00+00:00,4521.39990234375,4523.60009765625,4519.7001953125,4522.39990234375,379
2026-05-22 03:30:00+00:00,4522.7001953125,4528.39990234375,4522.2998046875,4527.2998046875,893
2026-05-22 03:45:00+00:00,4527.89990234375,4530.5,4527.2001953125,4529.89990234375,254
2026-05-22 04:00:00+00:00,4530.60009765625,4531.2998046875,4528.7001953125,4530.2998046875,406
2026-05-22 04:15:00+00:00,4530.2998046875,4533.7998046875,4528.39990234375,4533.2001953125,247
2026-05-22 04:30:00+00:00,4533.2001953125,4533.7998046875,4526.60009765625,4530.2998046875,351
2026-05-22 04:45:00+00:00,4529.7998046875,4531.2001953125,4528.0,4528.10009765625,148
2026-05-22 05:00:00+00:00,4528.39990234375,4530.5,4524.2998046875,4526.5,301
2026-05-22 05:15:00+00:00,4526.10009765625,4529.7998046875,4524.5,4527.39990234375,377
2026-05-22 05:30:00+00:00,4526.39990234375,4535.2998046875,4526.0,4534.7001953125,606
2026-05-22 05:45:00+00:00,4535.0,4535.39990234375,4508.2001953125,4512.39990234375,1700
2026-05-22 06:00:00+00:00,4511.89990234375,4525.0,4511.10009765625,4522.5,1306
2026-05-22 06:15:00+00:00,4522.2001953125,4527.0,4517.10009765625,4525.89990234375,1117
2026-05-22 06:30:00+00:00,4526.0,4528.2998046875,4522.2998046875,4527.60009765625,754
2026-05-22 06:45:00+00:00,4527.60009765625,4529.60009765625,4524.7001953125,4527.7001953125,1090
2026-05-22 07:00:00+00:00,4527.2001953125,4527.7001953125,4521.60009765625,4523.2001953125,1116
2026-05-22 07:15:00+00:00,4523.2001953125,4528.2001953125,4522.7001953125,4526.2001953125,950
2026-05-22 07:30:00+00:00,4526.5,4526.5,4516.7001953125,4520.7998046875,803
2026-05-22 07:45:00+00:00,4520.2998046875,4524.10009765625,4518.2998046875,4522.7001953125,725
2026-05-22 08:00:00+00:00,4522.7001953125,4530.7001953125,4522.5,4525.2998046875,1295
2026-05-22 08:15:00+00:00,4525.5,4531.89990234375,4524.5,4527.39990234375,1404
2026-05-22 08:30:00+00:00,4528.0,4528.0,4516.89990234375,4523.10009765625,1261
2026-05-22 08:45:00+00:00,4523.5,4526.0,4522.2998046875,4522.89990234375,637
2026-05-22 09:00:00+00:00,4522.39990234375,4526.2998046875,4517.5,4517.89990234375,1087
2026-05-22 09:15:00+00:00,4517.60009765625,4521.10009765625,4515.7998046875,4518.2001953125,1176
2026-05-22 09:30:00+00:00,4518.10009765625,4527.0,4515.0,4525.5,1451
2026-05-22 09:45:00+00:00,4526.0,4536.7001953125,4524.89990234375,4532.89990234375,1589
2026-05-22 10:00:00+00:00,4532.89990234375,4537.60009765625,4530.2998046875,4534.60009765625,1071
2026-05-22 10:15:00+00:00,4534.7998046875,4535.10009765625,4525.39990234375,4525.7998046875,1457
2026-05-22 10:30:00+00:00,4525.39990234375,4526.2001953125,4513.5,4513.60009765625,2049
2026-05-22 10:45:00+00:00,4513.7001953125,4516.2998046875,4511.39990234375,4515.5,1112
2026-05-22 11:00:00+00:00,4515.7001953125,4518.2001953125,4514.5,4516.7001953125,711
2026-05-22 11:15:00+00:00,4516.39990234375,4516.39990234375,4512.2998046875,4512.60009765625,1180
2026-05-22 11:30:00+00:00,4512.5,4524.0,4512.0,4522.5,847
2026-05-22 11:45:00+00:00,4522.7001953125,4525.7998046875,4520.60009765625,4521.5,790
2026-05-22 12:00:00+00:00,4521.10009765625,4532.39990234375,4519.0,4530.5,2006
2026-05-22 12:15:00+00:00,4530.39990234375,4537.39990234375,4521.60009765625,4522.60009765625,2752
2026-05-22 12:30:00+00:00,4522.7998046875,4524.7001953125,4515.7001953125,4519.60009765625,1570
2026-05-22 12:45:00+00:00,4519.5,4529.7001953125,4518.39990234375,4529.5,4097
2026-05-22 13:00:00+00:00,4529.60009765625,4535.7001953125,4521.60009765625,4529.10009765625,2505
2026-05-22 13:15:00+00:00,4529.39990234375,4531.0,4521.7998046875,4522.89990234375,1741
2026-05-22 13:30:00+00:00,4522.60009765625,4528.10009765625,4511.2001953125,4518.39990234375,3637
2026-05-22 13:45:00+00:00,4518.0,4519.7001953125,4510.0,4514.5,2446
2026-05-22 14:00:00+00:00,4514.5,4515.0,4488.0,4498.0,5356
2026-05-22 14:15:00+00:00,4497.7998046875,4501.39990234375,4488.89990234375,4499.10009765625,3794
2026-05-22 14:30:00+00:00,4499.7001953125,4507.39990234375,4497.7998046875,4505.10009765625,3579
2026-05-22 14:45:00+00:00,4504.89990234375,4508.2998046875,4501.2001953125,4501.39990234375,2233
2026-05-22 15:00:00+00:00,4501.60009765625,4512.7998046875,4501.0,4511.60009765625,1598
2026-05-22 15:15:00+00:00,4512.0,4519.89990234375,4511.60009765625,4519.89990234375,2335
2026-05-22 15:30:00+00:00,4520.0,4522.89990234375,4518.0,4518.7998046875,1658
2026-05-22 15:45:00+00:00,4519.2001953125,4523.2001953125,4515.39990234375,4521.0,2346
2026-05-22 16:00:00+00:00,4521.2998046875,4521.60009765625,4517.89990234375,4520.39990234375,1519
2026-05-22 16:15:00+00:00,4520.2998046875,4526.0,4517.7001953125,4525.39990234375,1439
2026-05-22 16:30:00+00:00,4525.10009765625,4528.39990234375,4512.7998046875,4516.0,1550
2026-05-22 16:45:00+00:00,4515.89990234375,4519.5,4513.60009765625,4516.2998046875,1207
2026-05-22 17:00:00+00:00,4516.5,4522.89990234375,4516.2001953125,4520.7998046875,1460
2026-05-22 17:15:00+00:00,4520.7998046875,4527.60009765625,4514.5,4526.89990234375,3703
2026-05-22 17:30:00+00:00,4526.7998046875,4529.89990234375,4521.10009765625,4523.39990234375,1737
2026-05-22 17:45:00+00:00,4523.89990234375,4524.2001953125,4520.10009765625,4520.2001953125,441
2026-05-22 18:00:00+00:00,4520.5,4521.0,4513.5,4515.7001953125,1026
2026-05-22 18:15:00+00:00,4515.39990234375,4519.60009765625,4514.0,4517.2001953125,643
2026-05-22 18:30:00+00:00,4517.0,4522.7001953125,4515.7001953125,4516.7998046875,914
2026-05-22 18:45:00+00:00,4517.2001953125,4517.89990234375,4514.60009765625,4517.0,825
2026-05-22 19:00:00+00:00,4516.89990234375,4517.7001953125,4508.7001953125,4509.0,1191
2026-05-22 19:15:00+00:00,4509.0,4511.0,4508.0,4508.7001953125,412
2026-05-22 19:30:00+00:00,4509.10009765625,4512.60009765625,4505.60009765625,4511.39990234375,1224
2026-05-22 19:45:00+00:00,4511.2998046875,4511.5,4508.2998046875,4510.0,890
2026-05-22 20:00:00+00:00,4510.10009765625,4510.89990234375,4505.89990234375,4509.7001953125,441
2026-05-22 20:15:00+00:00,4509.7998046875,4511.89990234375,4508.2998046875,4511.89990234375,192
2026-05-22 20:30:00+00:00,4511.60009765625,4512.0,4505.7998046875,4506.2001953125,438
2026-05-22 20:45:00+00:00,4506.39990234375,4523.2001953125,4505.39990234375,4523.2001953125,550
2026-05-26 04:00:00+00:00,4542.7001953125,4543.60009765625,4536.2998046875,4538.2998046875,540
2026-05-26 04:15:00+00:00,4538.10009765625,4540.2001953125,4533.0,4533.0,627
2026-05-26 04:30:00+00:00,4533.2001953125,4533.7998046875,4525.60009765625,4526.7998046875,2765
2026-05-26 04:45:00+00:00,4526.60009765625,4529.60009765625,4523.89990234375,4526.10009765625,526
2026-05-26 05:00:00+00:00,4525.7998046875,4531.7998046875,4523.39990234375,4529.7001953125,700
2026-05-26 05:15:00+00:00,4529.7001953125,4531.89990234375,4529.2001953125,4531.7998046875,444
2026-05-26 05:30:00+00:00,4531.5,4535.60009765625,4528.2998046875,4529.89990234375,1063
2026-05-26 05:45:00+00:00,4529.60009765625,4530.2001953125,4524.0,4527.7998046875,866
2026-05-26 06:00:00+00:00,4527.89990234375,4533.2001953125,4527.39990234375,4532.0,868
2026-05-26 06:15:00+00:00,4532.0,4536.7001953125,4528.5,4530.7998046875,1645
2026-05-26 06:30:00+00:00,4530.7001953125,4534.39990234375,4529.2998046875,4534.2998046875,1244
2026-05-26 06:45:00+00:00,4534.2998046875,4534.5,4529.2001953125,4531.7998046875,1610
2026-05-26 07:00:00+00:00,4531.89990234375,4534.60009765625,4526.10009765625,4529.0,1599
2026-05-26 07:15:00+00:00,4528.60009765625,4531.89990234375,4522.2998046875,4530.0,988
2026-05-26 07:30:00+00:00,4530.10009765625,4530.10009765625,4521.7998046875,4527.0,1179
2026-05-26 07:45:00+00:00,4527.39990234375,4539.89990234375,4526.10009765625,4538.60009765625,1971
2026-05-26 08:00:00+00:00,4539.0,4539.60009765625,4527.0,4527.7001953125,2518
2026-05-26 08:15:00+00:00,4528.0,4530.2001953125,4520.7001953125,4522.89990234375,1951
2026-05-26 08:30:00+00:00,4522.39990234375,4526.7001953125,4520.2001953125,4525.60009765625,1847
2026-05-26 08:45:00+00:00,4525.5,4527.89990234375,4520.39990234375,4524.7001953125,1990
2026-05-26 09:00:00+00:00,4524.2998046875,4525.5,4519.2998046875,4520.7001953125,1689
2026-05-26 09:15:00+00:00,4520.60009765625,4527.2001953125,4518.2001953125,4525.2001953125,2011
2026-05-26 09:30:00+00:00,4525.2998046875,4525.2998046875,4512.2998046875,4513.60009765625,2601
2026-05-26 09:45:00+00:00,4513.39990234375,4523.89990234375,4513.2998046875,4523.10009765625,2132
2026-05-26 10:00:00+00:00,4523.0,4532.7001953125,4519.5,4529.5,3439
2026-05-26 10:15:00+00:00,4529.7998046875,4535.89990234375,4527.7998046875,4533.89990234375,2349
2026-05-26 10:30:00+00:00,4534.0,4539.2998046875,4531.7998046875,4533.60009765625,1863
2026-05-26 10:45:00+00:00,4533.7998046875,4540.89990234375,4533.7001953125,4534.89990234375,1920
2026-05-26 11:00:00+00:00,4535.10009765625,4537.0,4532.10009765625,4532.10009765625,1665
2026-05-26 11:15:00+00:00,4532.5,4533.2001953125,4522.89990234375,4523.7001953125,3221
2026-05-26 11:30:00+00:00,4523.89990234375,4524.0,4504.2998046875,4510.10009765625,6305
2026-05-26 11:45:00+00:00,4509.7998046875,4515.7998046875,4503.0,4507.5,3658
2026-05-26 12:00:00+00:00,4507.10009765625,4512.60009765625,4503.89990234375,4510.5,3710
2026-05-26 12:15:00+00:00,4510.10009765625,4515.89990234375,4503.7998046875,4506.2998046875,3514
2026-05-26 12:30:00+00:00,4506.2998046875,4512.0,4500.2001953125,4512.0,4797
2026-05-26 12:45:00+00:00,4512.10009765625,4524.2998046875,4510.2998046875,4520.7001953125,4706
2026-05-26 13:00:00+00:00,4520.60009765625,4526.7998046875,4516.5,4518.60009765625,5928
2026-05-26 13:15:00+00:00,4518.89990234375,4528.5,4518.60009765625,4522.7001953125,3297
2026-05-26 13:30:00+00:00,4523.0,4532.2998046875,4521.5,4528.0,4452
2026-05-26 13:45:00+00:00,4528.10009765625,4530.10009765625,4512.60009765625,4514.60009765625,6137
2026-05-26 14:00:00+00:00,4515.10009765625,4521.2998046875,4508.2998046875,4511.2001953125,4067
2026-05-26 14:15:00+00:00,4511.2998046875,4518.7998046875,4509.2001953125,4518.10009765625,7458
2026-05-26 14:30:00+00:00,4518.10009765625,4525.60009765625,4517.2001953125,4522.0,2965
2026-05-26 14:45:00+00:00,4521.89990234375,4522.89990234375,4512.89990234375,4515.60009765625,2217
2026-05-26 15:00:00+00:00,4515.60009765625,4515.7998046875,4508.39990234375,4509.7001953125,2748
2026-05-26 15:15:00+00:00,4509.60009765625,4511.2001953125,4505.2001953125,4506.2001953125,4065
2026-05-26 15:30:00+00:00,4506.7001953125,4509.5,4502.5,4508.7001953125,3391
2026-05-26 15:45:00+00:00,4508.5,4511.2998046875,4506.2001953125,4506.7001953125,3268
2026-05-26 16:00:00+00:00,4506.5,4508.60009765625,4499.2998046875,4502.0,1932
2026-05-26 16:15:00+00:00,4501.7998046875,4509.39990234375,4499.60009765625,4508.60009765625,2117
2026-05-26 16:30:00+00:00,4508.7001953125,4512.0,4506.5,4506.89990234375,2039
2026-05-26 16:45:00+00:00,4506.89990234375,4508.2001953125,4503.10009765625,4505.2001953125,1484
2026-05-26 17:00:00+00:00,4504.89990234375,4507.89990234375,4503.5,4503.7998046875,964
2026-05-26 17:15:00+00:00,4503.7998046875,4508.89990234375,4500.7001953125,4501.39990234375,9335
2026-05-26 17:30:00+00:00,4501.60009765625,4502.0,4494.60009765625,4498.5,6759
2026-05-26 17:45:00+00:00,4498.39990234375,4501.10009765625,4487.39990234375,4490.0,3878
2026-05-26 18:00:00+00:00,4490.0,4492.7998046875,4480.0,4486.60009765625,3928
2026-05-26 18:15:00+00:00,4486.39990234375,4495.60009765625,4485.7001953125,4495.10009765625,1622
2026-05-26 18:30:00+00:00,4494.60009765625,4497.89990234375,4493.7001953125,4495.60009765625,573
2026-05-26 18:45:00+00:00,4495.5,4499.2001953125,4495.5,4498.7001953125,841
2026-05-26 19:00:00+00:00,4499.0,4500.7001953125,4497.2001953125,4499.2998046875,627
2026-05-26 19:15:00+00:00,4499.2001953125,4505.0,4499.0,4502.10009765625,1233
2026-05-26 19:30:00+00:00,4502.0,4505.7001953125,4500.39990234375,4504.39990234375,1129
2026-05-26 19:45:00+00:00,4504.7001953125,4509.7998046875,4503.7001953125,4508.7001953125,1727
2026-05-26 20:00:00+00:00,4509.0,4511.7998046875,4506.10009765625,4507.7998046875,719
2026-05-26 20:15:00+00:00,4508.2001953125,4509.89990234375,4506.2998046875,4506.60009765625,650
2026-05-26 20:30:00+00:00,4507.10009765625,4510.0,4506.0,4508.89990234375,258
2026-05-26 20:45:00+00:00,4509.10009765625,4510.5,4504.2998046875,4507.2998046875,478
2026-05-26 22:00:00+00:00,4507.39990234375,4509.89990234375,4503.2998046875,4505.0,454
2026-05-26 22:15:00+00:00,4505.39990234375,4510.89990234375,4504.2998046875,4505.7998046875,174
2026-05-26 22:30:00+00:00,4506.2998046875,4506.89990234375,4498.89990234375,4501.2998046875,238
2026-05-26 22:45:00+00:00,4502.0,4512.7001953125,4499.89990234375,4510.89990234375,348
2026-05-26 23:00:00+00:00,4512.2998046875,4514.10009765625,4507.39990234375,4508.7001953125,125
2026-05-26 23:15:00+00:00,4509.39990234375,4511.7998046875,4504.7001953125,4511.7998046875,122
2026-05-26 23:30:00+00:00,4512.0,4526.7998046875,4511.0,4526.0,793
2026-05-26 23:45:00+00:00,4526.7998046875,4528.10009765625,4519.2001953125,4519.60009765625,291
2026-05-27 00:00:00+00:00,4517.39990234375,4525.7998046875,4517.0,4521.89990234375,192
2026-05-27 00:15:00+00:00,4520.89990234375,4521.5,4513.60009765625,4517.7998046875,139
2026-05-27 00:30:00+00:00,4517.5,4520.2998046875,4516.2998046875,4518.0,253
2026-05-27 00:45:00+00:00,4519.2001953125,4521.7001953125,4514.60009765625,4514.60009765625,146
2026-05-27 01:00:00+00:00,4516.7998046875,4520.2998046875,4512.10009765625,4519.0,298
2026-05-27 01:15:00+00:00,4519.2998046875,4520.2001953125,4514.0,4515.39990234375,205
2026-05-27 01:30:00+00:00,4514.39990234375,4516.2998046875,4508.60009765625,4509.2998046875,235
2026-05-27 01:45:00+00:00,4508.89990234375,4509.39990234375,4506.2001953125,4507.5,153
2026-05-27 02:00:00+00:00,4508.60009765625,4508.60009765625,4501.60009765625,4502.39990234375,208
2026-05-27 02:15:00+00:00,4503.7001953125,4505.10009765625,4498.39990234375,4505.10009765625,199
2026-05-27 02:30:00+00:00,4505.10009765625,4505.2998046875,4498.10009765625,4500.2998046875,170
2026-05-27 02:45:00+00:00,4498.89990234375,4506.39990234375,4497.7998046875,4505.2001953125,118
2026-05-27 03:00:00+00:00,4505.2998046875,4509.39990234375,4505.2001953125,4508.89990234375,79
2026-05-27 03:15:00+00:00,4508.7001953125,4510.39990234375,4504.7001953125,4504.7998046875,110
2026-05-27 03:30:00+00:00,4505.10009765625,4505.5,4501.0,4503.0,110
2026-05-27 03:45:00+00:00,4502.7001953125,4503.89990234375,4496.2001953125,4496.2998046875,108
2026-05-27 04:00:00+00:00,4496.0,4502.10009765625,4494.7998046875,4501.39990234375,184
2026-05-27 04:15:00+00:00,4501.5,4501.89990234375,4498.7001953125,4499.39990234375,112
2026-05-27 04:30:00+00:00,4498.2998046875,4507.7001953125,4496.89990234375,4507.7001953125,206
2026-05-27 04:45:00+00:00,4507.39990234375,4516.2001953125,4507.39990234375,4509.2998046875,356
2026-05-27 05:00:00+00:00,4508.7998046875,4512.7998046875,4507.89990234375,4508.0,343
2026-05-27 05:15:00+00:00,4506.10009765625,4506.39990234375,4503.39990234375,4505.7998046875,437
2026-05-27 05:30:00+00:00,4506.7998046875,4506.89990234375,4491.0,4492.5,549
2026-05-27 05:45:00+00:00,4491.7001953125,4500.5,4490.5,4496.5,474
2026-05-27 06:00:00+00:00,4496.39990234375,4497.7998046875,4492.2998046875,4492.89990234375,362
2026-05-27 06:15:00+00:00,4493.0,4494.7998046875,4483.0,4486.5,1058
2026-05-27 06:30:00+00:00,4485.5,4487.10009765625,4478.5,4486.60009765625,620
2026-05-27 06:45:00+00:00,4486.7001953125,4489.39990234375,4483.0,4484.5,822
2026-05-27 07:00:00+00:00,4485.2998046875,4487.5,4479.7001953125,4479.7998046875,385
2026-05-27 07:15:00+00:00,4479.5,4488.10009765625,4479.5,4485.5,882
2026-05-27 07:30:00+00:00,4485.39990234375,4520.60009765625,4484.89990234375,4514.39990234375,21316
2026-05-27 07:45:00+00:00,4514.39990234375,4515.7001953125,4505.89990234375,4513.2001953125,1896
2026-05-27 08:00:00+00:00,4513.10009765625,4520.5,4512.2001953125,4517.60009765625,1844
2026-05-27 08:15:00+00:00,4517.7998046875,4524.39990234375,4517.2998046875,4520.39990234375,1525
2026-05-27 08:30:00+00:00,4520.10009765625,4527.89990234375,4517.2998046875,4527.2998046875,1314
2026-05-27 08:45:00+00:00,4527.39990234375,4529.5,4523.7998046875,4528.7001953125,1927
2026-05-27 09:00:00+00:00,4528.5,4528.7001953125,4519.89990234375,4522.7998046875,2374
2026-05-27 09:15:00+00:00,4523.2001953125,4526.60009765625,4520.39990234375,4521.2001953125,1827
2026-05-27 09:30:00+00:00,4521.5,4523.60009765625,4517.89990234375,4520.0,2079
2026-05-27 09:45:00+00:00,4520.0,4524.7001953125,4519.7001953125,4521.7998046875,981
2026-05-27 10:00:00+00:00,4521.60009765625,4522.2998046875,4515.7001953125,4516.89990234375,2013
2026-05-27 10:15:00+00:00,4516.7998046875,4518.0,4507.7998046875,4508.2998046875,2158
2026-05-27 10:30:00+00:00,4508.2001953125,4508.60009765625,4492.2998046875,4496.2001953125,5478
2026-05-27 10:45:00+00:00,4495.7998046875,4497.2998046875,4472.7001953125,4476.2001953125,9837
2026-05-27 11:00:00+00:00,4476.2998046875,4483.89990234375,4473.39990234375,4481.2998046875,4568
2026-05-27 11:15:00+00:00,4481.2998046875,4482.7998046875,4469.2998046875,4470.89990234375,4492
2026-05-27 11:30:00+00:00,4471.0,4474.39990234375,4462.39990234375,4473.39990234375,3593
2026-05-27 11:45:00+00:00,4473.0,4474.7998046875,4454.2998046875,4458.2998046875,3982
2026-05-27 12:00:00+00:00,4458.5,4467.5,4458.10009765625,4460.10009765625,4032
2026-05-27 12:15:00+00:00,4460.10009765625,4496.5,4457.2998046875,4485.0,9808
2026-05-27 12:30:00+00:00,4484.89990234375,4490.39990234375,4475.0,4477.2998046875,4726
2026-05-27 12:45:00+00:00,4477.5,4478.5,4468.2001953125,4469.39990234375,4464
2026-05-27 13:00:00+00:00,4469.2001953125,4469.7001953125,4441.2001953125,4447.10009765625,7631
2026-05-27 13:15:00+00:00,4447.10009765625,4452.10009765625,4431.0,4434.0,9404
2026-05-27 13:30:00+00:00,4433.89990234375,4456.2998046875,4432.89990234375,4450.0,8541
2026-05-27 13:45:00+00:00,4450.2001953125,4465.39990234375,4449.10009765625,4458.2001953125,7387
2026-05-27 14:00:00+00:00,4458.10009765625,4487.2001953125,4457.0,4479.0,7688
2026-05-27 14:15:00+00:00,4479.60009765625,4486.7998046875,4471.39990234375,4476.89990234375,4352
2026-05-27 14:30:00+00:00,4476.7998046875,4480.60009765625,4466.60009765625,4474.5,4849
2026-05-27 14:45:00+00:00,4474.5,4477.7001953125,4464.60009765625,4465.60009765625,3421
2026-05-27 15:00:00+00:00,4465.39990234375,4470.10009765625,4459.5,4463.39990234375,4857
2026-05-27 15:15:00+00:00,4463.2998046875,4467.60009765625,4461.10009765625,4467.60009765625,2500
2026-05-27 15:30:00+00:00,4467.7001953125,4473.0,4464.60009765625,4465.7001953125,2862
2026-05-27 15:45:00+00:00,4465.7998046875,4470.10009765625,4462.2998046875,4468.0,1723
2026-05-27 16:00:00+00:00,4468.10009765625,4473.5,4465.60009765625,4471.7001953125,2832
2026-05-27 16:15:00+00:00,4472.0,4479.2001953125,4471.39990234375,4478.2998046875,2006
2026-05-27 16:30:00+00:00,4478.10009765625,4485.39990234375,4476.5,4482.2998046875,2114
2026-05-27 16:45:00+00:00,4482.2001953125,4484.89990234375,4480.7001953125,4482.39990234375,2267
2026-05-27 17:00:00+00:00,4482.39990234375,4483.39990234375,4472.7001953125,4475.39990234375,2450
2026-05-27 17:15:00+00:00,4475.89990234375,4482.7998046875,4474.7001953125,4481.2001953125,2909
2026-05-27 17:30:00+00:00,4481.5,4485.89990234375,4481.5,4482.10009765625,3324
2026-05-27 17:45:00+00:00,4482.39990234375,4485.7001953125,4481.5,4481.89990234375,1160
2026-05-27 18:00:00+00:00,4481.60009765625,4483.60009765625,4479.0,4481.39990234375,802
2026-05-27 18:15:00+00:00,4481.5,4490.0,4481.2998046875,4487.2998046875,1082
2026-05-27 18:30:00+00:00,4487.10009765625,4488.0,4482.89990234375,4484.7001953125,761
2026-05-27 18:45:00+00:00,4484.39990234375,4486.89990234375,4483.60009765625,4485.89990234375,296
2026-05-27 19:00:00+00:00,4486.0,4486.2998046875,4482.0,4483.5,968
2026-05-27 19:15:00+00:00,4483.5,4485.7001953125,4481.10009765625,4482.5,711
2026-05-27 19:30:00+00:00,4482.7998046875,4486.7001953125,4481.39990234375,4485.5,892
2026-05-27 19:45:00+00:00,4485.2001953125,4485.39990234375,4480.7001953125,4483.0,1184
2026-05-27 20:00:00+00:00,4482.7998046875,4487.0,4481.7998046875,4487.0,656
2026-05-27 20:15:00+00:00,4487.2001953125,4490.60009765625,4486.2998046875,4486.7001953125,465
2026-05-27 20:30:00+00:00,4486.7998046875,4487.60009765625,4483.2998046875,4485.2998046875,201
2026-05-27 20:45:00+00:00,4485.5,4488.5,4484.2001953125,4488.5,256
2026-05-27 22:00:00+00:00,4488.0,4502.0,4485.89990234375,4488.7998046875,279
2026-05-27 22:15:00+00:00,4488.0,4492.60009765625,4487.2001953125,4490.10009765625,275
2026-05-27 22:30:00+00:00,4490.10009765625,4492.89990234375,4485.5,4488.89990234375,473
2026-05-27 22:45:00+00:00,4488.7001953125,4489.0,4485.5,4488.0,165
2026-05-27 23:00:00+00:00,4487.7001953125,4488.2001953125,4481.89990234375,4484.5,325
2026-05-27 23:15:00+00:00,4483.89990234375,4485.7001953125,4479.39990234375,4481.10009765625,443
2026-05-27 23:30:00+00:00,4480.7001953125,4484.7001953125,4480.0,4481.2001953125,348
2026-05-27 23:45:00+00:00,4481.0,4481.0,4473.2001953125,4477.7001953125,725
2026-05-28 00:00:00+00:00,4477.39990234375,4482.89990234375,4475.0,4475.2998046875,358
2026-05-28 00:15:00+00:00,4475.2998046875,4485.10009765625,4474.39990234375,4476.60009765625,512
2026-05-28 00:30:00+00:00,4477.10009765625,4483.7998046875,4474.0,4482.60009765625,517
2026-05-28 00:45:00+00:00,4482.60009765625,4488.7998046875,4481.39990234375,4487.60009765625,415
2026-05-28 01:00:00+00:00,4487.89990234375,4489.5,4467.7998046875,4468.39990234375,1350
2026-05-28 01:15:00+00:00,4468.7001953125,4470.89990234375,4447.7001953125,4449.7998046875,2765
2026-05-28 01:30:00+00:00,4449.5,4457.2001953125,4446.39990234375,4448.2001953125,1352
2026-05-28 01:45:00+00:00,4447.89990234375,4450.89990234375,4437.2998046875,4440.39990234375,1364
2026-05-28 02:00:00+00:00,4441.60009765625,4443.2001953125,4426.7001953125,4433.5,2533
2026-05-28 02:15:00+00:00,4433.5,4439.0,4430.10009765625,4436.89990234375,1156
2026-05-28 02:30:00+00:00,4436.7998046875,4441.39990234375,4431.0,4432.7001953125,1339
2026-05-28 02:45:00+00:00,4432.2001953125,4432.7998046875,4423.0,4424.39990234375,1507
2026-05-28 03:00:00+00:00,4424.2001953125,4428.39990234375,4420.39990234375,4423.89990234375,1133
2026-05-28 03:15:00+00:00,4424.0,4424.60009765625,4411.7001953125,4417.89990234375,2013
2026-05-28 03:30:00+00:00,4417.89990234375,4417.89990234375,4400.2998046875,4406.7998046875,1969
2026-05-28 03:45:00+00:00,4406.2001953125,4409.0,4398.0,4405.2998046875,1081
2026-05-28 04:00:00+00:00,4404.2001953125,4411.7998046875,4398.89990234375,4405.7998046875,1144
2026-05-28 04:15:00+00:00,4405.7998046875,4407.0,4395.60009765625,4398.10009765625,851
2026-05-28 04:30:00+00:00,4398.2001953125,4404.5,4398.2001953125,4403.60009765625,689
2026-05-28 04:45:00+00:00,4403.2001953125,4404.5,4397.39990234375,4402.2001953125,808
2026-05-28 05:00:00+00:00,4402.7001953125,4406.2998046875,4396.10009765625,4404.10009765625,1307
2026-05-28 05:15:00+00:00,4404.39990234375,4409.0,4400.7001953125,4407.2998046875,797
2026-05-28 05:30:00+00:00,4407.7001953125,4422.5,4403.7001953125,4418.60009765625,2006
2026-05-28 05:45:00+00:00,4418.89990234375,4425.5,4416.7001953125,4417.10009765625,1177
2026-05-28 06:00:00+00:00,4417.2001953125,4419.89990234375,4403.89990234375,4405.2998046875,1865
2026-05-28 06:15:00+00:00,4405.7001953125,4414.5,4403.7998046875,4410.2001953125,1298
2026-05-28 06:30:00+00:00,4409.60009765625,4415.0,4406.7001953125,4409.7998046875,960
2026-05-28 06:45:00+00:00,4409.7998046875,4414.39990234375,4408.89990234375,4413.2998046875,614
2026-05-28 07:00:00+00:00,4413.60009765625,4422.2001953125,4413.60009765625,4418.60009765625,1240
2026-05-28 07:15:00+00:00,4418.7998046875,4426.0,4415.7998046875,4422.39990234375,1759
2026-05-28 07:30:00+00:00,4422.39990234375,4423.7001953125,4414.89990234375,4418.60009765625,1185
2026-05-28 07:45:00+00:00,4419.2998046875,4420.60009765625,4412.39990234375,4417.2001953125,1384
2026-05-28 08:00:00+00:00,4417.5,4424.7998046875,4415.89990234375,4422.5,1065
2026-05-28 08:15:00+00:00,4422.89990234375,4424.39990234375,4417.0,4418.89990234375,868
2026-05-28 08:30:00+00:00,4419.0,4424.39990234375,4415.7998046875,4419.89990234375,1029
2026-05-28 08:45:00+00:00,4419.7998046875,4421.39990234375,4415.60009765625,4416.7998046875,772
2026-05-28 09:00:00+00:00,4416.2998046875,4421.2998046875,4416.10009765625,4419.2998046875,954
2026-05-28 09:15:00+00:00,4419.0,4429.0,4418.39990234375,4426.2001953125,1491
2026-05-28 09:30:00+00:00,4426.0,4426.7998046875,4420.2998046875,4421.2001953125,1082
2026-05-28 09:45:00+00:00,4421.5,4426.60009765625,4419.89990234375,4424.0,587
2026-05-28 10:00:00+00:00,4424.10009765625,4434.2998046875,4421.7998046875,4429.39990234375,1322
2026-05-28 10:15:00+00:00,4429.7998046875,4432.7001953125,4423.89990234375,4431.60009765625,753
2026-05-28 10:30:00+00:00,4431.10009765625,4432.60009765625,4418.0,4419.2998046875,1068
2026-05-28 10:45:00+00:00,4419.0,4419.2001953125,4405.5,4413.60009765625,2820
2026-05-28 11:00:00+00:00,4413.0,4419.5,4412.0,4417.2998046875,920
2026-05-28 11:15:00+00:00,4416.89990234375,4421.0,4414.5,4415.2998046875,874
2026-05-28 11:30:00+00:00,4415.0,4420.60009765625,4410.89990234375,4415.89990234375,1021
2026-05-28 11:45:00+00:00,4415.5,4418.5,4411.10009765625,4418.2001953125,792
2026-05-28 12:00:00+00:00,4417.89990234375,4423.5,4417.89990234375,4422.60009765625,1214
2026-05-28 12:15:00+00:00,4422.60009765625,4423.0,4409.7998046875,4415.0,1822
2026-05-28 12:30:00+00:00,4415.39990234375,4433.7001953125,4412.7998046875,4433.10009765625,3477
2026-05-28 12:45:00+00:00,4432.7001953125,4464.0,4432.0,4461.89990234375,5279
2026-05-28 13:00:00+00:00,4462.2998046875,4469.39990234375,4455.0,4456.7001953125,5082
2026-05-28 13:15:00+00:00,4457.0,4464.7998046875,4455.89990234375,4458.7998046875,2038
2026-05-28 13:30:00+00:00,4459.5,4460.89990234375,4448.0,4452.39990234375,3317
2026-05-28 13:45:00+00:00,4452.10009765625,4464.7998046875,4451.7998046875,4460.60009765625,2398
2026-05-28 14:00:00+00:00,4460.10009765625,4498.89990234375,4450.60009765625,4495.2001953125,7767
2026-05-28 14:15:00+00:00,4495.10009765625,4504.39990234375,4481.7001953125,4491.7998046875,6778
2026-05-28 14:30:00+00:00,4491.7998046875,4502.39990234375,4483.2998046875,4499.60009765625,4881
2026-05-28 14:45:00+00:00,4499.89990234375,4511.39990234375,4492.60009765625,4500.2998046875,6004
2026-05-28 15:00:00+00:00,4500.7001953125,4511.2998046875,4499.39990234375,4501.60009765625,2787
2026-05-28 15:15:00+00:00,4501.89990234375,4513.60009765625,4499.89990234375,4507.10009765625,1940
2026-05-28 15:30:00+00:00,4507.7998046875,4515.89990234375,4507.0,4509.5,2199
2026-05-28 15:45:00+00:00,4509.89990234375,4512.7998046875,4508.7998046875,4512.5,946
2026-05-28 16:00:00+00:00,4512.89990234375,4516.2998046875,4507.5,4514.89990234375,1707
2026-05-28 16:15:00+00:00,4515.2001953125,4533.89990234375,4514.60009765625,4531.0,4150
2026-05-28 16:30:00+00:00,4531.2998046875,4537.10009765625,4528.0,4535.0,2540
2026-05-28 16:45:00+00:00,4535.2001953125,4542.0,4534.89990234375,4541.7998046875,2285
2026-05-28 17:00:00+00:00,4541.89990234375,4545.39990234375,4534.0,4534.7001953125,2243
2026-05-28 17:15:00+00:00,4534.7001953125,4537.39990234375,4531.5,4532.5,3490
2026-05-28 17:30:00+00:00,4532.60009765625,4537.7001953125,4532.60009765625,4535.39990234375,900
2026-05-28 17:45:00+00:00,4535.5,4540.2998046875,4535.2001953125,4539.2001953125,898
2026-05-28 18:00:00+00:00,4539.2001953125,4547.10009765625,4536.39990234375,4538.0,1403
2026-05-28 18:15:00+00:00,4538.2998046875,4543.7001953125,4536.0,4537.0,1360
2026-05-28 18:30:00+00:00,4537.2001953125,4537.2001953125,4531.5,4532.60009765625,1022
2026-05-28 18:45:00+00:00,4532.7001953125,4534.5,4529.2998046875,4532.5,991
2026-05-28 19:00:00+00:00,4532.2001953125,4534.60009765625,4529.2998046875,4530.5,778
2026-05-28 19:15:00+00:00,4530.2998046875,4533.89990234375,4530.2998046875,4530.7998046875,552
2026-05-28 19:30:00+00:00,4530.7998046875,4532.7001953125,4530.0,4530.2998046875,638
2026-05-28 19:45:00+00:00,4530.39990234375,4531.39990234375,4528.0,4528.7001953125,1519
2026-05-28 20:00:00+00:00,4528.7001953125,4529.2998046875,4525.60009765625,4527.7998046875,646
2026-05-28 20:15:00+00:00,4527.7001953125,4531.5,4527.0,4530.0,483
2026-05-28 20:30:00+00:00,4529.7001953125,4531.7001953125,4525.7998046875,4526.60009765625,415
2026-05-28 20:45:00+00:00,4526.2998046875,4527.7998046875,4525.7998046875,4527.2998046875,248
2026-05-28 22:00:00+00:00,4527.60009765625,4530.2998046875,4522.2998046875,4524.2998046875,242
2026-05-28 22:15:00+00:00,4524.5,4527.0,4523.60009765625,4526.39990234375,122
2026-05-28 22:30:00+00:00,4526.2998046875,4527.0,4523.60009765625,4526.60009765625,119
2026-05-28 22:45:00+00:00,4526.0,4527.10009765625,4521.60009765625,4521.7001953125,227
2026-05-28 23:00:00+00:00,4522.5,4526.5,4521.7001953125,4525.7998046875,159
2026-05-28 23:15:00+00:00,4525.7998046875,4527.89990234375,4522.39990234375,4523.10009765625,191
2026-05-28 23:30:00+00:00,4522.89990234375,4525.39990234375,4519.7001953125,4520.7001953125,433
2026-05-28 23:45:00+00:00,4520.5,4527.2001953125,4519.5,4525.60009765625,460
2026-05-29 00:00:00+00:00,4525.5,4529.0,4522.5,4527.89990234375,708
2026-05-29 00:15:00+00:00,4527.7998046875,4531.5,4526.2998046875,4530.2998046875,526
2026-05-29 00:30:00+00:00,4530.60009765625,4530.89990234375,4523.5,4528.7001953125,468
2026-05-29 00:45:00+00:00,4528.5,4528.60009765625,4523.5,4525.2998046875,354
2026-05-29 01:00:00+00:00,4526.0,4545.7998046875,4522.7001953125,4545.2001953125,1881
2026-05-29 01:15:00+00:00,4545.39990234375,4551.2001953125,4535.5,4535.5,1605
2026-05-29 01:30:00+00:00,4535.39990234375,4538.60009765625,4532.7998046875,4536.60009765625,811
2026-05-29 01:45:00+00:00,4536.10009765625,4538.0,4531.10009765625,4536.89990234375,736
2026-05-29 02:00:00+00:00,4536.60009765625,4541.39990234375,4534.39990234375,4537.2001953125,604
2026-05-29 02:15:00+00:00,4537.2998046875,4539.2001953125,4531.5,4533.39990234375,675
2026-05-29 02:30:00+00:00,4533.10009765625,4538.0,4528.39990234375,4535.2998046875,704
2026-05-29 02:45:00+00:00,4535.10009765625,4538.2998046875,4531.5,4531.7001953125,351
2026-05-29 03:00:00+00:00,4532.0,4532.2001953125,4525.2001953125,4527.10009765625,841
2026-05-29 03:15:00+00:00,4527.2001953125,4529.89990234375,4525.39990234375,4526.7998046875,418
2026-05-29 03:30:00+00:00,4527.60009765625,4529.7998046875,4525.39990234375,4528.5,398
2026-05-29 03:45:00+00:00,4529.0,4532.0,4526.89990234375,4530.89990234375,325
2026-05-29 04:00:00+00:00,4531.39990234375,4535.89990234375,4531.39990234375,4532.60009765625,408
2026-05-29 04:15:00+00:00,4532.60009765625,4542.39990234375,4532.60009765625,4539.89990234375,674
2026-05-29 04:30:00+00:00,4539.89990234375,4541.7998046875,4538.7998046875,4541.2001953125,521
2026-05-29 04:45:00+00:00,4541.5,4545.39990234375,4538.7998046875,4544.7001953125,823
2026-05-29 05:00:00+00:00,4544.60009765625,4546.2001953125,4539.7001953125,4542.89990234375,428
2026-05-29 05:15:00+00:00,4542.5,4543.0,4540.39990234375,4540.5,201
2026-05-29 05:30:00+00:00,4540.39990234375,4543.5,4533.0,4537.5,1085
2026-05-29 05:45:00+00:00,4537.10009765625,4547.0,4534.89990234375,4545.7998046875,1811
2026-05-29 06:00:00+00:00,4546.10009765625,4553.5,4541.89990234375,4546.5,2331
2026-05-29 06:15:00+00:00,4546.2998046875,4552.0,4540.7001953125,4547.5,915
2026-05-29 06:30:00+00:00,4547.60009765625,4551.5,4542.0,4547.2998046875,822
2026-05-29 06:45:00+00:00,4547.60009765625,4554.89990234375,4546.10009765625,4554.39990234375,897
2026-05-29 07:00:00+00:00,4554.2001953125,4554.7001953125,4546.5,4546.7001953125,1033
2026-05-29 07:15:00+00:00,4546.7998046875,4547.7998046875,4541.2998046875,4544.7998046875,785
2026-05-29 07:30:00+00:00,4544.60009765625,4557.0,4543.5,4556.0,2672
2026-05-29 07:45:00+00:00,4555.89990234375,4557.2001953125,4552.5,4555.5,1340
2026-05-29 08:00:00+00:00,4555.0,4555.5,4544.7998046875,4546.0,1243
2026-05-29 08:15:00+00:00,4545.60009765625,4548.7001953125,4543.2001953125,4548.10009765625,1027
2026-05-29 08:30:00+00:00,4547.7001953125,4548.7001953125,4544.2998046875,4545.2001953125,770
2026-05-29 08:45:00+00:00,4545.0,4546.89990234375,4540.0,4544.7001953125,865
2026-05-29 09:00:00+00:00,4545.2001953125,4561.2998046875,4543.39990234375,4559.7998046875,1416
2026-05-29 09:15:00+00:00,4560.0,4563.10009765625,4552.7001953125,4559.5,1221
2026-05-29 09:30:00+00:00,4559.39990234375,4563.89990234375,4554.89990234375,4563.2001953125,2333
2026-05-29 09:45:00+00:00,4563.5,4571.2001953125,4560.7998046875,4562.0,2632
2026-05-29 10:00:00+00:00,4562.0,4562.10009765625,4556.39990234375,4559.5,721
2026-05-29 10:15:00+00:00,4559.2998046875,4561.7998046875,4556.60009765625,4561.60009765625,460
2026-05-29 10:30:00+00:00,4561.7001953125,4574.39990234375,4561.39990234375,4569.0,1782
2026-05-29 10:45:00+00:00,4569.2998046875,4572.2001953125,4566.39990234375,4569.60009765625,694
2026-05-29 11:00:00+00:00,4569.39990234375,4571.7001953125,4562.0,4563.60009765625,724
2026-05-29 11:15:00+00:00,4563.0,4565.60009765625,4557.7001953125,4558.7001953125,1148
2026-05-29 11:30:00+00:00,4559.0,4562.39990234375,4556.7001953125,4561.89990234375,883
2026-05-29 11:45:00+00:00,4562.0,4569.7001953125,4558.2001953125,4569.10009765625,1272
2026-05-29 12:00:00+00:00,4569.2001953125,4569.2998046875,4557.2998046875,4559.5,1421
2026-05-29 12:15:00+00:00,4559.2001953125,4562.5,4550.2998046875,4553.10009765625,1561
2026-05-29 12:30:00+00:00,4552.89990234375,4554.0,4543.60009765625,4545.2001953125,2035
2026-05-29 12:45:00+00:00,4545.0,4554.7998046875,4543.39990234375,4554.0,1382
2026-05-29 13:00:00+00:00,4553.60009765625,4557.39990234375,4547.5,4553.2998046875,2031
2026-05-29 13:15:00+00:00,4553.7001953125,4560.0,4551.89990234375,4558.7998046875,1285
2026-05-29 13:30:00+00:00,4558.89990234375,4566.10009765625,4553.0,4563.7998046875,2531
2026-05-29 13:45:00+00:00,4563.89990234375,4571.0,4559.7001953125,4567.2998046875,2457
2026-05-29 14:00:00+00:00,4567.0,4584.0,4565.2001953125,4575.0,4942
2026-05-29 14:15:00+00:00,4575.10009765625,4576.2998046875,4557.0,4561.0,3181
2026-05-29 14:30:00+00:00,4560.7001953125,4573.2001953125,4556.10009765625,4571.2998046875,2666
2026-05-29 14:45:00+00:00,4571.5,4604.10009765625,4567.60009765625,4595.2001953125,7206
2026-05-29 15:00:00+00:00,4596.10009765625,4627.10009765625,4595.39990234375,4621.5,10004
2026-05-29 15:15:00+00:00,4621.7998046875,4623.2998046875,4609.2001953125,4610.0,4821
2026-05-29 15:30:00+00:00,4609.89990234375,4614.7001953125,4592.2998046875,4597.89990234375,4222
2026-05-29 15:45:00+00:00,4597.89990234375,4602.5,4587.2998046875,4602.10009765625,2257
2026-05-29 16:00:00+00:00,4602.10009765625,4602.89990234375,4590.5,4594.5,1772
2026-05-29 16:15:00+00:00,4594.0,4599.0,4591.10009765625,4593.89990234375,1079
2026-05-29 16:30:00+00:00,4593.7001953125,4604.5,4592.7001953125,4600.5,2149
2026-05-29 16:45:00+00:00,4600.2998046875,4600.2998046875,4591.7001953125,4597.7001953125,1344
2026-05-29 17:00:00+00:00,4597.7998046875,4599.2998046875,4593.7998046875,4594.89990234375,992
2026-05-29 17:15:00+00:00,4595.10009765625,4597.7998046875,4590.89990234375,4592.7001953125,2600
2026-05-29 17:30:00+00:00,4592.5,4593.10009765625,4583.89990234375,4584.7998046875,1368
2026-05-29 17:45:00+00:00,4585.2001953125,4588.5,4582.39990234375,4584.39990234375,822
2026-05-29 18:00:00+00:00,4584.2001953125,4589.7001953125,4583.5,4589.2001953125,698
2026-05-29 18:15:00+00:00,4589.2001953125,4591.5,4586.39990234375,4590.2998046875,708
2026-05-29 18:30:00+00:00,4590.60009765625,4592.7001953125,4588.60009765625,4589.10009765625,422
2026-05-29 18:45:00+00:00,4589.0,4589.10009765625,4581.60009765625,4584.2001953125,992
2026-05-29 19:00:00+00:00,4584.2998046875,4591.39990234375,4583.39990234375,4589.7998046875,755
2026-05-29 19:15:00+00:00,4589.2998046875,4590.39990234375,4586.10009765625,4586.7998046875,877
2026-05-29 19:30:00+00:00,4586.60009765625,4587.5,4582.2998046875,4582.7001953125,922
2026-05-29 19:45:00+00:00,4582.7001953125,4582.89990234375,4574.10009765625,4576.7998046875,1552
2026-05-29 20:00:00+00:00,4576.89990234375,4580.7001953125,4574.10009765625,4579.60009765625,664
2026-05-29 20:15:00+00:00,4580.2001953125,4580.2998046875,4573.7001953125,4574.10009765625,268
2026-05-29 20:30:00+00:00,4573.89990234375,4575.7001953125,4572.7998046875,4575.2998046875,282
2026-05-29 20:45:00+00:00,4574.89990234375,4593.0,4567.2998046875,4593.0,583
2026-05-31 22:00:00+00:00,4555.2998046875,4566.0,4554.10009765625,4565.5,331
2026-05-31 22:15:00+00:00,4565.0,4567.60009765625,4561.7998046875,4563.89990234375,376
2026-05-31 22:30:00+00:00,4563.60009765625,4567.0,4561.2998046875,4566.2001953125,325
2026-05-31 22:45:00+00:00,4566.60009765625,4571.10009765625,4565.39990234375,4565.89990234375,340
2026-05-31 23:00:00+00:00,4566.2001953125,4574.0,4565.89990234375,4573.5,355
2026-05-31 23:15:00+00:00,4573.2998046875,4575.7998046875,4571.0,4575.7001953125,753
2026-05-31 23:30:00+00:00,4575.89990234375,4576.39990234375,4569.2998046875,4572.7001953125,442
2026-05-31 23:45:00+00:00,4572.2998046875,4576.0,4569.2001953125,4570.7001953125,400
2026-06-01 00:00:00+00:00,4570.5,4577.2998046875,4568.10009765625,4570.5,598
2026-06-01 00:15:00+00:00,4572.60009765625,4575.0,4568.7998046875,4573.7998046875,463
2026-06-01 00:30:00+00:00,4574.0,4575.7001953125,4565.5,4566.5,597
2026-06-01 00:45:00+00:00,4567.2998046875,4573.2001953125,4567.0,4571.39990234375,703
2026-06-01 01:00:00+00:00,4571.2001953125,4572.10009765625,4556.2998046875,4564.7001953125,1684
2026-06-01 01:15:00+00:00,4564.60009765625,4567.89990234375,4559.0,4559.7998046875,638
2026-06-01 01:30:00+00:00,4559.7001953125,4564.7998046875,4557.89990234375,4564.10009765625,512
2026-06-01 01:45:00+00:00,4563.7998046875,4564.39990234375,4554.39990234375,4556.2001953125,670
2026-06-01 02:00:00+00:00,4556.10009765625,4564.89990234375,4555.10009765625,4563.0,604
2026-06-01 02:15:00+00:00,4563.10009765625,4565.7001953125,4560.2998046875,4561.0,410
2026-06-01 02:30:00+00:00,4560.89990234375,4561.5,4552.60009765625,4553.60009765625,601
2026-06-01 02:45:00+00:00,4553.2998046875,4555.60009765625,4551.39990234375,4552.0,404
2026-06-01 03:00:00+00:00,4551.7001953125,4556.2998046875,4546.0,4549.0,992
2026-06-01 03:15:00+00:00,4549.0,4552.0,4543.5,4550.7001953125,735
2026-06-01 03:30:00+00:00,4550.7001953125,4554.7998046875,4540.2998046875,4541.2001953125,731
2026-06-01 03:45:00+00:00,4541.39990234375,4546.0,4540.2998046875,4546.0,345
2026-06-01 04:00:00+00:00,4546.89990234375,4550.10009765625,4543.0,4545.10009765625,583
2026-06-01 04:15:00+00:00,4545.5,4548.7998046875,4545.5,4546.10009765625,259
2026-06-01 04:30:00+00:00,4546.2998046875,4547.7998046875,4543.60009765625,4545.0,259
2026-06-01 04:45:00+00:00,4544.60009765625,4545.5,4537.60009765625,4544.7001953125,741
2026-06-01 05:00:00+00:00,4544.7998046875,4549.60009765625,4543.7998046875,4548.7001953125,361
2026-06-01 05:15:00+00:00,4548.2998046875,4553.5,4547.7998046875,4550.7998046875,486
2026-06-01 05:30:00+00:00,4550.7998046875,4552.2998046875,4542.7001953125,4549.7001953125,670
2026-06-01 05:45:00+00:00,4549.89990234375,4555.39990234375,4547.2001953125,4548.2001953125,572
2026-06-01 06:00:00+00:00,4548.10009765625,4548.60009765625,4542.10009765625,4544.2998046875,839
2026-06-01 06:15:00+00:00,4544.0,4546.5,4535.0,4544.2998046875,1426
2026-06-01 06:30:00+00:00,4544.60009765625,4545.0,4531.7998046875,4535.0,1053
2026-06-01 06:45:00+00:00,4534.10009765625,4535.2998046875,4529.10009765625,4531.7001953125,1049
2026-06-01 07:00:00+00:00,4531.60009765625,4540.2001953125,4530.7998046875,4537.39990234375,1226
2026-06-01 07:15:00+00:00,4537.89990234375,4538.39990234375,4532.7001953125,4533.60009765625,536
2026-06-01 07:30:00+00:00,4533.89990234375,4537.7001953125,4527.7001953125,4527.89990234375,857
2026-06-01 07:45:00+00:00,4528.0,4533.0,4522.10009765625,4532.7001953125,1831
2026-06-01 08:00:00+00:00,4533.0,4534.5,4523.2998046875,4525.5,1047
2026-06-01 08:15:00+00:00,4525.5,4526.7998046875,4519.60009765625,4525.60009765625,1196
2026-06-01 08:30:00+00:00,4525.7001953125,4530.2998046875,4522.5,4529.89990234375,731
2026-06-01 08:45:00+00:00,4529.7001953125,4532.2998046875,4525.2001953125,4527.39990234375,1132
2026-06-01 09:00:00+00:00,4527.60009765625,4530.39990234375,4527.5,4529.5,515
2026-06-01 09:15:00+00:00,4529.7998046875,4536.2001953125,4525.89990234375,4526.0,1083
2026-06-01 09:30:00+00:00,4525.7998046875,4528.7998046875,4518.60009765625,4528.2001953125,2395
2026-06-01 09:45:00+00:00,4527.7001953125,4528.10009765625,4523.5,4525.60009765625,871
2026-06-01 10:00:00+00:00,4525.89990234375,4532.0,4525.89990234375,4531.2998046875,556
2026-06-01 10:15:00+00:00,4531.10009765625,4533.5,4525.89990234375,4530.7998046875,702
2026-06-01 10:30:00+00:00,4530.7998046875,4537.2998046875,4530.39990234375,4535.7998046875,743
2026-06-01 10:45:00+00:00,4535.89990234375,4540.89990234375,4532.2998046875,4534.10009765625,939
2026-06-01 11:00:00+00:00,4534.2001953125,4536.60009765625,4529.7001953125,4534.7998046875,730
2026-06-01 11:15:00+00:00,4535.10009765625,4542.7998046875,4534.2001953125,4540.89990234375,1131
2026-06-01 11:30:00+00:00,4540.60009765625,4542.39990234375,4536.2998046875,4537.39990234375,769
2026-06-01 11:45:00+00:00,4537.39990234375,4540.0,4535.60009765625,4536.0,562
2026-06-01 12:00:00+00:00,4535.7998046875,4539.7998046875,4533.39990234375,4533.7001953125,893
2026-06-01 12:15:00+00:00,4533.60009765625,4537.89990234375,4527.60009765625,4535.60009765625,1658
2026-06-01 12:30:00+00:00,4535.5,4538.2998046875,4527.7998046875,4537.60009765625,1480
2026-06-01 12:45:00+00:00,4537.2998046875,4540.39990234375,4528.39990234375,4532.0,1363
2026-06-01 13:00:00+00:00,4532.2998046875,4533.7998046875,4501.89990234375,4513.89990234375,5827
2026-06-01 13:15:00+00:00,4513.60009765625,4519.10009765625,4491.7998046875,4494.39990234375,5450
2026-06-01 13:30:00+00:00,4494.7001953125,4508.5,4488.0,4496.60009765625,5606
2026-06-01 13:45:00+00:00,4497.10009765625,4499.0,4476.2001953125,4480.10009765625,4297
2026-06-01 14:00:00+00:00,4479.10009765625,4492.0,4476.0,4491.2001953125,5228
2026-06-01 14:15:00+00:00,4490.7998046875,4494.89990234375,4479.2001953125,4485.89990234375,3566
2026-06-01 14:30:00+00:00,4485.5,4491.2998046875,4483.5,4489.7001953125,2032
2026-06-01 14:45:00+00:00,4489.7001953125,4490.89990234375,4481.7001953125,4488.5,1448
2026-06-01 15:00:00+00:00,4489.0,4495.39990234375,4485.0,4494.10009765625,1849
2026-06-01 15:15:00+00:00,4494.2001953125,4500.39990234375,4493.0,4498.7001953125,2052
2026-06-01 15:30:00+00:00,4498.7001953125,4510.5,4498.60009765625,4502.5,4093
2026-06-01 15:45:00+00:00,4502.7001953125,4505.89990234375,4498.7998046875,4504.10009765625,1762
2026-06-01 16:00:00+00:00,4504.7001953125,4508.7998046875,4495.2001953125,4497.5,1886
2026-06-01 16:15:00+00:00,4497.10009765625,4500.0,4493.10009765625,4498.10009765625,1442
2026-06-01 16:30:00+00:00,4498.10009765625,4503.10009765625,4497.7001953125,4498.2001953125,1474
2026-06-01 16:45:00+00:00,4498.2001953125,4513.10009765625,4497.5,4510.60009765625,1719
2026-06-01 17:00:00+00:00,4510.89990234375,4511.39990234375,4501.39990234375,4505.2998046875,1496
2026-06-01 17:15:00+00:00,4505.10009765625,4513.2001953125,4502.2998046875,4512.7998046875,2411
2026-06-01 17:30:00+00:00,4513.2001953125,4521.2998046875,4510.60009765625,4521.2998046875,3393
2026-06-01 17:45:00+00:00,4521.60009765625,4525.60009765625,4517.0,4517.5,1559
2026-06-01 18:00:00+00:00,4517.39990234375,4520.2001953125,4516.2001953125,4518.5,397
2026-06-01 18:15:00+00:00,4518.2998046875,4520.10009765625,4516.2998046875,4516.39990234375,468
2026-06-01 18:30:00+00:00,4516.7001953125,4518.10009765625,4514.7998046875,4518.0,465
2026-06-01 18:45:00+00:00,4517.7001953125,4518.7998046875,4516.39990234375,4516.7998046875,302
2026-06-01 19:00:00+00:00,4516.5,4518.2001953125,4514.7001953125,4515.10009765625,535
2026-06-01 19:15:00+00:00,4515.39990234375,4516.5,4514.2001953125,4514.7001953125,480
2026-06-01 19:30:00+00:00,4515.0,4515.60009765625,4512.7001953125,4513.10009765625,538
2026-06-01 19:45:00+00:00,4513.2001953125,4514.2998046875,4509.10009765625,4511.10009765625,1122
2026-06-01 20:00:00+00:00,4511.2001953125,4514.7998046875,4510.2001953125,4513.39990234375,653
2026-06-01 20:15:00+00:00,4513.2998046875,4514.39990234375,4512.10009765625,4513.2001953125,404
2026-06-01 20:30:00+00:00,4513.10009765625,4514.7998046875,4512.2001953125,4512.60009765625,237
2026-06-01 20:45:00+00:00,4512.2998046875,4515.7001953125,4511.2001953125,4514.7998046875,387
2026-06-01 22:00:00+00:00,4515.7998046875,4517.89990234375,4511.39990234375,4514.10009765625,172
2026-06-01 22:15:00+00:00,4514.0,4515.2001953125,4510.60009765625,4511.2001953125,352
2026-06-01 22:30:00+00:00,4511.39990234375,4513.60009765625,4509.5,4511.10009765625,417
2026-06-01 22:45:00+00:00,4511.5,4516.5,4511.2998046875,4515.2998046875,376
2026-06-01 23:00:00+00:00,4515.2998046875,4518.0,4511.89990234375,4515.7001953125,376
2026-06-01 23:15:00+00:00,4516.5,4518.60009765625,4515.39990234375,4517.2001953125,171
2026-06-01 23:30:00+00:00,4517.2001953125,4517.2001953125,4510.7001953125,4513.60009765625,351
2026-06-01 23:45:00+00:00,4513.0,4515.60009765625,4508.2001953125,4514.2998046875,383
2026-06-02 00:00:00+00:00,4514.39990234375,4515.0,4506.2998046875,4510.89990234375,574
2026-06-02 00:15:00+00:00,4511.0,4523.60009765625,4510.89990234375,4523.0,825
2026-06-02 00:30:00+00:00,4523.2001953125,4526.7998046875,4514.5,4516.5,887
2026-06-02 00:45:00+00:00,4516.2998046875,4517.5,4510.60009765625,4511.0,355
2026-06-02 01:00:00+00:00,4510.7001953125,4521.60009765625,4501.0,4519.5,1222
2026-06-02 01:15:00+00:00,4519.7001953125,4522.0,4510.7001953125,4516.0,981
2026-06-02 01:30:00+00:00,4516.60009765625,4519.39990234375,4509.10009765625,4509.5,854
2026-06-02 01:45:00+00:00,4509.10009765625,4512.0,4492.2998046875,4503.60009765625,2128
2026-06-02 02:00:00+00:00,4503.7001953125,4510.5,4502.0,4510.0,1013
2026-06-02 02:15:00+00:00,4510.2998046875,4514.39990234375,4508.10009765625,4511.39990234375,496
2026-06-02 02:30:00+00:00,4512.0,4515.5,4504.2001953125,4506.7001953125,893
2026-06-02 02:45:00+00:00,4506.7998046875,4516.39990234375,4503.5,4516.2001953125,633
2026-06-02 03:00:00+00:00,4515.7998046875,4522.5,4515.60009765625,4518.2001953125,730
2026-06-02 03:15:00+00:00,4518.5,4528.0,4515.7998046875,4525.39990234375,863
2026-06-02 03:30:00+00:00,4525.2001953125,4529.60009765625,4523.10009765625,4527.2998046875,1267
2026-06-02 03:45:00+00:00,4527.2001953125,4530.0,4525.2998046875,4528.39990234375,253
2026-06-02 04:00:00+00:00,4529.2998046875,4535.7001953125,4528.0,4535.0,863
2026-06-02 04:15:00+00:00,4535.10009765625,4541.2001953125,4534.5,4535.0,1175
2026-06-02 04:30:00+00:00,4535.10009765625,4541.7998046875,4534.0,4540.89990234375,921
2026-06-02 04:45:00+00:00,4540.7001953125,4548.60009765625,4540.2998046875,4547.7001953125,943
2026-06-02 05:00:00+00:00,4547.7001953125,4549.0,4545.7001953125,4548.7998046875,530
2026-06-02 05:15:00+00:00,4548.7001953125,4552.2001953125,4546.7998046875,4549.7998046875,1067
2026-06-02 05:30:00+00:00,4549.7998046875,4558.7998046875,4549.7998046875,4554.2998046875,1738
2026-06-02 05:45:00+00:00,4554.7001953125,4556.39990234375,4545.7001953125,4547.0,1240
2026-06-02 06:00:00+00:00,4546.89990234375,4554.7998046875,4546.89990234375,4548.7998046875,1269
2026-06-02 06:15:00+00:00,4548.7998046875,4564.2001953125,4548.0,4563.10009765625,2357
2026-06-02 06:30:00+00:00,4563.5,4568.7998046875,4562.0,4563.0,1640
2026-06-02 06:45:00+00:00,4562.7998046875,4567.0,4562.0,4566.0,798
2026-06-02 07:00:00+00:00,4565.7998046875,4571.2998046875,4563.5,4570.10009765625,1288
2026-06-02 07:15:00+00:00,4569.89990234375,4570.7001953125,4563.2998046875,4564.0,1018
2026-06-02 07:30:00+00:00,4564.0,4565.10009765625,4561.0,4561.7998046875,1054
2026-06-02 07:45:00+00:00,4562.10009765625,4565.7998046875,4558.0,4565.2001953125,1592
2026-06-02 08:00:00+00:00,4565.2001953125,4569.2998046875,4563.2001953125,4565.0,1227
2026-06-02 08:15:00+00:00,4565.10009765625,4565.5,4559.5,4561.2001953125,951
2026-06-02 08:30:00+00:00,4561.0,4563.60009765625,4558.39990234375,4559.0,533
2026-06-02 08:45:00+00:00,4558.7001953125,4560.7001953125,4556.10009765625,4557.0,616
2026-06-02 09:00:00+00:00,4557.10009765625,4564.2998046875,4555.60009765625,4563.7001953125,1492
2026-06-02 09:15:00+00:00,4563.60009765625,4565.89990234375,4555.2001953125,4556.7001953125,1283
2026-06-02 09:30:00+00:00,4556.7998046875,4557.2998046875,4550.89990234375,4555.60009765625,2194
2026-06-02 09:45:00+00:00,4555.39990234375,4561.0,4554.7998046875,4559.39990234375,922
2026-06-02 10:00:00+00:00,4559.7001953125,4561.2001953125,4557.2998046875,4558.60009765625,546
2026-06-02 10:15:00+00:00,4558.39990234375,4559.0,4554.10009765625,4558.10009765625,625
2026-06-02 10:30:00+00:00,4558.0,4558.2001953125,4555.0,4558.10009765625,371
2026-06-02 10:45:00+00:00,4558.60009765625,4563.5,4558.60009765625,4563.10009765625,774
2026-06-02 11:00:00+00:00,4563.0,4564.2001953125,4558.5,4558.5,495
2026-06-02 11:15:00+00:00,4558.60009765625,4559.89990234375,4556.2998046875,4559.89990234375,563
2026-06-02 11:30:00+00:00,4560.0,4560.5,4555.7998046875,4556.5,420
2026-06-02 11:45:00+00:00,4556.7998046875,4560.39990234375,4555.2001953125,4557.2998046875,784
2026-06-02 12:00:00+00:00,4557.5,4558.60009765625,4554.39990234375,4556.10009765625,675
2026-06-02 12:15:00+00:00,4555.2998046875,4563.7998046875,4553.60009765625,4559.0,1708
2026-06-02 12:30:00+00:00,4558.89990234375,4563.60009765625,4551.2998046875,4554.60009765625,2235
2026-06-02 12:45:00+00:00,4554.5,4555.5,4542.7998046875,4544.0,2463
2026-06-02 13:00:00+00:00,4544.2998046875,4554.39990234375,4540.7001953125,4543.5,2772
2026-06-02 13:15:00+00:00,4543.2998046875,4546.60009765625,4539.2998046875,4540.10009765625,1539
2026-06-02 13:30:00+00:00,4540.2998046875,4543.89990234375,4535.60009765625,4538.0,2337
2026-06-02 13:45:00+00:00,4537.2998046875,4543.2998046875,4532.10009765625,4532.10009765625,1727
2026-06-02 14:00:00+00:00,4532.0,4536.7998046875,4525.10009765625,4533.5,3352
2026-06-02 14:15:00+00:00,4533.60009765625,4534.2001953125,4519.39990234375,4524.89990234375,3582
2026-06-02 14:30:00+00:00,4525.10009765625,4535.0,4524.7998046875,4533.7001953125,1745
2026-06-02 14:45:00+00:00,4533.5,4535.7998046875,4530.2001953125,4533.7001953125,1285
2026-06-02 15:00:00+00:00,4533.39990234375,4537.7998046875,4531.10009765625,4533.0,1482
2026-06-02 15:15:00+00:00,4533.0,4535.60009765625,4530.7998046875,4534.89990234375,1134
2026-06-02 15:30:00+00:00,4534.89990234375,4538.2001953125,4529.5,4531.7001953125,1742
2026-06-02 15:45:00+00:00,4532.0,4536.60009765625,4530.7998046875,4531.7001953125,944
2026-06-02 16:00:00+00:00,4531.7001953125,4532.7998046875,4527.2998046875,4527.2998046875,1400
2026-06-02 16:15:00+00:00,4527.39990234375,4527.89990234375,4518.60009765625,4519.7001953125,1763
2026-06-02 16:30:00+00:00,4519.7998046875,4521.0,4515.60009765625,4519.10009765625,1583
2026-06-02 16:45:00+00:00,4519.0,4521.39990234375,4518.5,4521.2998046875,929
2026-06-02 17:00:00+00:00,4521.2001953125,4522.7001953125,4516.2001953125,4519.10009765625,1221
2026-06-02 17:15:00+00:00,4519.2001953125,4521.2998046875,4515.7998046875,4520.7001953125,2028
2026-06-02 17:30:00+00:00,4520.7998046875,4521.2001953125,4511.2998046875,4514.10009765625,1321
2026-06-02 17:45:00+00:00,4513.7998046875,4516.0,4512.2001953125,4514.0,475
2026-06-02 18:00:00+00:00,4514.2998046875,4518.0,4513.89990234375,4514.60009765625,678
2026-06-02 18:15:00+00:00,4514.5,4520.2001953125,4513.5,4517.89990234375,567
2026-06-02 18:30:00+00:00,4517.89990234375,4518.7998046875,4508.0,4509.89990234375,1188
2026-06-02 18:45:00+00:00,4510.0,4520.0,4509.60009765625,4516.89990234375,802
2026-06-02 19:00:00+00:00,4517.0,4518.7001953125,4516.60009765625,4516.7998046875,275
2026-06-02 19:15:00+00:00,4517.10009765625,4519.5,4515.2001953125,4519.5,313
2026-06-02 19:30:00+00:00,4519.2001953125,4520.2001953125,4513.2001953125,4517.39990234375,553
2026-06-02 19:45:00+00:00,4517.39990234375,4518.5,4515.2998046875,4517.7001953125,712
2026-06-02 20:00:00+00:00,4517.7998046875,4520.0,4516.10009765625,4519.60009765625,265
2026-06-02 20:15:00+00:00,4519.5,4521.0,4518.2001953125,4519.39990234375,234
2026-06-02 20:30:00+00:00,4519.7001953125,4520.7998046875,4518.5,4518.5,152
2026-06-02 20:45:00+00:00,4518.5,4519.7001953125,4516.2998046875,4519.2001953125,339
2026-06-02 22:00:00+00:00,4520.0,4522.7001953125,4517.60009765625,4519.0,189
2026-06-02 22:15:00+00:00,4519.5,4520.89990234375,4516.60009765625,4519.0,475
2026-06-02 22:30:00+00:00,4518.7001953125,4520.2001953125,4516.2998046875,4518.10009765625,503
2026-06-02 22:45:00+00:00,4518.0,4521.10009765625,4512.89990234375,4514.0,1024
2026-06-02 23:00:00+00:00,4514.2001953125,4517.60009765625,4503.10009765625,4506.2998046875,1385
2026-06-02 23:15:00+00:00,4506.10009765625,4506.10009765625,4490.5,4495.7998046875,1690
2026-06-02 23:30:00+00:00,4496.2998046875,4503.89990234375,4491.0,4503.2998046875,1824
2026-06-02 23:45:00+00:00,4503.2001953125,4503.60009765625,4497.5,4502.89990234375,533
2026-06-03 00:00:00+00:00,4502.60009765625,4508.39990234375,4502.60009765625,4504.2001953125,477
2026-06-03 00:15:00+00:00,4504.10009765625,4511.7001953125,4502.60009765625,4511.2998046875,389
2026-06-03 00:30:00+00:00,4511.5,4525.10009765625,4509.5,4524.2001953125,1454
2026-06-03 00:45:00+00:00,4524.2001953125,4524.2998046875,4514.0,4514.39990234375,754
2026-06-03 01:00:00+00:00,4514.2001953125,4516.0,4495.10009765625,4500.10009765625,2461
2026-06-03 01:15:00+00:00,4499.39990234375,4500.89990234375,4491.2001953125,4495.60009765625,1395
2026-06-03 01:30:00+00:00,4495.0,4501.0,4492.60009765625,4498.2001953125,1237
2026-06-03 01:45:00+00:00,4498.2001953125,4505.10009765625,4498.0,4504.0,864
2026-06-03 02:00:00+00:00,4504.0,4509.5,4500.7998046875,4508.7998046875,789
2026-06-03 02:15:00+00:00,4508.2001953125,4509.2001953125,4502.2001953125,4506.60009765625,599
2026-06-03 02:30:00+00:00,4506.7998046875,4513.10009765625,4502.7001953125,4507.2001953125,604
2026-06-03 02:45:00+00:00,4507.39990234375,4510.10009765625,4501.10009765625,4509.7998046875,935
2026-06-03 03:00:00+00:00,4510.10009765625,4515.5,4510.10009765625,4512.7001953125,516
2026-06-03 03:15:00+00:00,4513.10009765625,4515.2001953125,4511.2001953125,4511.39990234375,223
2026-06-03 03:30:00+00:00,4511.60009765625,4513.89990234375,4511.0,4512.7001953125,227
2026-06-03 03:45:00+00:00,4511.89990234375,4514.0,4510.2998046875,4512.0,298
2026-06-03 04:00:00+00:00,4512.39990234375,4515.0,4512.2001953125,4514.7998046875,471
2026-06-03 04:15:00+00:00,4515.0,4516.10009765625,4505.10009765625,4505.10009765625,375
2026-06-03 04:30:00+00:00,4505.0,4505.2001953125,4498.7001953125,4501.2998046875,502
2026-06-03 04:45:00+00:00,4501.10009765625,4501.7998046875,4496.39990234375,4497.5,394
2026-06-03 05:00:00+00:00,4497.2001953125,4501.5,4495.39990234375,4501.2001953125,535
2026-06-03 05:15:00+00:00,4501.5,4502.2001953125,4493.89990234375,4496.7998046875,484
2026-06-03 05:30:00+00:00,4496.60009765625,4496.7998046875,4486.89990234375,4489.89990234375,1634
2026-06-03 05:45:00+00:00,4489.60009765625,4496.5,4484.7998046875,4485.7998046875,1308
2026-06-03 06:00:00+00:00,4485.39990234375,4495.7998046875,4485.10009765625,4494.60009765625,1162
2026-06-03 06:15:00+00:00,4494.89990234375,4499.2998046875,4487.39990234375,4490.7998046875,1223
2026-06-03 06:30:00+00:00,4490.7001953125,4493.39990234375,4485.7998046875,4489.0,1052
2026-06-03 06:45:00+00:00,4488.5,4491.7001953125,4483.7001953125,4491.7001953125,815
2026-06-03 07:00:00+00:00,4491.39990234375,4500.5,4488.2001953125,4497.89990234375,1335
2026-06-03 07:15:00+00:00,4497.89990234375,4498.2998046875,4484.7001953125,4484.7001953125,1030
2026-06-03 07:30:00+00:00,4484.39990234375,4491.89990234375,4482.5,4486.89990234375,1265
2026-06-03 07:45:00+00:00,4487.2998046875,4492.2001953125,4481.10009765625,4481.60009765625,977
2026-06-03 08:00:00+00:00,4481.7998046875,4487.7998046875,4479.2998046875,4483.7001953125,1301
2026-06-03 08:15:00+00:00,4483.89990234375,4486.0,4478.7998046875,4485.39990234375,1286
2026-06-03 08:30:00+00:00,4485.7998046875,4487.2001953125,4482.7001953125,4484.5,645
2026-06-03 08:45:00+00:00,4484.7001953125,4486.2998046875,4468.2001953125,4472.2998046875,2712
2026-06-03 09:00:00+00:00,4472.2998046875,4487.5,4470.2001953125,4479.60009765625,1585
2026-06-03 09:15:00+00:00,4479.60009765625,4480.7001953125,4467.2001953125,4468.60009765625,1242
2026-06-03 09:30:00+00:00,4468.2001953125,4477.2998046875,4467.60009765625,4475.7001953125,2603
2026-06-03 09:45:00+00:00,4475.10009765625,4476.5,4469.5,4471.2998046875,624
2026-06-03 10:00:00+00:00,4471.7001953125,4496.0,4469.5,4491.7001953125,2728
2026-06-03 10:15:00+00:00,4491.5,4492.2998046875,4482.0,4488.60009765625,972
2026-06-03 10:30:00+00:00,4488.2001953125,4491.7998046875,4481.60009765625,4482.39990234375,514
2026-06-03 10:45:00+00:00,4482.7001953125,4489.7001953125,4482.39990234375,4487.7001953125,424
2026-06-03 11:00:00+00:00,4487.7998046875,4496.5,4487.7998046875,4490.2001953125,924
2026-06-03 11:15:00+00:00,4490.7998046875,4494.2998046875,4487.39990234375,4492.89990234375,401
2026-06-03 11:30:00+00:00,4493.0,4495.7001953125,4487.89990234375,4488.7998046875,526
2026-06-03 11:45:00+00:00,4489.0,4493.10009765625,4487.0,4490.60009765625,452
2026-06-03 12:00:00+00:00,4490.89990234375,4492.7998046875,4485.2998046875,4487.5,766
2026-06-03 12:15:00+00:00,4487.0,4491.0,4479.7998046875,4480.7998046875,1374
2026-06-03 12:30:00+00:00,4481.10009765625,4488.60009765625,4476.2998046875,4487.0,1851
2026-06-03 12:45:00+00:00,4486.7998046875,4495.60009765625,4484.0,4488.60009765625,1986
2026-06-03 13:00:00+00:00,4488.5,4494.5,4486.2998046875,4491.0,1359
2026-06-03 13:15:00+00:00,4491.0,4491.7001953125,4473.39990234375,4477.2001953125,3137
2026-06-03 13:30:00+00:00,4477.7001953125,4481.7001953125,4454.7001953125,4455.2998046875,3725
2026-06-03 13:45:00+00:00,4454.60009765625,4478.10009765625,4454.0,4475.2001953125,4311
2026-06-03 14:00:00+00:00,4473.89990234375,4484.7001953125,4470.5,4482.5,3187
2026-06-03 14:15:00+00:00,4482.5,4486.5,4472.39990234375,4479.7998046875,1899
2026-06-03 14:30:00+00:00,4479.7998046875,4481.7998046875,4475.0,4476.2001953125,986
2026-06-03 14:45:00+00:00,4475.89990234375,4488.2998046875,4475.7998046875,4485.2998046875,1735
2026-06-03 15:00:00+00:00,4485.7001953125,4486.5,4473.0,4473.89990234375,1209
2026-06-03 15:15:00+00:00,4473.7001953125,4479.0,4467.2001953125,4473.60009765625,1628
2026-06-03 15:30:00+00:00,4472.89990234375,4473.89990234375,4464.7998046875,4468.39990234375,1555
2026-06-03 15:45:00+00:00,4468.0,4472.0,4466.0,4469.7998046875,567
2026-06-03 16:00:00+00:00,4470.0,4472.10009765625,4465.10009765625,4467.0,1146
2026-06-03 16:15:00+00:00,4467.2998046875,4469.10009765625,4461.10009765625,4465.2998046875,1127
2026-06-03 16:30:00+00:00,4465.2998046875,4468.7998046875,4463.2998046875,4467.10009765625,798
2026-06-03 16:45:00+00:00,4466.89990234375,4471.2001953125,4464.7001953125,4469.39990234375,1307
2026-06-03 17:00:00+00:00,4469.89990234375,4476.7998046875,4469.5,4470.10009765625,1153
2026-06-03 17:15:00+00:00,4469.7998046875,4471.5,4465.60009765625,4467.10009765625,1579
2026-06-03 17:30:00+00:00,4466.89990234375,4470.2001953125,4463.39990234375,4468.5,1455
2026-06-03 17:45:00+00:00,4468.5,4468.5,4464.7998046875,4467.2001953125,435
2026-06-03 18:00:00+00:00,4467.10009765625,4468.39990234375,4463.2998046875,4464.5,430
2026-06-03 18:15:00+00:00,4464.7001953125,4468.89990234375,4462.0,4468.39990234375,825
2026-06-03 18:30:00+00:00,4468.2001953125,4470.89990234375,4465.0,4468.2001953125,773
2026-06-03 18:45:00+00:00,4467.7998046875,4470.89990234375,4467.7001953125,4470.10009765625,361
2026-06-03 19:00:00+00:00,4469.7998046875,4477.5,4469.5,4477.2998046875,850
2026-06-03 19:15:00+00:00,4477.2998046875,4480.0,4474.2001953125,4475.60009765625,705
2026-06-03 19:30:00+00:00,4475.7998046875,4477.39990234375,4474.7001953125,4475.10009765625,1017
2026-06-03 19:45:00+00:00,4474.60009765625,4475.39990234375,4471.2001953125,4472.0,959
2026-06-03 20:00:00+00:00,4471.89990234375,4473.60009765625,4466.7998046875,4468.2998046875,555
2026-06-03 20:15:00+00:00,4468.2001953125,4468.2998046875,4464.60009765625,4467.2001953125,500
2026-06-03 20:30:00+00:00,4467.2998046875,4467.7001953125,4460.10009765625,4461.5,792
2026-06-03 20:45:00+00:00,4461.2998046875,4463.5,4458.60009765625,4462.7001953125,605
2026-06-03 22:00:00+00:00,4462.60009765625,4466.7001953125,4455.89990234375,4458.10009765625,297
2026-06-03 22:15:00+00:00,4458.2001953125,4462.0,4450.10009765625,4460.39990234375,663
2026-06-03 22:30:00+00:00,4461.0,4466.7001953125,4461.0,4463.10009765625,388
2026-06-03 22:45:00+00:00,4463.39990234375,4479.2001953125,4463.39990234375,4475.2998046875,746
2026-06-03 23:00:00+00:00,4475.5,4476.89990234375,4471.5,4473.60009765625,423
2026-06-03 23:15:00+00:00,4474.5,4478.2001953125,4473.60009765625,4477.10009765625,407
2026-06-03 23:30:00+00:00,4477.5,4480.7998046875,4472.7998046875,4480.60009765625,928
2026-06-03 23:45:00+00:00,4480.7001953125,4491.2001953125,4480.60009765625,4483.5,824
2026-06-04 00:00:00+00:00,4484.0,4491.7998046875,4479.2998046875,4479.7998046875,609
2026-06-04 00:15:00+00:00,4479.7001953125,4483.2001953125,4474.10009765625,4478.0,502
2026-06-04 00:30:00+00:00,4477.0,4479.2998046875,4470.60009765625,4475.10009765625,560
2026-06-04 00:45:00+00:00,4474.7001953125,4479.7001953125,4471.60009765625,4475.60009765625,471
2026-06-04 01:00:00+00:00,4475.0,4494.2998046875,4470.0,4491.2001953125,1189
2026-06-04 01:15:00+00:00,4490.2998046875,4500.7998046875,4486.10009765625,4493.0,1285
2026-06-04 01:30:00+00:00,4494.10009765625,4496.7998046875,4485.7001953125,4486.0,772
2026-06-04 01:45:00+00:00,4485.39990234375,4493.89990234375,4483.2998046875,4492.5,833
2026-06-04 02:00:00+00:00,4492.10009765625,4493.7998046875,4482.5,4489.5,906
2026-06-04 02:15:00+00:00,4489.2001953125,4489.7998046875,4485.5,4487.2998046875,455
2026-06-04 02:30:00+00:00,4487.7998046875,4491.7998046875,4484.2998046875,4488.7998046875,562
2026-06-04 02:45:00+00:00,4489.2001953125,4504.2001953125,4489.0,4502.0,1293
2026-06-04 03:00:00+00:00,4501.7001953125,4504.2001953125,4496.89990234375,4498.39990234375,905
2026-06-04 03:15:00+00:00,4499.0,4499.0,4492.7001953125,4496.2998046875,478
2026-06-04 03:30:00+00:00,4497.5,4497.7001953125,4487.60009765625,4487.60009765625,482
2026-06-04 03:45:00+00:00,4487.2998046875,4491.89990234375,4485.10009765625,4490.60009765625,468
2026-06-04 04:00:00+00:00,4490.60009765625,4498.0,4489.10009765625,4498.0,590
2026-06-04 04:15:00+00:00,4498.39990234375,4503.10009765625,4496.89990234375,4501.60009765625,780
2026-06-04 04:30:00+00:00,4501.7998046875,4511.2001953125,4501.7998046875,4509.7998046875,1119
2026-06-04 04:45:00+00:00,4510.2998046875,4511.2001953125,4505.89990234375,4508.10009765625,572
2026-06-04 05:00:00+00:00,4508.2001953125,4509.60009765625,4498.7001953125,4504.2001953125,721
2026-06-04 05:15:00+00:00,4504.5,4504.5,4498.10009765625,4500.60009765625,531
2026-06-04 05:30:00+00:00,4500.89990234375,4502.7001953125,4497.7998046875,4501.2001953125,667
2026-06-04 05:45:00+00:00,4501.7001953125,4502.0,4493.5,4496.0,897
2026-06-04 06:00:00+00:00,4495.7998046875,4504.2998046875,4494.89990234375,4501.2001953125,897
2026-06-04 06:15:00+00:00,4500.7001953125,4501.10009765625,4493.10009765625,4499.0,631
2026-06-04 06:30:00+00:00,4498.7998046875,4503.7001953125,4496.2001953125,4496.2001953125,851
2026-06-04 06:45:00+00:00,4496.2001953125,4497.39990234375,4489.7998046875,4494.7001953125,1010
2026-06-04 07:00:00+00:00,4495.0,4497.7001953125,4489.2998046875,4491.10009765625,810
2026-06-04 07:15:00+00:00,4491.10009765625,4497.39990234375,4488.5,4492.5,755
2026-06-04 07:30:00+00:00,4492.0,4495.0,4486.89990234375,4488.5,611
2026-06-04 07:45:00+00:00,4488.5,4489.39990234375,4486.2001953125,4488.5,411
2026-06-04 08:00:00+00:00,4488.39990234375,4494.60009765625,4486.60009765625,4487.7998046875,873
2026-06-04 08:15:00+00:00,4487.7998046875,4492.39990234375,4485.39990234375,4490.5,854
2026-06-04 08:30:00+00:00,4490.7001953125,4496.10009765625,4486.7998046875,4490.39990234375,717
2026-06-04 08:45:00+00:00,4490.5,4492.60009765625,4486.2001953125,4490.2001953125,454
2026-06-04 09:00:00+00:00,4489.89990234375,4496.2998046875,4487.7001953125,4490.2001953125,804
2026-06-04 09:15:00+00:00,4490.7001953125,4494.7998046875,4490.10009765625,4491.89990234375,520
2026-06-04 09:30:00+00:00,4492.0,4497.0,4488.7001953125,4495.7001953125,1540
2026-06-04 09:45:00+00:00,4495.7001953125,4503.2998046875,4495.0,4498.2001953125,945
2026-06-04 10:00:00+00:00,4497.89990234375,4499.7001953125,4495.39990234375,4498.5,540
2026-06-04 10:15:00+00:00,4498.89990234375,4498.89990234375,4491.89990234375,4495.10009765625,697
2026-06-04 10:30:00+00:00,4494.89990234375,4500.5,4494.2001953125,4499.39990234375,690
2026-06-04 10:45:00+00:00,4499.2001953125,4501.7001953125,4496.39990234375,4501.60009765625,459
2026-06-04 11:00:00+00:00,4501.60009765625,4506.60009765625,4496.39990234375,4501.2998046875,1662
2026-06-04 11:15:00+00:00,4501.60009765625,4519.39990234375,4501.2998046875,4517.39990234375,1873
2026-06-04 11:30:00+00:00,4517.7001953125,4520.5,4510.0,4519.7998046875,1933
2026-06-04 11:45:00+00:00,4519.10009765625,4542.39990234375,4519.10009765625,4539.2001953125,4032
2026-06-04 12:00:00+00:00,4539.10009765625,4541.89990234375,4519.60009765625,4521.5,3455
2026-06-04 12:15:00+00:00,4522.0,4527.89990234375,4518.7998046875,4526.10009765625,1639
2026-06-04 12:30:00+00:00,4526.39990234375,4529.89990234375,4524.5,4529.7001953125,1835
2026-06-04 12:45:00+00:00,4530.0,4538.7998046875,4526.89990234375,4531.60009765625,2459
2026-06-04 13:00:00+00:00,4531.60009765625,4537.7998046875,4527.7998046875,4530.7998046875,1740
2026-06-04 13:15:00+00:00,4530.7001953125,4537.2001953125,4529.2001953125,4532.2998046875,972
2026-06-04 13:30:00+00:00,4532.2001953125,4542.89990234375,4529.39990234375,4542.60009765625,2623
2026-06-04 13:45:00+00:00,4542.60009765625,4543.2001953125,4523.2998046875,4523.7001953125,2521
2026-06-04 14:00:00+00:00,4523.39990234375,4528.0,4513.89990234375,4515.5,3397
2026-06-04 14:15:00+00:00,4515.39990234375,4521.60009765625,4511.39990234375,4513.60009765625,2012
2026-06-04 14:30:00+00:00,4513.89990234375,4514.39990234375,4499.7998046875,4502.7001953125,3571
2026-06-04 14:45:00+00:00,4502.60009765625,4503.60009765625,4483.7998046875,4493.10009765625,6299
2026-06-04 15:00:00+00:00,4493.2001953125,4502.39990234375,4490.60009765625,4499.7001953125,4028
2026-06-04 15:15:00+00:00,4499.7001953125,4502.10009765625,4496.89990234375,4498.39990234375,1570
2026-06-04 15:30:00+00:00,4498.60009765625,4505.0,4497.5,4500.39990234375,2384
2026-06-04 15:45:00+00:00,4500.2001953125,4506.60009765625,4497.2998046875,4504.89990234375,1278
2026-06-04 16:00:00+00:00,4504.89990234375,4511.7998046875,4502.7998046875,4507.0,2531
2026-06-04 16:15:00+00:00,4507.2001953125,4513.2001953125,4507.2001953125,4511.5,1674
2026-06-04 16:30:00+00:00,4511.5,4512.2001953125,4507.2001953125,4508.7001953125,2289
2026-06-04 16:45:00+00:00,4508.89990234375,4511.7001953125,4507.60009765625,4510.7998046875,1442
2026-06-04 17:00:00+00:00,4510.5,4510.5,4503.89990234375,4503.89990234375,1454
2026-06-04 17:15:00+00:00,4504.10009765625,4507.2998046875,4502.0,4504.7998046875,1792
2026-06-04 17:30:00+00:00,4504.89990234375,4509.5,4503.89990234375,4504.60009765625,975
2026-06-04 17:45:00+00:00,4504.7998046875,4508.2998046875,4504.60009765625,4506.0,409
2026-06-04 18:00:00+00:00,4506.10009765625,4508.2998046875,4504.10009765625,4506.89990234375,590
2026-06-04 18:15:00+00:00,4507.0,4508.7998046875,4505.0,4505.89990234375,411
2026-06-04 18:30:00+00:00,4505.7001953125,4505.7998046875,4500.0,4502.10009765625,769
2026-06-04 18:45:00+00:00,4502.2998046875,4507.2998046875,4501.5,4505.89990234375,467
2026-06-04 19:00:00+00:00,4506.10009765625,4511.2998046875,4503.89990234375,4506.0,725
2026-06-04 19:15:00+00:00,4505.89990234375,4508.10009765625,4505.60009765625,4507.7998046875,410
2026-06-04 19:30:00+00:00,4507.5,4508.2998046875,4505.10009765625,4505.60009765625,402
2026-06-04 19:45:00+00:00,4505.7998046875,4510.39990234375,4504.5,4508.89990234375,804
2026-06-04 20:00:00+00:00,4508.5,4509.2998046875,4505.60009765625,4505.60009765625,415
2026-06-04 20:15:00+00:00,4506.0,4507.2001953125,4504.0,4505.2998046875,260
2026-06-04 20:30:00+00:00,4505.39990234375,4505.39990234375,4502.89990234375,4503.0,335
2026-06-04 20:45:00+00:00,4502.89990234375,4503.89990234375,4502.2998046875,4502.39990234375,305
2026-06-04 22:00:00+00:00,4503.0,4504.7001953125,4500.39990234375,4502.7001953125,259
2026-06-04 22:15:00+00:00,4502.7998046875,4508.5,4501.89990234375,4506.0,554
2026-06-04 22:30:00+00:00,4506.0,4508.7001953125,4502.60009765625,4502.60009765625,726
2026-06-04 22:45:00+00:00,4503.0,4504.0,4496.0,4496.89990234375,699
2026-06-04 23:00:00+00:00,4497.0,4501.10009765625,4491.2001953125,4498.60009765625,873
2026-06-04 23:15:00+00:00,4498.39990234375,4500.7998046875,4493.2998046875,4496.5,357
2026-06-04 23:30:00+00:00,4496.7001953125,4496.7001953125,4489.0,4490.2998046875,374
2026-06-04 23:45:00+00:00,4490.5,4493.10009765625,4487.7001953125,4488.39990234375,349
2026-06-05 00:00:00+00:00,4488.2001953125,4491.89990234375,4481.0,4482.39990234375,758
2026-06-05 00:15:00+00:00,4482.2998046875,4484.60009765625,4477.5,4484.5,973
2026-06-05 00:30:00+00:00,4484.2001953125,4493.89990234375,4483.0,4489.7998046875,771
2026-06-05 00:45:00+00:00,4490.10009765625,4493.2998046875,4485.39990234375,4485.7998046875,525
2026-06-05 01:00:00+00:00,4485.7998046875,4497.0,4479.5,4486.7998046875,1360
2026-06-05 01:15:00+00:00,4486.7001953125,4491.7001953125,4475.7998046875,4485.10009765625,1328
2026-06-05 01:30:00+00:00,4485.0,4486.2998046875,4471.7998046875,4472.60009765625,1560
2026-06-05 01:45:00+00:00,4472.7998046875,4477.89990234375,4470.7001953125,4473.2998046875,1328
2026-06-05 02:00:00+00:00,4473.39990234375,4477.7001953125,4468.60009765625,4475.7998046875,1241
2026-06-05 02:15:00+00:00,4475.7998046875,4481.60009765625,4471.60009765625,4477.60009765625,662
2026-06-05 02:30:00+00:00,4477.39990234375,4478.2001953125,4464.5,4469.0,1632
2026-06-05 02:45:00+00:00,4469.2001953125,4476.10009765625,4466.39990234375,4467.10009765625,896
2026-06-05 03:00:00+00:00,4466.7001953125,4467.60009765625,4462.5,4467.2998046875,834
2026-06-05 03:15:00+00:00,4467.2998046875,4470.10009765625,4461.2001953125,4463.0,576
2026-06-05 03:30:00+00:00,4463.0,4468.7998046875,4462.60009765625,4467.10009765625,435
2026-06-05 03:45:00+00:00,4467.39990234375,4469.5,4465.2001953125,4468.39990234375,413
2026-06-05 04:00:00+00:00,4468.7001953125,4470.7001953125,4464.60009765625,4467.60009765625,437
2026-06-05 04:15:00+00:00,4467.60009765625,4469.89990234375,4465.0,4465.7998046875,702
2026-06-05 04:30:00+00:00,4466.10009765625,4470.39990234375,4463.7998046875,4467.2998046875,357
2026-06-05 04:45:00+00:00,4467.39990234375,4472.89990234375,4466.0,4471.0,412
2026-06-05 05:00:00+00:00,4471.0,4476.10009765625,4469.2001953125,4474.7001953125,727
2026-06-05 05:15:00+00:00,4474.89990234375,4475.10009765625,4468.0,4471.0,495
2026-06-05 05:30:00+00:00,4470.5,4474.0,4465.39990234375,4469.7001953125,823
2026-06-05 05:45:00+00:00,4470.0,4474.5,4464.89990234375,4465.89990234375,657
2026-06-05 06:00:00+00:00,4466.39990234375,4468.7998046875,4461.60009765625,4463.2998046875,1167
2026-06-05 06:15:00+00:00,4462.60009765625,4472.89990234375,4454.7998046875,4468.89990234375,2183
2026-06-05 06:30:00+00:00,4468.89990234375,4476.89990234375,4468.89990234375,4474.2001953125,859
2026-06-05 06:45:00+00:00,4474.89990234375,4483.2001953125,4473.5,4479.7001953125,1601
2026-06-05 07:00:00+00:00,4479.89990234375,4490.10009765625,4478.7001953125,4485.39990234375,1224
2026-06-05 07:15:00+00:00,4485.10009765625,4494.2001953125,4485.10009765625,4494.10009765625,878
2026-06-05 07:30:00+00:00,4493.89990234375,4494.10009765625,4486.2001953125,4489.0,1310
2026-06-05 07:45:00+00:00,4489.10009765625,4492.0,4487.7001953125,4487.7001953125,350
2026-06-05 08:00:00+00:00,4487.2998046875,4490.5,4485.5,4487.7001953125,582
2026-06-05 08:15:00+00:00,4487.89990234375,4493.89990234375,4486.89990234375,4493.89990234375,747
2026-06-05 08:30:00+00:00,4493.89990234375,4495.39990234375,4488.0,4488.7998046875,619
2026-06-05 08:45:00+00:00,4489.0,4491.39990234375,4488.60009765625,4489.7998046875,242
2026-06-05 09:00:00+00:00,4489.60009765625,4496.60009765625,4485.7998046875,4493.0,1282
2026-06-05 09:15:00+00:00,4493.10009765625,4496.60009765625,4488.60009765625,4489.7998046875,1148
2026-06-05 09:30:00+00:00,4489.60009765625,4493.89990234375,4485.7998046875,4493.0,1844
2026-06-05 09:45:00+00:00,4493.10009765625,4496.60009765625,4489.60009765625,4491.89990234375,631
2026-06-05 10:00:00+00:00,4491.60009765625,4492.39990234375,4490.10009765625,4492.2001953125,346
2026-06-05 10:15:00+00:00,4492.0,4495.0,4491.5,4493.2001953125,321
2026-06-05 10:30:00+00:00,4493.2998046875,4494.10009765625,4488.7001953125,4491.60009765625,491
2026-06-05 10:45:00+00:00,4491.7998046875,4494.7998046875,4491.2998046875,4493.7001953125,760
2026-06-05 11:00:00+00:00,4493.2001953125,4494.10009765625,4487.7998046875,4488.10009765625,502
2026-06-05 11:15:00+00:00,4488.10009765625,4493.10009765625,4484.7998046875,4493.10009765625,926
2026-06-05 11:30:00+00:00,4492.7998046875,4494.2998046875,4490.0,4491.7998046875,559
2026-06-05 11:45:00+00:00,4491.7001953125,4502.2001953125,4490.89990234375,4497.0,1226
2026-06-05 12:00:00+00:00,4497.39990234375,4498.10009765625,4491.0,4496.2001953125,972
2026-06-05 12:15:00+00:00,4495.89990234375,4502.7998046875,4488.10009765625,4491.0,2132
2026-06-05 12:30:00+00:00,4493.5,4493.5,4465.5,4472.10009765625,6535
2026-06-05 12:45:00+00:00,4472.10009765625,4475.7001953125,4430.10009765625,4432.10009765625,9377
2026-06-05 13:00:00+00:00,4432.0,4446.39990234375,4425.2001953125,4443.89990234375,6616
2026-06-05 13:15:00+00:00,4443.60009765625,4446.60009765625,4429.60009765625,4430.5,3515
2026-06-05 13:30:00+00:00,4430.7998046875,4435.5,4411.2001953125,4414.7001953125,7262
2026-06-05 13:45:00+00:00,4414.2998046875,4416.2998046875,4390.0,4390.5,8751
2026-06-05 14:00:00+00:00,4390.39990234375,4404.2001953125,4388.10009765625,4391.10009765625,10458
2026-06-05 14:15:00+00:00,4390.89990234375,4395.60009765625,4377.5,4385.7001953125,6803
2026-06-05 14:30:00+00:00,4385.7001953125,4388.7998046875,4369.39990234375,4374.39990234375,5610
2026-06-05 14:45:00+00:00,4373.7998046875,4394.89990234375,4373.10009765625,4394.60009765625,5218
2026-06-05 15:00:00+00:00,4394.60009765625,4397.2998046875,4377.5,4378.0,3065
2026-06-05 15:15:00+00:00,4377.89990234375,4383.10009765625,4372.89990234375,4376.7998046875,3216
2026-06-05 15:30:00+00:00,4377.0,4380.10009765625,4360.5,4363.2998046875,3709
2026-06-05 15:45:00+00:00,4363.39990234375,4366.89990234375,4358.7998046875,4360.39990234375,2106
2026-06-05 16:00:00+00:00,4360.2998046875,4366.7001953125,4354.0,4358.2001953125,3261
2026-06-05 16:15:00+00:00,4358.10009765625,4358.60009765625,4350.0,4354.5,2814
2026-06-05 16:30:00+00:00,4354.2998046875,4357.0,4347.5,4352.39990234375,2172
2026-06-05 16:45:00+00:00,4352.2001953125,4370.2998046875,4349.5,4369.10009765625,3232
2026-06-05 17:00:00+00:00,4369.2998046875,4371.39990234375,4361.0,4363.89990234375,2232
2026-06-05 17:15:00+00:00,4364.39990234375,4368.0,4360.2001953125,4367.39990234375,4642
2026-06-05 17:30:00+00:00,4367.5,4372.0,4364.10009765625,4365.7001953125,1757
2026-06-05 17:45:00+00:00,4366.0,4368.2998046875,4362.2001953125,4366.2001953125,1188
2026-06-05 18:00:00+00:00,4366.7998046875,4366.7998046875,4347.2001953125,4347.5,2342
2026-06-05 18:15:00+00:00,4347.7001953125,4355.39990234375,4346.2998046875,4350.2001953125,2391
2026-06-05 18:30:00+00:00,4350.2998046875,4351.2001953125,4339.7998046875,4343.0,3834
2026-06-05 18:45:00+00:00,4342.7001953125,4351.39990234375,4340.7998046875,4346.7001953125,1370
2026-06-05 19:00:00+00:00,4347.39990234375,4348.10009765625,4339.5,4339.7998046875,1169
2026-06-05 19:15:00+00:00,4339.7001953125,4348.60009765625,4338.2998046875,4348.60009765625,2031
2026-06-05 19:30:00+00:00,4348.39990234375,4349.5,4338.39990234375,4343.10009765625,1600
2026-06-05 19:45:00+00:00,4343.10009765625,4348.10009765625,4341.89990234375,4343.5,1785
2026-06-05 20:00:00+00:00,4343.7001953125,4344.2001953125,4336.60009765625,4340.39990234375,1359
2026-06-05 20:15:00+00:00,4340.2001953125,4351.39990234375,4338.5,4347.2001953125,1040
2026-06-05 20:30:00+00:00,4347.7998046875,4349.89990234375,4345.60009765625,4349.39990234375,725
2026-06-05 20:45:00+00:00,4349.0,4365.2998046875,4348.7998046875,4365.2998046875,1017
2026-06-07 22:00:00+00:00,4342.2001953125,4354.0,4337.2998046875,4354.0,722
2026-06-07 22:15:00+00:00,4353.5,4354.7001953125,4339.7998046875,4340.39990234375,875
2026-06-07 22:30:00+00:00,4340.2001953125,4352.60009765625,4339.10009765625,4350.10009765625,770
2026-06-07 22:45:00+00:00,4349.39990234375,4350.7001953125,4339.60009765625,4341.39990234375,552
2026-06-07 23:00:00+00:00,4341.5,4357.7998046875,4341.39990234375,4354.39990234375,614
2026-06-07 23:15:00+00:00,4354.7998046875,4358.39990234375,4352.60009765625,4358.0,485
2026-06-07 23:30:00+00:00,4358.0,4364.39990234375,4356.7001953125,4362.2001953125,728
2026-06-07 23:45:00+00:00,4362.7998046875,4371.0,4358.89990234375,4367.89990234375,951
2026-06-08 00:00:00+00:00,4367.0,4370.10009765625,4364.0,4366.7998046875,602
2026-06-08 00:15:00+00:00,4367.0,4377.5,4365.60009765625,4375.2001953125,920
2026-06-08 00:30:00+00:00,4375.0,4375.89990234375,4365.7998046875,4369.5,1062
2026-06-08 00:45:00+00:00,4369.39990234375,4370.0,4363.10009765625,4366.0,995
2026-06-08 01:00:00+00:00,4365.60009765625,4369.5,4350.0,4351.0,2297
2026-06-08 01:15:00+00:00,4350.7998046875,4351.0,4334.2001953125,4338.2998046875,2481
2026-06-08 01:30:00+00:00,4338.5,4351.39990234375,4323.60009765625,4350.7001953125,2421
2026-06-08 01:45:00+00:00,4350.7001953125,4353.39990234375,4343.39990234375,4349.60009765625,1106
2026-06-08 02:00:00+00:00,4350.2001953125,4354.7998046875,4338.5,4340.60009765625,1216
2026-06-08 02:15:00+00:00,4340.0,4343.5,4335.0,4338.7001953125,974
2026-06-08 02:30:00+00:00,4339.10009765625,4341.7001953125,4331.0,4340.2001953125,1770
2026-06-08 02:45:00+00:00,4339.7001953125,4345.0,4333.0,4334.5,1013
2026-06-08 03:00:00+00:00,4334.89990234375,4338.2998046875,4328.10009765625,4328.89990234375,1044
2026-06-08 03:15:00+00:00,4328.5,4336.2998046875,4327.39990234375,4331.39990234375,1024
2026-06-08 03:30:00+00:00,4331.10009765625,4334.10009765625,4329.0,4334.0,393
2026-06-08 03:45:00+00:00,4334.0,4341.10009765625,4333.2001953125,4339.7998046875,419
2026-06-08 04:00:00+00:00,4342.0,4344.5,4337.7998046875,4343.39990234375,554
2026-06-08 04:15:00+00:00,4343.2998046875,4346.39990234375,4340.2001953125,4344.0,621
2026-06-08 04:30:00+00:00,4344.2998046875,4344.60009765625,4331.7998046875,4331.7998046875,699
2026-06-08 04:45:00+00:00,4332.2001953125,4338.0,4331.7998046875,4337.2001953125,351
2026-06-08 05:00:00+00:00,4337.10009765625,4340.10009765625,4328.60009765625,4328.60009765625,622
2026-06-08 05:15:00+00:00,4328.7998046875,4339.0,4328.60009765625,4336.2001953125,672
2026-06-08 05:30:00+00:00,4335.7998046875,4337.60009765625,4293.0,4312.7001953125,5674
2026-06-08 05:45:00+00:00,4312.7001953125,4320.39990234375,4309.89990234375,4317.5,1632
2026-06-08 06:00:00+00:00,4316.7998046875,4333.2001953125,4316.7998046875,4328.7998046875,2059
2026-06-08 06:15:00+00:00,4328.7001953125,4336.5,4324.60009765625,4330.89990234375,1316
2026-06-08 06:30:00+00:00,4330.7001953125,4331.5,4318.7001953125,4323.2998046875,1023
2026-06-08 06:45:00+00:00,4323.10009765625,4325.60009765625,4318.10009765625,4325.2998046875,788
2026-06-08 07:00:00+00:00,4325.10009765625,4333.7998046875,4320.0,4330.2001953125,1153
2026-06-08 07:15:00+00:00,4330.5,4342.0,4324.60009765625,4331.39990234375,2055
2026-06-08 07:30:00+00:00,4331.7001953125,4336.60009765625,4326.60009765625,4326.89990234375,1409
2026-06-08 07:45:00+00:00,4327.2001953125,4327.7998046875,4319.2998046875,4319.89990234375,1162
2026-06-08 08:00:00+00:00,4319.2998046875,4322.39990234375,4314.7001953125,4316.5,1654
2026-06-08 08:15:00+00:00,4316.7001953125,4318.39990234375,4309.60009765625,4312.10009765625,1720
2026-06-08 08:30:00+00:00,4312.7998046875,4316.5,4310.7001953125,4315.10009765625,1321
2026-06-08 08:45:00+00:00,4315.10009765625,4318.2998046875,4310.2001953125,4313.10009765625,1878
2026-06-08 09:00:00+00:00,4313.5,4316.7998046875,4308.7998046875,4313.7001953125,624
2026-06-08 09:15:00+00:00,4313.5,4315.5,4303.5,4304.39990234375,1196
2026-06-08 09:30:00+00:00,4304.10009765625,4320.7001953125,4297.10009765625,4318.0,4163
2026-06-08 09:45:00+00:00,4318.2001953125,4326.39990234375,4315.5,4318.7998046875,1716
2026-06-08 10:00:00+00:00,4319.0,4322.2001953125,4310.60009765625,4319.2001953125,1367
2026-06-08 10:15:00+00:00,4319.7001953125,4320.2998046875,4314.2001953125,4318.39990234375,749
2026-06-08 10:30:00+00:00,4318.2001953125,4330.2998046875,4316.60009765625,4329.2001953125,1849
2026-06-08 10:45:00+00:00,4329.5,4329.5,4321.39990234375,4326.39990234375,926
2026-06-08 11:00:00+00:00,4326.2001953125,4343.2998046875,4321.2998046875,4343.2998046875,1993
2026-06-08 11:15:00+00:00,4343.2998046875,4356.10009765625,4337.5,4350.2001953125,4236
2026-06-08 11:30:00+00:00,4350.0,4358.5,4347.2001953125,4349.0,1764
2026-06-08 11:45:00+00:00,4349.2001953125,4357.39990234375,4346.0,4356.2998046875,1559
2026-06-08 12:00:00+00:00,4355.7001953125,4359.5,4346.7998046875,4347.0,2152
2026-06-08 12:15:00+00:00,4347.0,4357.39990234375,4344.7998046875,4354.7001953125,1714
2026-06-08 12:30:00+00:00,4354.60009765625,4364.7998046875,4352.39990234375,4360.60009765625,3179
2026-06-08 12:45:00+00:00,4360.89990234375,4363.0,4352.0,4358.0,1714
2026-06-08 13:00:00+00:00,4358.10009765625,4359.7998046875,4347.60009765625,4348.39990234375,2482
2026-06-08 13:15:00+00:00,4348.60009765625,4360.7998046875,4345.7001953125,4355.60009765625,1872
2026-06-08 13:30:00+00:00,4355.5,4371.5,4355.5,4360.7001953125,4283
2026-06-08 13:45:00+00:00,4361.10009765625,4363.60009765625,4350.39990234375,4351.7998046875,3191
2026-06-08 14:00:00+00:00,4351.2998046875,4355.2998046875,4341.39990234375,4344.2998046875,4452
2026-06-08 14:15:00+00:00,4344.39990234375,4349.10009765625,4340.60009765625,4344.89990234375,2399
2026-06-08 14:30:00+00:00,4345.0,4348.89990234375,4339.0,4348.0,2413
2026-06-08 14:45:00+00:00,4347.5,4356.2998046875,4341.7001953125,4355.7998046875,2426
2026-06-08 15:00:00+00:00,4356.2998046875,4361.10009765625,4348.60009765625,4349.7998046875,2309
2026-06-08 15:15:00+00:00,4350.0,4360.5,4346.89990234375,4354.7998046875,2542
2026-06-08 15:30:00+00:00,4355.2998046875,4364.39990234375,4353.0,4364.10009765625,1944
2026-06-08 15:45:00+00:00,4364.10009765625,4370.0,4359.60009765625,4366.10009765625,2008
2026-06-08 16:00:00+00:00,4365.89990234375,4368.0,4362.2001953125,4365.0,1108
2026-06-08 16:15:00+00:00,4365.39990234375,4368.2998046875,4363.89990234375,4365.2001953125,894
2026-06-08 16:30:00+00:00,4365.2001953125,4371.0,4364.89990234375,4368.5,1152
2026-06-08 16:45:00+00:00,4368.2998046875,4370.60009765625,4362.2001953125,4365.0,1104
2026-06-08 17:00:00+00:00,4365.10009765625,4366.7998046875,4360.2001953125,4363.10009765625,1118
2026-06-08 17:15:00+00:00,4363.2998046875,4364.7998046875,4357.7001953125,4363.2998046875,3166
2026-06-08 17:30:00+00:00,4363.60009765625,4364.0,4356.60009765625,4358.60009765625,1578
2026-06-08 17:45:00+00:00,4358.60009765625,4363.7998046875,4358.2998046875,4363.39990234375,669
2026-06-08 18:00:00+00:00,4363.2998046875,4369.7001953125,4363.0,4366.2001953125,1022
2026-06-08 18:15:00+00:00,4365.89990234375,4370.2001953125,4365.89990234375,4366.89990234375,994
2026-06-08 18:30:00+00:00,4366.7001953125,4368.89990234375,4360.2998046875,4360.89990234375,834
2026-06-08 18:45:00+00:00,4361.0,4361.2001953125,4357.10009765625,4358.7998046875,1008
2026-06-08 19:00:00+00:00,4358.7001953125,4362.2998046875,4353.89990234375,4354.10009765625,816
2026-06-08 19:15:00+00:00,4354.0,4355.89990234375,4350.2998046875,4352.0,1051
2026-06-08 19:30:00+00:00,4351.7001953125,4354.7998046875,4348.39990234375,4349.10009765625,1057
2026-06-08 19:45:00+00:00,4349.10009765625,4354.0,4346.60009765625,4350.2998046875,1581
2026-06-08 20:00:00+00:00,4350.5,4353.7998046875,4350.39990234375,4352.0,621
2026-06-08 20:15:00+00:00,4352.0,4352.2001953125,4348.0,4350.0,321
2026-06-08 20:30:00+00:00,4350.89990234375,4352.39990234375,4349.2001953125,4350.0,183
2026-06-08 20:45:00+00:00,4350.5,4354.39990234375,4349.39990234375,4353.7998046875,271
2026-06-08 22:00:00+00:00,4354.7001953125,4358.60009765625,4347.60009765625,4348.5,464
2026-06-08 22:15:00+00:00,4348.10009765625,4363.39990234375,4345.7998046875,4348.39990234375,228
2026-06-08 22:30:00+00:00,4349.2998046875,4350.7001953125,4348.2998046875,4350.7001953125,121
2026-06-08 22:45:00+00:00,4351.10009765625,4352.10009765625,4349.2998046875,4351.5,202
2026-06-08 23:00:00+00:00,4350.89990234375,4352.39990234375,4348.39990234375,4351.2001953125,158
2026-06-08 23:15:00+00:00,4351.10009765625,4351.60009765625,4343.7001953125,4344.0,301
2026-06-08 23:30:00+00:00,4343.89990234375,4345.2998046875,4337.7001953125,4343.2998046875,457
2026-06-08 23:45:00+00:00,4343.0,4343.2998046875,4336.0,4340.89990234375,978
2026-06-09 00:00:00+00:00,4340.89990234375,4347.5,4338.7998046875,4346.2998046875,629
2026-06-09 00:15:00+00:00,4346.2998046875,4347.2998046875,4340.2998046875,4340.60009765625,403
2026-06-09 00:30:00+00:00,4341.0,4347.10009765625,4338.7998046875,4342.2998046875,838
2026-06-09 00:45:00+00:00,4342.60009765625,4345.60009765625,4339.2001953125,4344.10009765625,582
2026-06-09 01:00:00+00:00,4344.0,4352.60009765625,4342.5,4348.2001953125,1011
2026-06-09 01:15:00+00:00,4347.89990234375,4362.39990234375,4346.7001953125,4359.7998046875,1226
2026-06-09 01:30:00+00:00,4359.89990234375,4362.89990234375,4357.2998046875,4360.0,798
2026-06-09 01:45:00+00:00,4360.10009765625,4362.89990234375,4357.5,4360.7998046875,1035
2026-06-09 02:00:00+00:00,4360.89990234375,4361.60009765625,4352.7001953125,4357.10009765625,824
2026-06-09 02:15:00+00:00,4357.10009765625,4360.60009765625,4354.60009765625,4360.2001953125,440
2026-06-09 02:30:00+00:00,4359.89990234375,4364.0,4355.5,4363.0,591
2026-06-09 02:45:00+00:00,4363.60009765625,4365.7001953125,4359.0,4360.39990234375,603
2026-06-09 03:00:00+00:00,4360.10009765625,4366.0,4355.2001953125,4362.7998046875,948
2026-06-09 03:15:00+00:00,4364.2998046875,4366.5,4357.7001953125,4360.7001953125,624
2026-06-09 03:30:00+00:00,4361.10009765625,4362.2998046875,4357.7998046875,4361.89990234375,465
2026-06-09 03:45:00+00:00,4362.2998046875,4366.39990234375,4359.0,4359.7998046875,576
2026-06-09 04:00:00+00:00,4360.7998046875,4364.10009765625,4356.89990234375,4356.89990234375,643
2026-06-09 04:15:00+00:00,4356.60009765625,4357.2998046875,4353.2001953125,4355.0,391
2026-06-09 04:30:00+00:00,4355.2001953125,4355.2998046875,4348.60009765625,4352.60009765625,876
2026-06-09 04:45:00+00:00,4352.2998046875,4357.2998046875,4350.89990234375,4356.5,466
2026-06-09 05:00:00+00:00,4356.89990234375,4361.60009765625,4355.2001953125,4355.60009765625,570
2026-06-09 05:15:00+00:00,4355.60009765625,4359.7998046875,4354.7998046875,4356.7998046875,346
2026-06-09 05:30:00+00:00,4356.2998046875,4375.7001953125,4355.7001953125,4372.7001953125,1502
2026-06-09 05:45:00+00:00,4373.2001953125,4373.60009765625,4365.89990234375,4367.89990234375,920
2026-06-09 06:00:00+00:00,4368.10009765625,4373.2001953125,4364.2998046875,4365.39990234375,844
2026-06-09 06:15:00+00:00,4365.2998046875,4370.2998046875,4362.60009765625,4363.5,818
2026-06-09 06:30:00+00:00,4363.2998046875,4363.60009765625,4356.0,4360.89990234375,1126
2026-06-09 06:45:00+00:00,4360.89990234375,4364.2998046875,4354.10009765625,4354.39990234375,786
2026-06-09 07:00:00+00:00,4354.39990234375,4358.89990234375,4350.39990234375,4350.39990234375,1155
2026-06-09 07:15:00+00:00,4350.39990234375,4356.0,4346.60009765625,4354.7998046875,1131
2026-06-09 07:30:00+00:00,4355.10009765625,4355.10009765625,4346.0,4352.2001953125,860
2026-06-09 07:45:00+00:00,4351.7001953125,4353.89990234375,4348.89990234375,4350.2001953125,648
2026-06-09 08:00:00+00:00,4350.10009765625,4360.0,4344.5,4355.7998046875,1447
2026-06-09 08:15:00+00:00,4355.7001953125,4359.10009765625,4355.10009765625,4357.7001953125,704
2026-06-09 08:30:00+00:00,4358.0,4360.7998046875,4354.10009765625,4358.60009765625,569
2026-06-09 08:45:00+00:00,4358.7998046875,4359.0,4349.2998046875,4350.39990234375,637
2026-06-09 09:00:00+00:00,4350.2001953125,4354.5,4348.7001953125,4351.7998046875,450
2026-06-09 09:15:00+00:00,4351.7001953125,4359.5,4347.89990234375,4350.2001953125,1346
2026-06-09 09:30:00+00:00,4350.2001953125,4354.7001953125,4348.89990234375,4351.10009765625,1308
2026-06-09 09:45:00+00:00,4350.89990234375,4357.5,4350.7998046875,4356.0,571
2026-06-09 10:00:00+00:00,4356.0,4359.89990234375,4349.10009765625,4359.60009765625,1028
2026-06-09 10:15:00+00:00,4359.7998046875,4360.7001953125,4355.39990234375,4357.5,690
2026-06-09 10:30:00+00:00,4357.7998046875,4359.0,4353.60009765625,4356.0,669
2026-06-09 10:45:00+00:00,4356.5,4365.2001953125,4354.2998046875,4363.2998046875,1246
2026-06-09 11:00:00+00:00,4363.2998046875,4365.2001953125,4359.89990234375,4361.89990234375,628
2026-06-09 11:15:00+00:00,4362.10009765625,4364.7001953125,4360.39990234375,4362.5,479
2026-06-09 11:30:00+00:00,4362.5,4364.2001953125,4360.89990234375,4363.60009765625,411
2026-06-09 11:45:00+00:00,4363.2998046875,4368.2998046875,4361.39990234375,4364.2998046875,1059
2026-06-09 12:00:00+00:00,4364.39990234375,4368.60009765625,4364.0,4365.60009765625,1228
2026-06-09 12:15:00+00:00,4365.7998046875,4367.7001953125,4359.39990234375,4359.89990234375,1477
2026-06-09 12:30:00+00:00,4360.0,4366.2998046875,4359.0,4365.0,1231
2026-06-09 12:45:00+00:00,4365.0,4369.0,4360.89990234375,4365.39990234375,1498
2026-06-09 13:00:00+00:00,4366.10009765625,4370.0,4362.60009765625,4365.2001953125,2020
2026-06-09 13:15:00+00:00,4365.60009765625,4366.39990234375,4354.2998046875,4355.2001953125,1690
2026-06-09 13:30:00+00:00,4355.39990234375,4359.0,4349.10009765625,4354.5,2238
2026-06-09 13:45:00+00:00,4354.39990234375,4388.60009765625,4351.0,4353.2001953125,7714
2026-06-09 14:00:00+00:00,4352.89990234375,4360.2998046875,4343.39990234375,4345.10009765625,4240
2026-06-09 14:15:00+00:00,4344.7998046875,4348.0,4328.2998046875,4342.7001953125,5324
2026-06-09 14:30:00+00:00,4342.39990234375,4345.5,4307.2001953125,4308.60009765625,5337
2026-06-09 14:45:00+00:00,4308.60009765625,4325.2998046875,4302.10009765625,4325.0,5931
2026-06-09 15:00:00+00:00,4324.7998046875,4326.39990234375,4313.60009765625,4319.5,2722
2026-06-09 15:15:00+00:00,4319.0,4321.2001953125,4301.0,4302.7998046875,2643
2026-06-09 15:30:00+00:00,4302.89990234375,4306.10009765625,4287.10009765625,4304.10009765625,5310
2026-06-09 15:45:00+00:00,4304.2001953125,4310.2001953125,4296.2998046875,4296.7001953125,2872
2026-06-09 16:00:00+00:00,4296.5,4305.2998046875,4282.2998046875,4283.10009765625,3955
2026-06-09 16:15:00+00:00,4283.39990234375,4290.89990234375,4276.89990234375,4287.10009765625,4283
2026-06-09 16:30:00+00:00,4286.7998046875,4291.39990234375,4259.89990234375,4268.89990234375,6956
2026-06-09 16:45:00+00:00,4268.10009765625,4278.10009765625,4262.39990234375,4276.0,3212
2026-06-09 17:00:00+00:00,4276.10009765625,4288.39990234375,4275.10009765625,4285.5,3116
2026-06-09 17:15:00+00:00,4285.60009765625,4292.0,4282.7001953125,4287.39990234375,4629
2026-06-09 17:30:00+00:00,4287.60009765625,4292.7001953125,4285.2998046875,4289.5,1822
2026-06-09 17:45:00+00:00,4289.5,4291.2001953125,4280.2001953125,4287.2001953125,2004
2026-06-09 18:00:00+00:00,4287.5,4291.39990234375,4283.60009765625,4289.7001953125,938
2026-06-09 18:15:00+00:00,4289.60009765625,4298.7998046875,4287.0,4295.2001953125,1114
2026-06-09 18:30:00+00:00,4295.10009765625,4298.60009765625,4288.0,4288.7001953125,744
2026-06-09 18:45:00+00:00,4288.7001953125,4296.10009765625,4286.5,4294.39990234375,673
2026-06-09 19:00:00+00:00,4294.60009765625,4296.10009765625,4282.2998046875,4283.0,851
2026-06-09 19:15:00+00:00,4282.89990234375,4283.39990234375,4276.7001953125,4281.60009765625,1356
2026-06-09 19:30:00+00:00,4281.2001953125,4284.2001953125,4274.2001953125,4275.0,888
2026-06-09 19:45:00+00:00,4275.2998046875,4283.5,4274.0,4282.7001953125,1692
2026-06-09 20:00:00+00:00,4282.7998046875,4285.2001953125,4280.0,4282.39990234375,405
2026-06-09 20:15:00+00:00,4282.0,4284.5,4281.7998046875,4283.0,223
2026-06-09 20:30:00+00:00,4283.0,4285.89990234375,4281.7001953125,4285.2998046875,256
2026-06-09 20:45:00+00:00,4285.5,4286.10009765625,4283.39990234375,4284.7998046875,273
2026-06-09 22:00:00+00:00,4276.10009765625,4281.10009765625,4270.2998046875,4279.39990234375,196
2026-06-09 22:15:00+00:00,4279.39990234375,4280.60009765625,4276.5,4280.60009765625,448
2026-06-09 22:30:00+00:00,4280.5,4281.0,4270.7001953125,4272.39990234375,1143
2026-06-09 22:45:00+00:00,4272.89990234375,4273.39990234375,4255.39990234375,4260.39990234375,2111
2026-06-09 23:00:00+00:00,4260.10009765625,4270.60009765625,4258.89990234375,4259.0,959
2026-06-09 23:15:00+00:00,4259.5,4259.5,4245.60009765625,4247.2001953125,1624
2026-06-09 23:30:00+00:00,4247.60009765625,4252.7001953125,4239.2001953125,4241.5,1326
2026-06-09 23:45:00+00:00,4240.7001953125,4247.5,4233.0,4245.10009765625,1461
2026-06-10 00:00:00+00:00,4245.2001953125,4249.39990234375,4239.5,4248.2998046875,816
2026-06-10 00:15:00+00:00,4247.2998046875,4251.10009765625,4240.60009765625,4240.60009765625,833
2026-06-10 00:30:00+00:00,4241.10009765625,4241.89990234375,4222.0,4227.7998046875,2433
2026-06-10 00:45:00+00:00,4228.0,4244.10009765625,4223.39990234375,4241.60009765625,1615
2026-06-10 01:00:00+00:00,4242.2001953125,4242.5,4210.7001953125,4227.2998046875,3645
2026-06-10 01:15:00+00:00,4226.7998046875,4240.2998046875,4221.2001953125,4225.5,1314
2026-06-10 01:30:00+00:00,4224.7998046875,4230.5,4208.2001953125,4210.7001953125,2191
2026-06-10 01:45:00+00:00,4211.0,4219.39990234375,4207.2001953125,4212.2001953125,1345
2026-06-10 02:00:00+00:00,4212.89990234375,4215.7998046875,4203.2001953125,4207.0,1285
2026-06-10 02:15:00+00:00,4207.2998046875,4212.89990234375,4202.0,4212.10009765625,1279
2026-06-10 02:30:00+00:00,4212.5,4216.5,4198.2001953125,4208.2998046875,2098
2026-06-10 02:45:00+00:00,4208.7001953125,4214.7998046875,4196.89990234375,4197.7998046875,1363
2026-06-10 03:00:00+00:00,4197.5,4204.7001953125,4195.5,4201.89990234375,1111
2026-06-10 03:15:00+00:00,4201.7998046875,4205.0,4197.2998046875,4201.0,563
2026-06-10 03:30:00+00:00,4200.7998046875,4206.7001953125,4200.0,4203.39990234375,723
2026-06-10 03:45:00+00:00,4204.0,4210.2001953125,4203.5,4208.2001953125,433
2026-06-10 04:00:00+00:00,4208.89990234375,4211.2001953125,4204.2001953125,4204.60009765625,394
2026-06-10 04:15:00+00:00,4205.5,4205.7998046875,4196.89990234375,4197.89990234375,686
2026-06-10 04:30:00+00:00,4197.89990234375,4198.89990234375,4195.7998046875,4196.39990234375,607
2026-06-10 04:45:00+00:00,4196.60009765625,4199.0,4194.2001953125,4198.0,414
2026-06-10 05:00:00+00:00,4197.7001953125,4203.89990234375,4196.2998046875,4202.60009765625,632
2026-06-10 05:15:00+00:00,4203.2998046875,4210.5,4198.5,4210.5,772
2026-06-10 05:30:00+00:00,4210.7001953125,4222.2998046875,4205.2001953125,4221.39990234375,1823
2026-06-10 05:45:00+00:00,4221.60009765625,4232.2001953125,4220.7001953125,4228.7001953125,1519
2026-06-10 06:00:00+00:00,4228.60009765625,4245.5,4228.39990234375,4235.7001953125,2276
2026-06-10 06:15:00+00:00,4236.10009765625,4240.10009765625,4231.10009765625,4235.39990234375,1082
2026-06-10 06:30:00+00:00,4234.7001953125,4236.89990234375,4228.60009765625,4230.7998046875,1190
2026-06-10 06:45:00+00:00,4230.7998046875,4233.10009765625,4225.10009765625,4227.10009765625,842
2026-06-10 07:00:00+00:00,4226.7001953125,4231.0,4220.60009765625,4223.5,1315
2026-06-10 07:15:00+00:00,4223.2998046875,4226.5,4216.5,4218.10009765625,970
2026-06-10 07:30:00+00:00,4218.2998046875,4220.7001953125,4211.10009765625,4212.89990234375,1267
2026-06-10 07:45:00+00:00,4213.0,4216.2998046875,4205.0,4209.7001953125,2255
2026-06-10 08:00:00+00:00,4209.39990234375,4211.0,4184.0,4189.89990234375,3693
2026-06-10 08:15:00+00:00,4189.7001953125,4201.60009765625,4189.0,4194.7001953125,2122
2026-06-10 08:30:00+00:00,4194.7998046875,4202.0,4189.2998046875,4193.2998046875,2323
2026-06-10 08:45:00+00:00,4193.2001953125,4199.2001953125,4188.7001953125,4191.7001953125,1712
2026-06-10 09:00:00+00:00,4192.0,4197.10009765625,4187.7001953125,4187.7001953125,1454
2026-06-10 09:15:00+00:00,4187.60009765625,4197.7001953125,4186.89990234375,4189.0,1935
2026-06-10 09:30:00+00:00,4188.60009765625,4202.60009765625,4188.60009765625,4194.2998046875,2113
2026-06-10 09:45:00+00:00,4194.5,4197.60009765625,4185.60009765625,4191.60009765625,1655
2026-06-10 10:00:00+00:00,4191.60009765625,4193.7998046875,4178.5,4184.0,2365
2026-06-10 10:15:00+00:00,4183.7001953125,4192.7998046875,4182.39990234375,4187.60009765625,1373
2026-06-10 10:30:00+00:00,4187.39990234375,4194.2001953125,4186.7998046875,4194.10009765625,835
2026-06-10 10:45:00+00:00,4194.10009765625,4201.5,4192.60009765625,4197.5,1412
2026-06-10 11:00:00+00:00,4197.5,4198.60009765625,4176.0,4191.2998046875,3149
2026-06-10 11:15:00+00:00,4191.39990234375,4194.60009765625,4179.5,4189.2001953125,2397
2026-06-10 11:30:00+00:00,4188.7998046875,4190.60009765625,4176.89990234375,4177.10009765625,1852
2026-06-10 11:45:00+00:00,4176.7998046875,4186.2001953125,4168.2001953125,4170.2001953125,3326
2026-06-10 12:00:00+00:00,4169.89990234375,4175.2001953125,4157.0,4158.89990234375,3758
2026-06-10 12:15:00+00:00,4158.60009765625,4166.2998046875,4152.0,4165.10009765625,5618
2026-06-10 12:30:00+00:00,4164.39990234375,4197.2998046875,4161.5,4183.5,7234
2026-06-10 12:45:00+00:00,4183.7998046875,4192.7998046875,4164.89990234375,4169.60009765625,3726
2026-06-10 13:00:00+00:00,4170.10009765625,4181.2001953125,4167.60009765625,4174.0,5185
2026-06-10 13:15:00+00:00,4174.2998046875,4174.2998046875,4154.89990234375,4172.10009765625,3712
2026-06-10 13:30:00+00:00,4172.0,4203.10009765625,4164.7998046875,4203.10009765625,7200
2026-06-10 13:45:00+00:00,4202.10009765625,4209.5,4196.2998046875,4203.0,5658
2026-06-10 14:00:00+00:00,4202.60009765625,4204.10009765625,4193.0,4197.60009765625,4131
2026-06-10 14:15:00+00:00,4198.0,4198.5,4182.60009765625,4184.2001953125,3506
2026-06-10 14:30:00+00:00,4184.0,4186.39990234375,4172.7001953125,4173.0,2721
2026-06-10 14:45:00+00:00,4172.5,4174.60009765625,4139.7001953125,4147.10009765625,5670
2026-06-10 15:00:00+00:00,4147.7001953125,4159.2001953125,4141.5,4146.2998046875,4185
2026-06-10 15:15:00+00:00,4145.7001953125,4159.7001953125,4135.89990234375,4150.5,4488
2026-06-10 15:30:00+00:00,4150.7998046875,4154.2998046875,4144.89990234375,4152.10009765625,2825
2026-06-10 15:45:00+00:00,4151.60009765625,4154.2998046875,4129.60009765625,4151.89990234375,6048
2026-06-10 16:00:00+00:00,4152.7001953125,4156.10009765625,4145.89990234375,4152.2001953125,2261
2026-06-10 16:15:00+00:00,4152.2001953125,4158.7998046875,4148.7998046875,4150.60009765625,2237
2026-06-10 16:30:00+00:00,4150.2998046875,4155.0,4143.10009765625,4145.2001953125,1998
2026-06-10 16:45:00+00:00,4144.7998046875,4145.7998046875,4138.7001953125,4144.60009765625,1898
2026-06-10 17:00:00+00:00,4144.5,4157.60009765625,4137.2998046875,4140.2998046875,3047
2026-06-10 17:15:00+00:00,4140.39990234375,4143.0,4131.7001953125,4133.7998046875,5208
2026-06-10 17:30:00+00:00,4133.60009765625,4135.10009765625,4124.7001953125,4124.7998046875,2851
2026-06-10 17:45:00+00:00,4125.2998046875,4136.7001953125,4123.5,4134.89990234375,2585
2026-06-10 18:00:00+00:00,4135.2998046875,4144.0,4134.60009765625,4138.7998046875,1484
2026-06-10 18:15:00+00:00,4139.0,4141.2001953125,4132.7998046875,4136.0,968
2026-06-10 18:30:00+00:00,4135.7001953125,4135.89990234375,4127.89990234375,4128.2001953125,1165
2026-06-10 18:45:00+00:00,4128.10009765625,4130.7998046875,4120.2001953125,4125.0,1755
2026-06-10 19:00:00+00:00,4125.39990234375,4125.7998046875,4110.60009765625,4112.7001953125,2658
2026-06-10 19:15:00+00:00,4112.5,4116.0,4105.0,4108.0,2370
2026-06-10 19:30:00+00:00,4108.2001953125,4115.7998046875,4105.5,4115.10009765625,1533
2026-06-10 19:45:00+00:00,4115.39990234375,4116.10009765625,4105.10009765625,4106.2001953125,2024
2026-06-10 20:00:00+00:00,4106.0,4106.39990234375,4092.300048828125,4095.300048828125,1895
2026-06-10 20:15:00+00:00,4095.0,4103.2001953125,4094.300048828125,4101.5,589
2026-06-10 20:30:00+00:00,4101.2998046875,4101.2998046875,4094.199951171875,4095.89990234375,653
2026-06-10 20:45:00+00:00,4095.60009765625,4095.699951171875,4090.10009765625,4094.10009765625,890
2026-06-10 22:00:00+00:00,4094.39990234375,4094.39990234375,4072.39990234375,4077.800048828125,1463
2026-06-10 22:15:00+00:00,4079.0,4079.60009765625,4059.199951171875,4068.0,2438
2026-06-10 22:30:00+00:00,4068.5,4092.300048828125,4067.5,4085.89990234375,1819
2026-06-10 22:45:00+00:00,4085.89990234375,4090.10009765625,4068.199951171875,4069.10009765625,1190
2026-06-10 23:00:00+00:00,4069.199951171875,4076.89990234375,4046.199951171875,4052.89990234375,1987
2026-06-10 23:15:00+00:00,4052.10009765625,4087.199951171875,4047.60009765625,4084.10009765625,2458
2026-06-10 23:30:00+00:00,4083.60009765625,4086.800048828125,4077.199951171875,4078.10009765625,817
2026-06-10 23:45:00+00:00,4078.39990234375,4079.699951171875,4066.699951171875,4069.699951171875,988
2026-06-11 00:00:00+00:00,4070.89990234375,4081.800048828125,4058.0,4074.5,1885
2026-06-11 00:15:00+00:00,4074.89990234375,4095.39990234375,4072.0,4089.39990234375,3164
2026-06-11 00:30:00+00:00,4089.0,4098.7001953125,4081.0,4085.0,2657
2026-06-11 00:45:00+00:00,4085.60009765625,4100.0,4085.300048828125,4097.5,1693
2026-06-11 01:00:00+00:00,4097.2998046875,4111.39990234375,4087.39990234375,4108.0,4673
2026-06-11 01:15:00+00:00,4107.7001953125,4129.7001953125,4106.89990234375,4124.89990234375,5356
2026-06-11 01:30:00+00:00,4125.10009765625,4138.5,4124.2998046875,4134.10009765625,3015
2026-06-11 01:45:00+00:00,4134.2998046875,4137.7001953125,4118.0,4122.39990234375,1957
2026-06-11 02:00:00+00:00,4122.7998046875,4122.89990234375,4109.2998046875,4110.0,1517
2026-06-11 02:15:00+00:00,4110.89990234375,4116.2001953125,4101.89990234375,4102.7998046875,1524
2026-06-11 02:30:00+00:00,4103.2001953125,4105.5,4076.0,4080.5,2760
2026-06-11 02:45:00+00:00,4080.199951171875,4095.199951171875,4073.39990234375,4089.300048828125,1674
2026-06-11 03:00:00+00:00,4089.39990234375,4099.7998046875,4085.60009765625,4086.199951171875,1214
2026-06-11 03:15:00+00:00,4087.800048828125,4092.300048828125,4078.10009765625,4084.300048828125,1237
2026-06-11 03:30:00+00:00,4084.199951171875,4093.300048828125,4083.89990234375,4089.199951171875,838
2026-06-11 03:45:00+00:00,4090.39990234375,4097.0,4086.5,4095.5,581
2026-06-11 04:00:00+00:00,4094.39990234375,4104.5,4091.199951171875,4104.10009765625,908
2026-06-11 04:15:00+00:00,4103.89990234375,4106.89990234375,4097.2001953125,4098.89990234375,666
2026-06-11 04:30:00+00:00,4099.2001953125,4105.39990234375,4095.800048828125,4103.7001953125,793
2026-06-11 04:45:00+00:00,4103.7998046875,4107.39990234375,4101.0,4103.7998046875,664
2026-06-11 05:00:00+00:00,4104.2998046875,4104.5,4096.39990234375,4098.60009765625,622
2026-06-11 05:15:00+00:00,4098.10009765625,4102.5,4093.800048828125,4096.7001953125,627
2026-06-11 05:30:00+00:00,4095.89990234375,4120.89990234375,4095.89990234375,4120.10009765625,2590
2026-06-11 05:45:00+00:00,4120.0,4127.39990234375,4114.39990234375,4115.5,1256
2026-06-11 06:00:00+00:00,4115.0,4115.7998046875,4097.0,4105.39990234375,1902
2026-06-11 06:15:00+00:00,4105.0,4114.0,4102.60009765625,4107.5,961
2026-06-11 06:30:00+00:00,4108.0,4113.60009765625,4103.7001953125,4113.60009765625,842
2026-06-11 06:45:00+00:00,4113.89990234375,4118.5,4112.0,4115.7001953125,873
2026-06-11 07:00:00+00:00,4115.60009765625,4119.39990234375,4112.0,4117.7998046875,1389
2026-06-11 07:15:00+00:00,4117.7001953125,4131.2001953125,4117.7001953125,4128.39990234375,2469
2026-06-11 07:30:00+00:00,4128.2001953125,4131.5,4122.5,4128.39990234375,1569
2026-06-11 07:45:00+00:00,4128.2001953125,4128.7998046875,4119.39990234375,4125.7998046875,1061
2026-06-11 08:00:00+00:00,4125.7001953125,4133.60009765625,4124.7998046875,4126.7998046875,1532
2026-06-11 08:15:00+00:00,4127.10009765625,4129.2998046875,4117.7998046875,4118.5,1239
2026-06-11 08:30:00+00:00,4118.39990234375,4120.5,4111.0,4111.5,1481
2026-06-11 08:45:00+00:00,4111.2998046875,4113.10009765625,4105.60009765625,4105.60009765625,1215
2026-06-11 09:00:00+00:00,4105.0,4108.5,4101.89990234375,4107.10009765625,1227
2026-06-11 09:15:00+00:00,4106.7998046875,4110.0,4099.5,4100.0,1460
2026-06-11 09:30:00+00:00,4100.0,4112.89990234375,4098.10009765625,4112.60009765625,1487
2026-06-11 09:45:00+00:00,4112.60009765625,4117.5,4110.2001953125,4112.39990234375,975
2026-06-11 10:00:00+00:00,4111.7998046875,4115.0,4108.2998046875,4113.0,691
2026-06-11 10:15:00+00:00,4112.60009765625,4115.60009765625,4107.2001953125,4108.60009765625,671
2026-06-11 10:30:00+00:00,4108.2001953125,4113.7001953125,4107.5,4111.10009765625,595
2026-06-11 10:45:00+00:00,4111.0,4113.60009765625,4108.10009765625,4110.2998046875,582
2026-06-11 11:00:00+00:00,4110.2998046875,4114.0,4106.39990234375,4106.60009765625,906
2026-06-11 11:15:00+00:00,4106.2998046875,4111.60009765625,4103.39990234375,4110.89990234375,1090
2026-06-11 11:30:00+00:00,4110.39990234375,4116.39990234375,4102.0,4105.39990234375,1741
2026-06-11 11:45:00+00:00,4105.0,4108.2998046875,4100.2001953125,4100.7001953125,706
2026-06-11 12:00:00+00:00,4100.89990234375,4107.7998046875,4091.89990234375,4096.39990234375,1697
2026-06-11 12:15:00+00:00,4096.39990234375,4102.5,4081.60009765625,4089.5,3711
2026-06-11 12:30:00+00:00,4089.0,4097.7001953125,4078.0,4093.5,3928
2026-06-11 12:45:00+00:00,4093.60009765625,4106.2998046875,4090.39990234375,4102.5,3153
2026-06-11 13:00:00+00:00,4102.7001953125,4106.89990234375,4092.699951171875,4094.10009765625,2499
2026-06-11 13:15:00+00:00,4094.300048828125,4102.7001953125,4093.0,4096.39990234375,1830
2026-06-11 13:30:00+00:00,4096.2001953125,4103.7001953125,4088.0,4097.39990234375,3202
2026-06-11 13:45:00+00:00,4097.60009765625,4114.2998046875,4094.39990234375,4104.2998046875,4768
2026-06-11 14:00:00+00:00,4104.0,4106.60009765625,4072.800048828125,4081.60009765625,5971
2026-06-11 14:15:00+00:00,4081.699951171875,4105.60009765625,4075.800048828125,4095.300048828125,4104
2026-06-11 14:30:00+00:00,4095.300048828125,4104.39990234375,4091.300048828125,4097.2001953125,2620
2026-06-11 14:45:00+00:00,4097.2998046875,4101.39990234375,4092.699951171875,4094.39990234375,1705
2026-06-11 15:00:00+00:00,4094.199951171875,4108.7998046875,4090.89990234375,4101.2998046875,3231
2026-06-11 15:15:00+00:00,4101.89990234375,4110.60009765625,4096.0,4102.89990234375,2461
2026-06-11 15:30:00+00:00,4102.89990234375,4111.89990234375,4098.5,4109.0,1952
2026-06-11 15:45:00+00:00,4109.7001953125,4116.7998046875,4106.7001953125,4110.0,2059
2026-06-11 16:00:00+00:00,4110.2001953125,4124.60009765625,4108.0,4124.0,1941
2026-06-11 16:15:00+00:00,4123.7998046875,4129.0,4100.39990234375,4100.7998046875,2975
2026-06-11 16:30:00+00:00,4100.39990234375,4109.10009765625,4099.5,4103.2998046875,1636
2026-06-11 16:45:00+00:00,4103.0,4105.5,4098.89990234375,4101.2001953125,1135
2026-06-11 17:00:00+00:00,4101.5,4101.89990234375,4092.89990234375,4097.2001953125,2227
2026-06-11 17:15:00+00:00,4096.89990234375,4123.2001953125,4095.199951171875,4122.5,6442
2026-06-11 17:30:00+00:00,4122.60009765625,4191.7998046875,4122.10009765625,4188.2001953125,13532
2026-06-11 17:45:00+00:00,4188.39990234375,4188.39990234375,4167.39990234375,4173.2001953125,4649
2026-06-11 18:00:00+00:00,4173.2001953125,4176.7001953125,4152.0,4167.5,3702
2026-06-11 18:15:00+00:00,4167.2001953125,4184.10009765625,4165.7001953125,4173.7001953125,4452
2026-06-11 18:30:00+00:00,4173.7998046875,4186.60009765625,4170.10009765625,4186.0,1301
2026-06-11 18:45:00+00:00,4185.7998046875,4193.0,4181.7998046875,4183.10009765625,2113
2026-06-11 19:00:00+00:00,4183.5,4211.0,4183.5,4209.89990234375,3804
2026-06-11 19:15:00+00:00,4210.0,4220.0,4207.7001953125,4216.7998046875,2858
2026-06-11 19:30:00+00:00,4217.0,4241.2998046875,4217.0,4230.89990234375,4502
2026-06-11 19:45:00+00:00,4231.2998046875,4236.39990234375,4228.2001953125,4229.89990234375,2648
2026-06-11 20:00:00+00:00,4230.2001953125,4240.0,4229.2001953125,4235.39990234375,1596
2026-06-11 20:15:00+00:00,4234.7998046875,4237.39990234375,4232.7998046875,4235.39990234375,723
2026-06-11 20:30:00+00:00,4235.7001953125,4237.2998046875,4230.39990234375,4230.39990234375,844
2026-06-11 20:45:00+00:00,4230.39990234375,4233.7998046875,4230.0,4233.7998046875,770
2026-06-11 22:00:00+00:00,4234.89990234375,4243.5,4226.2001953125,4230.7001953125,228
2026-06-11 22:15:00+00:00,4229.7998046875,4236.2998046875,4226.7998046875,4235.5,614
2026-06-11 22:30:00+00:00,4235.5,4249.2001953125,4232.39990234375,4246.7001953125,1044
2026-06-11 22:45:00+00:00,4246.5,4267.7998046875,4245.89990234375,4264.2001953125,2034
2026-06-11 23:00:00+00:00,4264.5,4267.2001953125,4240.0,4245.0,1279
2026-06-11 23:15:00+00:00,4244.10009765625,4246.7998046875,4234.60009765625,4237.2998046875,735
2026-06-11 23:30:00+00:00,4236.7998046875,4243.7001953125,4234.7998046875,4240.10009765625,856
2026-06-11 23:45:00+00:00,4240.7001953125,4245.2001953125,4235.60009765625,4240.60009765625,620
2026-06-12 00:00:00+00:00,4240.10009765625,4246.7998046875,4233.0,4237.2998046875,926
2026-06-12 00:15:00+00:00,4237.0,4251.7001953125,4228.10009765625,4241.39990234375,1551
2026-06-12 00:30:00+00:00,4241.7001953125,4249.7998046875,4223.7001953125,4225.0,1129
2026-06-12 00:45:00+00:00,4225.7001953125,4229.39990234375,4221.39990234375,4229.0,1037
2026-06-12 01:00:00+00:00,4229.7001953125,4232.39990234375,4204.0,4208.39990234375,2997
2026-06-12 01:15:00+00:00,4208.89990234375,4215.39990234375,4200.2998046875,4202.60009765625,1181
2026-06-12 01:30:00+00:00,4204.0,4208.2998046875,4192.89990234375,4201.10009765625,2238
2026-06-12 01:45:00+00:00,4201.2998046875,4213.2001953125,4201.2998046875,4208.2001953125,960
2026-06-12 02:00:00+00:00,4208.2001953125,4221.89990234375,4205.5,4215.89990234375,1170
2026-06-12 02:15:00+00:00,4215.89990234375,4215.89990234375,4208.2998046875,4209.89990234375,457
2026-06-12 02:30:00+00:00,4210.60009765625,4215.2998046875,4204.2001953125,4208.2998046875,725
2026-06-12 02:45:00+00:00,4208.0,4215.39990234375,4205.60009765625,4213.5,544
2026-06-12 03:00:00+00:00,4212.7001953125,4218.10009765625,4211.39990234375,4216.0,450
2026-06-12 03:15:00+00:00,4215.89990234375,4225.39990234375,4215.0,4225.10009765625,915
2026-06-12 03:30:00+00:00,4224.7998046875,4226.7001953125,4220.7998046875,4221.10009765625,602
2026-06-12 03:45:00+00:00,4221.0,4223.2998046875,4217.39990234375,4220.89990234375,351
2026-06-12 04:00:00+00:00,4219.0,4222.60009765625,4213.7001953125,4216.5,517
2026-06-12 04:15:00+00:00,4216.2998046875,4217.2001953125,4212.0,4214.5,270
2026-06-12 04:30:00+00:00,4214.5,4220.10009765625,4213.89990234375,4215.2001953125,354
2026-06-12 04:45:00+00:00,4215.5,4215.89990234375,4211.10009765625,4211.89990234375,256
2026-06-12 05:00:00+00:00,4211.7998046875,4214.39990234375,4203.60009765625,4210.5,684
2026-06-12 05:15:00+00:00,4209.89990234375,4211.10009765625,4206.2001953125,4208.89990234375,340
2026-06-12 05:30:00+00:00,4208.5,4209.60009765625,4194.0,4201.7998046875,1350
2026-06-12 05:45:00+00:00,4202.2001953125,4202.2001953125,4192.10009765625,4194.7001953125,894
2026-06-12 06:00:00+00:00,4194.7001953125,4207.0,4194.7001953125,4204.89990234375,1098
2026-06-12 06:15:00+00:00,4204.39990234375,4204.60009765625,4200.60009765625,4203.7998046875,540
2026-06-12 06:30:00+00:00,4204.0,4204.5,4193.7001953125,4198.10009765625,854
2026-06-12 06:45:00+00:00,4198.2001953125,4206.10009765625,4195.60009765625,4205.39990234375,840
2026-06-12 07:00:00+00:00,4205.5,4206.2998046875,4197.5,4199.39990234375,852
2026-06-12 07:15:00+00:00,4199.60009765625,4201.2001953125,4195.2998046875,4195.2998046875,884
2026-06-12 07:30:00+00:00,4195.2998046875,4205.7001953125,4191.10009765625,4204.2998046875,1731
2026-06-12 07:45:00+00:00,4204.7001953125,4215.2001953125,4195.2001953125,4215.2001953125,2240
2026-06-12 08:00:00+00:00,4215.89990234375,4226.39990234375,4213.2001953125,4224.89990234375,2219
2026-06-12 08:15:00+00:00,4225.7001953125,4242.0,4220.7998046875,4234.5,2504
2026-06-12 08:30:00+00:00,4235.0,4244.89990234375,4233.7001953125,4239.7998046875,1891
2026-06-12 08:45:00+00:00,4240.10009765625,4247.7001953125,4236.2998046875,4241.2001953125,1194
2026-06-12 09:00:00+00:00,4241.39990234375,4247.0,4239.10009765625,4245.7998046875,886
2026-06-12 09:15:00+00:00,4245.89990234375,4248.60009765625,4240.60009765625,4242.5,1923
2026-06-12 09:30:00+00:00,4242.10009765625,4249.2998046875,4240.39990234375,4246.7001953125,1924
2026-06-12 09:45:00+00:00,4246.89990234375,4249.60009765625,4242.7998046875,4243.10009765625,866
2026-06-12 10:00:00+00:00,4242.89990234375,4246.7001953125,4240.0,4242.39990234375,1054
2026-06-12 10:15:00+00:00,4242.2998046875,4242.89990234375,4223.60009765625,4227.7998046875,1910
2026-06-12 10:30:00+00:00,4227.89990234375,4239.39990234375,4227.5,4236.7998046875,805
2026-06-12 10:45:00+00:00,4236.2998046875,4239.7001953125,4230.2998046875,4231.89990234375,1048
2026-06-12 11:00:00+00:00,4232.2998046875,4233.10009765625,4225.89990234375,4228.2998046875,933
2026-06-12 11:15:00+00:00,4228.10009765625,4231.39990234375,4223.0,4223.5,843
2026-06-12 11:30:00+00:00,4223.39990234375,4232.0,4218.10009765625,4230.7001953125,1363
2026-06-12 11:45:00+00:00,4230.89990234375,4236.2998046875,4227.39990234375,4227.7998046875,946
2026-06-12 12:00:00+00:00,4227.89990234375,4235.2001953125,4223.60009765625,4235.2001953125,1886
2026-06-12 12:15:00+00:00,4235.39990234375,4236.2998046875,4221.2001953125,4221.89990234375,1687
2026-06-12 12:30:00+00:00,4222.2001953125,4222.7001953125,4211.89990234375,4217.39990234375,3127
2026-06-12 12:45:00+00:00,4217.39990234375,4221.2001953125,4209.2998046875,4212.2998046875,2311
2026-06-12 13:00:00+00:00,4212.10009765625,4222.0,4207.2998046875,4219.10009765625,1950
2026-06-12 13:15:00+00:00,4219.0,4227.7001953125,4218.0,4223.89990234375,1303
2026-06-12 13:30:00+00:00,4223.7001953125,4231.2001953125,4203.0,4211.2998046875,5485
2026-06-12 13:45:00+00:00,4211.10009765625,4214.5,4203.2001953125,4206.7001953125,2957
2026-06-12 14:00:00+00:00,4207.39990234375,4219.2001953125,4205.60009765625,4214.10009765625,3390
2026-06-12 14:15:00+00:00,4213.60009765625,4220.10009765625,4202.89990234375,4208.7998046875,2442
2026-06-12 14:30:00+00:00,4209.2998046875,4213.89990234375,4201.2998046875,4205.0,3232
2026-06-12 14:45:00+00:00,4204.7998046875,4229.5,4197.5,4224.89990234375,4919
2026-06-12 15:00:00+00:00,4224.89990234375,4236.10009765625,4221.0,4234.60009765625,2520
2026-06-12 15:15:00+00:00,4235.0,4256.7998046875,4233.5,4246.7998046875,3997
2026-06-12 15:30:00+00:00,4247.0,4249.2001953125,4230.39990234375,4231.60009765625,3476
2026-06-12 15:45:00+00:00,4232.10009765625,4239.2998046875,4227.39990234375,4232.39990234375,2307
2026-06-12 16:00:00+00:00,4232.2998046875,4246.0,4228.60009765625,4242.10009765625,2142
2026-06-12 16:15:00+00:00,4242.60009765625,4254.10009765625,4236.7998046875,4237.5,2192
2026-06-12 16:30:00+00:00,4237.89990234375,4241.0,4232.2998046875,4234.10009765625,1343
2026-06-12 16:45:00+00:00,4234.2001953125,4238.5,4232.0,4236.5,1415
2026-06-12 17:00:00+00:00,4236.5,4247.10009765625,4235.5,4238.5,1967
2026-06-12 17:15:00+00:00,4239.0,4244.2001953125,4234.39990234375,4239.2001953125,2568
2026-06-12 17:30:00+00:00,4239.2001953125,4243.89990234375,4234.0,4242.60009765625,1187
2026-06-12 17:45:00+00:00,4243.0,4245.2998046875,4239.60009765625,4241.7998046875,594
2026-06-12 18:00:00+00:00,4242.2001953125,4249.2001953125,4238.5,4247.89990234375,1130
2026-06-12 18:15:00+00:00,4247.2001953125,4256.2001953125,4245.2998046875,4247.2001953125,1639
2026-06-12 18:30:00+00:00,4247.39990234375,4250.7998046875,4245.2001953125,4250.0,715
2026-06-12 18:45:00+00:00,4249.2001953125,4250.0,4234.89990234375,4236.2001953125,1322
2026-06-12 19:00:00+00:00,4236.2001953125,4240.7998046875,4235.2001953125,4238.7998046875,795
2026-06-12 19:15:00+00:00,4238.60009765625,4238.60009765625,4228.89990234375,4229.89990234375,1171
2026-06-12 19:30:00+00:00,4229.89990234375,4231.60009765625,4223.2001953125,4226.39990234375,1474
2026-06-12 19:45:00+00:00,4226.7001953125,4232.5,4225.2998046875,4231.89990234375,1029
2026-06-12 20:00:00+00:00,4231.60009765625,4234.89990234375,4230.7001953125,4234.10009765625,516
2026-06-12 20:15:00+00:00,4234.2998046875,4238.10009765625,4233.5,4235.7998046875,368
2026-06-12 20:30:00+00:00,4235.89990234375,4235.89990234375,4233.7001953125,4234.7001953125,268
2026-06-12 20:45:00+00:00,4234.89990234375,4240.60009765625,4233.7998046875,4238.7998046875,577
2026-06-14 22:00:00+00:00,4325.60009765625,4326.0,4315.7001953125,4320.0,584
2026-06-14 22:15:00+00:00,4320.2998046875,4327.0,4303.7998046875,4306.89990234375,2349
2026-06-14 22:30:00+00:00,4306.89990234375,4308.7998046875,4300.0,4304.89990234375,1160
2026-06-14 22:45:00+00:00,4304.89990234375,4311.89990234375,4304.60009765625,4305.7998046875,890
2026-06-14 23:00:00+00:00,4305.60009765625,4308.60009765625,4302.2001953125,4303.39990234375,838
2026-06-14 23:15:00+00:00,4303.0,4305.0,4301.2998046875,4302.89990234375,395
2026-06-14 23:30:00+00:00,4304.2001953125,4306.5,4301.7998046875,4305.7998046875,770
2026-06-14 23:45:00+00:00,4305.89990234375,4315.39990234375,4304.7001953125,4314.2998046875,1309
2026-06-15 00:00:00+00:00,4314.2998046875,4321.2998046875,4313.5,4319.89990234375,1358
2026-06-15 00:15:00+00:00,4320.2998046875,4328.5,4319.89990234375,4321.2001953125,1434
2026-06-15 00:30:00+00:00,4321.2998046875,4326.10009765625,4316.0,4318.2998046875,1557
2026-06-15 00:45:00+00:00,4318.7998046875,4321.2001953125,4312.7001953125,4313.10009765625,791
2026-06-15 01:00:00+00:00,4313.89990234375,4321.2998046875,4306.39990234375,4317.7001953125,1746
2026-06-15 01:15:00+00:00,4316.7998046875,4327.60009765625,4310.39990234375,4324.89990234375,1262
2026-06-15 01:30:00+00:00,4324.60009765625,4340.7001953125,4322.7001953125,4339.2001953125,1829
2026-06-15 01:45:00+00:00,4338.60009765625,4340.2998046875,4334.39990234375,4337.5,963
2026-06-15 02:00:00+00:00,4337.10009765625,4347.7998046875,4337.10009765625,4347.60009765625,1289
2026-06-15 02:15:00+00:00,4347.7998046875,4352.2998046875,4345.5,4349.5,1586
2026-06-15 02:30:00+00:00,4349.0,4355.7998046875,4349.0,4351.2998046875,1256
2026-06-15 02:45:00+00:00,4351.5,4356.7998046875,4349.10009765625,4350.7001953125,939
2026-06-15 03:00:00+00:00,4350.5,4352.5,4343.10009765625,4346.7001953125,980
2026-06-15 03:15:00+00:00,4347.0,4350.7998046875,4342.5,4345.0,654
2026-06-15 03:30:00+00:00,4345.0,4348.5,4342.5,4345.0,545
2026-06-15 03:45:00+00:00,4344.10009765625,4348.39990234375,4344.0,4345.7001953125,259
2026-06-15 04:00:00+00:00,4346.39990234375,4348.2998046875,4343.89990234375,4347.2998046875,311
2026-06-15 04:15:00+00:00,4347.7001953125,4349.0,4341.7001953125,4348.39990234375,920
2026-06-15 04:30:00+00:00,4348.39990234375,4351.7001953125,4346.7001953125,4348.7001953125,345
2026-06-15 04:45:00+00:00,4349.5,4350.2998046875,4347.89990234375,4349.5,155
2026-06-15 05:00:00+00:00,4349.2001953125,4352.10009765625,4345.10009765625,4350.0,558
2026-06-15 05:15:00+00:00,4350.2001953125,4353.89990234375,4346.89990234375,4350.7998046875,503
2026-06-15 05:30:00+00:00,4351.5,4353.7001953125,4333.89990234375,4333.89990234375,1309
2026-06-15 05:45:00+00:00,4334.0,4337.60009765625,4328.60009765625,4331.39990234375,1014
2026-06-15 06:00:00+00:00,4331.5,4334.39990234375,4323.5,4329.7998046875,1455
2026-06-15 06:15:00+00:00,4330.0,4330.39990234375,4324.0,4325.60009765625,924
2026-06-15 06:30:00+00:00,4325.7001953125,4327.89990234375,4321.60009765625,4327.39990234375,717
2026-06-15 06:45:00+00:00,4327.5,4330.7998046875,4325.2001953125,4329.10009765625,813
2026-06-15 07:00:00+00:00,4329.2001953125,4335.5,4326.10009765625,4334.39990234375,1395
2026-06-15 07:15:00+00:00,4334.5,4339.89990234375,4334.0,4337.7001953125,854
2026-06-15 07:30:00+00:00,4337.89990234375,4338.39990234375,4332.2998046875,4337.7001953125,864
2026-06-15 07:45:00+00:00,4337.89990234375,4346.0,4333.7001953125,4344.2998046875,1401
2026-06-15 08:00:00+00:00,4344.10009765625,4350.2998046875,4342.7001953125,4349.39990234375,1276
2026-06-15 08:15:00+00:00,4349.2998046875,4353.0,4347.7998046875,4349.10009765625,1237
2026-06-15 08:30:00+00:00,4348.7998046875,4366.10009765625,4348.39990234375,4362.0,2779
2026-06-15 08:45:00+00:00,4362.10009765625,4364.0,4355.0,4355.39990234375,1171
2026-06-15 09:00:00+00:00,4355.5,4364.0,4355.2998046875,4361.10009765625,1862
2026-06-15 09:15:00+00:00,4361.0,4364.39990234375,4357.5,4359.89990234375,1460
2026-06-15 09:30:00+00:00,4359.60009765625,4361.7001953125,4355.10009765625,4356.10009765625,1766
2026-06-15 09:45:00+00:00,4356.39990234375,4362.0,4355.7001953125,4357.7001953125,770
2026-06-15 10:00:00+00:00,4357.89990234375,4361.60009765625,4356.7998046875,4358.89990234375,623
2026-06-15 10:15:00+00:00,4359.39990234375,4360.7001953125,4357.0,4359.39990234375,347
2026-06-15 10:30:00+00:00,4359.89990234375,4361.5,4356.2998046875,4359.10009765625,1032
2026-06-15 10:45:00+00:00,4359.0,4362.7998046875,4357.60009765625,4359.10009765625,1050
2026-06-15 11:00:00+00:00,4359.0,4361.0,4357.10009765625,4359.2001953125,489
2026-06-15 11:15:00+00:00,4358.89990234375,4362.39990234375,4357.0,4361.89990234375,1104
2026-06-15 11:30:00+00:00,4362.0,4368.89990234375,4359.0,4359.7998046875,1673
2026-06-15 11:45:00+00:00,4359.39990234375,4359.7998046875,4352.89990234375,4356.60009765625,1301
2026-06-15 12:00:00+00:00,4356.60009765625,4360.0,4351.60009765625,4352.2001953125,1183
2026-06-15 12:15:00+00:00,4352.2998046875,4359.2998046875,4345.2998046875,4358.2001953125,2379
2026-06-15 12:30:00+00:00,4358.5,4367.89990234375,4356.0,4366.5,2457
2026-06-15 12:45:00+00:00,4366.2001953125,4370.7998046875,4364.7001953125,4370.5,1643
2026-06-15 13:00:00+00:00,4370.39990234375,4372.0,4362.7998046875,4371.0,1675
2026-06-15 13:15:00+00:00,4371.2001953125,4377.89990234375,4370.7998046875,4374.89990234375,2630
2026-06-15 13:30:00+00:00,4375.0,4390.7998046875,4373.60009765625,4384.7998046875,6349
2026-06-15 13:45:00+00:00,4385.10009765625,4386.5,4375.89990234375,4376.7998046875,3522
2026-06-15 14:00:00+00:00,4376.7001953125,4391.5,4375.5,4379.0,4899
2026-06-15 14:15:00+00:00,4379.2001953125,4386.10009765625,4375.5,4385.5,2531
2026-06-15 14:30:00+00:00,4385.60009765625,4387.10009765625,4375.5,4378.7001953125,2530
2026-06-15 14:45:00+00:00,4378.60009765625,4385.39990234375,4377.10009765625,4378.5,2376
2026-06-15 15:00:00+00:00,4378.2998046875,4381.10009765625,4371.2001953125,4372.89990234375,2120
2026-06-15 15:15:00+00:00,4372.5,4380.39990234375,4371.7998046875,4375.7998046875,2237
2026-06-15 15:30:00+00:00,4375.7001953125,4381.7998046875,4370.60009765625,4379.5,1491
2026-06-15 15:45:00+00:00,4379.7998046875,4382.7998046875,4376.5,4377.60009765625,1624
2026-06-15 16:00:00+00:00,4377.7998046875,4380.2998046875,4370.2998046875,4373.2001953125,1528
2026-06-15 16:15:00+00:00,4373.2001953125,4374.10009765625,4360.5,4364.39990234375,2178
2026-06-15 16:30:00+00:00,4364.5,4364.5,4357.2001953125,4357.7998046875,1339
2026-06-15 16:45:00+00:00,4357.5,4361.2998046875,4355.89990234375,4360.60009765625,1105
2026-06-15 17:00:00+00:00,4360.5,4360.5,4352.0,4355.39990234375,1647
2026-06-15 17:15:00+00:00,4355.2001953125,4356.2998046875,4350.2998046875,4351.2001953125,1886
2026-06-15 17:30:00+00:00,4351.2001953125,4351.2001953125,4342.39990234375,4343.2998046875,1914
2026-06-15 17:45:00+00:00,4343.60009765625,4346.89990234375,4341.7001953125,4346.0,862
2026-06-15 18:00:00+00:00,4346.2001953125,4346.2998046875,4339.10009765625,4345.2998046875,949
2026-06-15 18:15:00+00:00,4345.60009765625,4349.7001953125,4344.2998046875,4346.5,955
2026-06-15 18:30:00+00:00,4346.2998046875,4347.89990234375,4343.2998046875,4346.0,625
2026-06-15 18:45:00+00:00,4346.5,4349.0,4345.60009765625,4347.2998046875,833
2026-06-15 19:00:00+00:00,4347.5,4348.2998046875,4342.2998046875,4344.2001953125,644
2026-06-15 19:15:00+00:00,4344.2998046875,4346.39990234375,4342.39990234375,4343.0,852
2026-06-15 19:30:00+00:00,4343.60009765625,4345.5,4340.0,4341.0,620
2026-06-15 19:45:00+00:00,4341.2998046875,4343.10009765625,4338.2001953125,4342.39990234375,1082
2026-06-15 20:00:00+00:00,4342.60009765625,4343.89990234375,4337.2998046875,4337.89990234375,464
2026-06-15 20:15:00+00:00,4337.60009765625,4340.2001953125,4332.60009765625,4334.60009765625,756
2026-06-15 20:30:00+00:00,4334.7001953125,4335.10009765625,4330.2001953125,4331.60009765625,575
2026-06-15 20:45:00+00:00,4331.5,4332.5,4328.5,4331.0,535
2026-06-15 22:00:00+00:00,4331.2998046875,4337.2998046875,4330.0,4330.89990234375,230
2026-06-15 22:15:00+00:00,4330.89990234375,4334.89990234375,4326.7001953125,4330.2998046875,646
2026-06-15 22:30:00+00:00,4330.0,4335.60009765625,4328.0,4333.5,360
2026-06-15 22:45:00+00:00,4333.89990234375,4335.5,4331.60009765625,4333.10009765625,212
2026-06-15 23:00:00+00:00,4333.7001953125,4337.39990234375,4333.7001953125,4334.7001953125,598
2026-06-15 23:15:00+00:00,4334.0,4337.0,4332.7998046875,4336.5,270
2026-06-15 23:30:00+00:00,4336.7001953125,4340.7998046875,4334.89990234375,4339.2001953125,550
2026-06-15 23:45:00+00:00,4339.7001953125,4340.5,4334.2001953125,4337.2998046875,519
2026-06-16 00:00:00+00:00,4336.60009765625,4339.7001953125,4334.39990234375,4335.0,442
2026-06-16 00:15:00+00:00,4334.39990234375,4337.10009765625,4327.39990234375,4329.39990234375,967
2026-06-16 00:30:00+00:00,4329.39990234375,4334.60009765625,4328.7001953125,4331.7998046875,1104
2026-06-16 00:45:00+00:00,4331.7001953125,4341.60009765625,4331.7001953125,4340.2998046875,760
2026-06-16 01:00:00+00:00,4340.2998046875,4346.7998046875,4336.0,4340.39990234375,1331
2026-06-16 01:15:00+00:00,4340.7001953125,4345.0,4337.10009765625,4340.10009765625,1009
2026-06-16 01:30:00+00:00,4340.0,4341.2001953125,4334.0,4335.7001953125,603
2026-06-16 01:45:00+00:00,4335.5,4340.10009765625,4332.7998046875,4334.0,470
2026-06-16 02:00:00+00:00,4334.60009765625,4334.7998046875,4328.0,4330.2998046875,1236
2026-06-16 02:15:00+00:00,4330.2998046875,4333.7998046875,4328.89990234375,4333.7001953125,258
2026-06-16 02:30:00+00:00,4333.7001953125,4339.0,4330.2998046875,4333.0,439
2026-06-16 02:45:00+00:00,4332.89990234375,4341.60009765625,4332.2001953125,4339.7001953125,352
2026-06-16 03:00:00+00:00,4339.7998046875,4341.7998046875,4338.0,4339.7001953125,294
2026-06-16 03:15:00+00:00,4339.10009765625,4343.39990234375,4336.60009765625,4342.2001953125,346
2026-06-16 03:30:00+00:00,4342.39990234375,4354.10009765625,4340.60009765625,4352.89990234375,817
2026-06-16 03:45:00+00:00,4352.89990234375,4353.89990234375,4349.60009765625,4351.39990234375,400
2026-06-16 04:00:00+00:00,4352.10009765625,4353.0,4346.60009765625,4347.89990234375,359
2026-06-16 04:15:00+00:00,4348.0,4348.60009765625,4343.0,4343.89990234375,280
2026-06-16 04:30:00+00:00,4343.89990234375,4346.2001953125,4342.7998046875,4344.0,428
2026-06-16 04:45:00+00:00,4344.7001953125,4345.0,4342.10009765625,4343.2001953125,366
2026-06-16 05:00:00+00:00,4343.39990234375,4350.2998046875,4342.7998046875,4347.10009765625,582
2026-06-16 05:15:00+00:00,4347.39990234375,4349.2001953125,4345.39990234375,4348.39990234375,152
2026-06-16 05:30:00+00:00,4348.0,4351.89990234375,4336.89990234375,4339.0,983
2026-06-16 05:45:00+00:00,4338.7998046875,4342.2001953125,4335.5,4337.2001953125,821
2026-06-16 06:00:00+00:00,4337.39990234375,4341.0,4334.2001953125,4339.89990234375,743
2026-06-16 06:15:00+00:00,4340.0,4340.0,4335.39990234375,4337.7998046875,644
2026-06-16 06:30:00+00:00,4337.7998046875,4341.5,4335.2998046875,4337.5,739
2026-06-16 06:45:00+00:00,4337.39990234375,4345.5,4337.2001953125,4345.0,501
2026-06-16 07:00:00+00:00,4345.10009765625,4349.7998046875,4343.5,4347.0,795
2026-06-16 07:15:00+00:00,4347.2998046875,4351.0,4345.2998046875,4350.10009765625,560
2026-06-16 07:30:00+00:00,4350.0,4354.0,4347.2001953125,4348.5,681
2026-06-16 07:45:00+00:00,4348.60009765625,4357.10009765625,4347.7001953125,4356.60009765625,802
2026-06-16 08:00:00+00:00,4356.39990234375,4361.7001953125,4354.2001953125,4359.39990234375,976
2026-06-16 08:15:00+00:00,4359.2998046875,4365.2998046875,4359.0,4362.7998046875,1145
2026-06-16 08:30:00+00:00,4362.7998046875,4367.0,4360.60009765625,4365.2001953125,1063
2026-06-16 08:45:00+00:00,4365.10009765625,4369.5,4362.2998046875,4368.2998046875,756
2026-06-16 09:00:00+00:00,4368.10009765625,4369.7998046875,4365.39990234375,4367.60009765625,843
2026-06-16 09:15:00+00:00,4367.7998046875,4367.7998046875,4359.39990234375,4361.0,1558
2026-06-16 09:30:00+00:00,4361.0,4367.5,4360.60009765625,4362.7998046875,1502
2026-06-16 09:45:00+00:00,4363.39990234375,4369.2001953125,4361.2001953125,4366.2001953125,684
2026-06-16 10:00:00+00:00,4366.2001953125,4367.5,4364.2001953125,4366.7998046875,609
2026-06-16 10:15:00+00:00,4367.0,4367.7001953125,4364.60009765625,4365.39990234375,476
2026-06-16 10:30:00+00:00,4365.2998046875,4367.7998046875,4363.10009765625,4367.7001953125,461
2026-06-16 10:45:00+00:00,4367.60009765625,4369.89990234375,4367.5,4369.89990234375,671
2026-06-16 11:00:00+00:00,4369.89990234375,4370.60009765625,4360.2001953125,4362.7001953125,1294
2026-06-16 11:15:00+00:00,4362.2001953125,4364.2998046875,4359.10009765625,4363.2001953125,696
2026-06-16 11:30:00+00:00,4362.89990234375,4363.10009765625,4355.7001953125,4359.60009765625,1718
2026-06-16 11:45:00+00:00,4359.2998046875,4362.39990234375,4357.2998046875,4361.39990234375,869
2026-06-16 12:00:00+00:00,4361.60009765625,4366.89990234375,4359.0,4365.39990234375,1000
2026-06-16 12:15:00+00:00,4365.39990234375,4365.89990234375,4358.2001953125,4364.60009765625,1067
2026-06-16 12:30:00+00:00,4364.39990234375,4371.0,4362.60009765625,4370.89990234375,1480
2026-06-16 12:45:00+00:00,4370.89990234375,4376.5,4369.5,4375.89990234375,2137
2026-06-16 13:00:00+00:00,4375.89990234375,4376.5,4363.2998046875,4364.7001953125,2067
2026-06-16 13:15:00+00:00,4364.89990234375,4366.0,4354.2998046875,4356.2001953125,2003
2026-06-16 13:30:00+00:00,4356.0,4361.89990234375,4354.5,4359.89990234375,1614
2026-06-16 13:45:00+00:00,4360.2001953125,4361.7001953125,4352.60009765625,4352.7001953125,2223
2026-06-16 14:00:00+00:00,4352.5,4360.0,4352.39990234375,4356.60009765625,3037
2026-06-16 14:15:00+00:00,4356.5,4356.5,4338.2001953125,4340.5,3537
2026-06-16 14:30:00+00:00,4340.7001953125,4349.2998046875,4333.7001953125,4345.10009765625,3460
2026-06-16 14:45:00+00:00,4345.10009765625,4348.39990234375,4342.2998046875,4344.39990234375,1744
2026-06-16 15:00:00+00:00,4344.39990234375,4347.7001953125,4342.89990234375,4345.10009765625,1184
2026-06-16 15:15:00+00:00,4345.2001953125,4349.39990234375,4341.39990234375,4346.7001953125,1191
2026-06-16 15:30:00+00:00,4346.5,4350.39990234375,4343.60009765625,4347.2998046875,1225
2026-06-16 15:45:00+00:00,4347.2998046875,4364.5,4342.60009765625,4355.7001953125,3329
2026-06-16 16:00:00+00:00,4355.60009765625,4368.10009765625,4355.39990234375,4366.7001953125,2097
2026-06-16 16:15:00+00:00,4367.0,4367.5,4362.0,4365.7001953125,1133
2026-06-16 16:30:00+00:00,4365.39990234375,4366.2998046875,4361.0,4365.0,866
2026-06-16 16:45:00+00:00,4365.0,4367.60009765625,4361.2001953125,4361.7998046875,697
2026-06-16 17:00:00+00:00,4361.5,4362.2998046875,4354.2998046875,4356.60009765625,1398
2026-06-16 17:15:00+00:00,4356.2998046875,4357.0,4346.39990234375,4356.0,3052
2026-06-16 17:30:00+00:00,4356.10009765625,4361.2998046875,4355.39990234375,4359.89990234375,953
2026-06-16 17:45:00+00:00,4359.89990234375,4361.7998046875,4357.2001953125,4361.5,498
2026-06-16 18:00:00+00:00,4361.7998046875,4364.2998046875,4360.39990234375,4363.2001953125,520
2026-06-16 18:15:00+00:00,4362.7001953125,4363.60009765625,4360.5,4363.0,509
2026-06-16 18:30:00+00:00,4362.7001953125,4364.39990234375,4359.60009765625,4360.0,418
2026-06-16 18:45:00+00:00,4360.2001953125,4360.89990234375,4357.39990234375,4360.0,439
2026-06-16 19:00:00+00:00,4359.60009765625,4364.2998046875,4359.2001953125,4360.5,387
2026-06-16 19:15:00+00:00,4360.60009765625,4362.2998046875,4357.60009765625,4361.0,425
2026-06-16 19:30:00+00:00,4361.0,4361.39990234375,4358.39990234375,4360.0,510
2026-06-16 19:45:00+00:00,4360.2998046875,4361.39990234375,4352.39990234375,4355.60009765625,1328
2026-06-16 20:00:00+00:00,4355.2998046875,4355.60009765625,4352.60009765625,4352.7001953125,438
2026-06-16 20:15:00+00:00,4352.5,4355.5,4352.5,4354.5,159
2026-06-16 20:30:00+00:00,4354.5,4356.7001953125,4352.89990234375,4355.2001953125,212
2026-06-16 20:45:00+00:00,4355.10009765625,4355.39990234375,4351.2998046875,4353.0,333
2026-06-16 22:00:00+00:00,4352.60009765625,4355.2998046875,4350.2001953125,4351.89990234375,134
2026-06-16 22:15:00+00:00,4351.7998046875,4352.89990234375,4348.7001953125,4349.7001953125,408
2026-06-16 22:30:00+00:00,4350.10009765625,4353.10009765625,4349.89990234375,4352.60009765625,325
2026-06-16 22:45:00+00:00,4353.0,4355.89990234375,4351.7998046875,4355.0,220
2026-06-16 23:00:00+00:00,4354.7998046875,4358.0,4353.60009765625,4356.10009765625,230
2026-06-16 23:15:00+00:00,4356.5,4356.5,4355.2998046875,4356.2998046875,45
2026-06-16 23:30:00+00:00,4356.10009765625,4356.10009765625,4352.7001953125,4354.10009765625,133
2026-06-16 23:45:00+00:00,4354.0,4354.5,4349.10009765625,4350.7998046875,167
2026-06-17 00:00:00+00:00,4350.89990234375,4359.7998046875,4348.2001953125,4357.2998046875,497
2026-06-17 00:15:00+00:00,4357.89990234375,4361.89990234375,4356.2001953125,4356.7998046875,385
2026-06-17 00:30:00+00:00,4356.89990234375,4358.5,4354.39990234375,4355.0,242
2026-06-17 00:45:00+00:00,4354.89990234375,4358.0,4351.7001953125,4356.89990234375,515
2026-06-17 01:00:00+00:00,4356.39990234375,4369.7998046875,4354.10009765625,4367.5,1294
2026-06-17 01:15:00+00:00,4367.89990234375,4367.89990234375,4359.10009765625,4363.5,769
2026-06-17 01:30:00+00:00,4363.10009765625,4364.0,4357.7998046875,4359.7998046875,497
2026-06-17 01:45:00+00:00,4359.2998046875,4364.0,4356.7998046875,4361.0,366
2026-06-17 02:00:00+00:00,4360.89990234375,4364.39990234375,4359.89990234375,4362.7001953125,290
2026-06-17 02:15:00+00:00,4362.5,4364.39990234375,4359.39990234375,4360.5,274
2026-06-17 02:30:00+00:00,4360.39990234375,4364.0,4357.7001953125,4358.7998046875,313
2026-06-17 02:45:00+00:00,4358.7998046875,4358.89990234375,4349.60009765625,4351.2001953125,945
2026-06-17 03:00:00+00:00,4351.0,4353.60009765625,4349.10009765625,4350.2001953125,293
2026-06-17 03:15:00+00:00,4349.89990234375,4352.2001953125,4348.39990234375,4351.2998046875,426
2026-06-17 03:30:00+00:00,4351.2001953125,4353.2998046875,4349.60009765625,4353.0,360
2026-06-17 03:45:00+00:00,4352.60009765625,4353.7001953125,4350.0,4351.2001953125,260
2026-06-17 04:00:00+00:00,4352.2001953125,4352.2001953125,4348.10009765625,4350.2001953125,286
2026-06-17 04:15:00+00:00,4349.7001953125,4353.60009765625,4343.2998046875,4344.10009765625,656
2026-06-17 04:30:00+00:00,4343.7998046875,4345.2001953125,4337.10009765625,4342.5,727
2026-06-17 04:45:00+00:00,4342.5,4346.10009765625,4341.7001953125,4346.10009765625,222
2026-06-17 05:00:00+00:00,4346.2001953125,4347.5,4340.39990234375,4342.2001953125,455
2026-06-17 05:15:00+00:00,4342.10009765625,4347.0,4340.60009765625,4346.5,443
2026-06-17 05:30:00+00:00,4346.7998046875,4352.7001953125,4346.39990234375,4349.5,892
2026-06-17 05:45:00+00:00,4349.39990234375,4353.7998046875,4343.89990234375,4346.10009765625,584
2026-06-17 06:00:00+00:00,4346.5,4349.60009765625,4343.7998046875,4348.7998046875,613
2026-06-17 06:15:00+00:00,4348.5,4349.0,4340.10009765625,4343.7001953125,1058
2026-06-17 06:30:00+00:00,4343.60009765625,4348.7001953125,4342.0,4347.2998046875,671
2026-06-17 06:45:00+00:00,4347.2998046875,4351.2001953125,4346.2998046875,4351.2001953125,408
2026-06-17 07:00:00+00:00,4351.10009765625,4352.5,4346.60009765625,4346.89990234375,595
2026-06-17 07:15:00+00:00,4347.0,4352.2998046875,4346.10009765625,4348.2998046875,656
2026-06-17 07:30:00+00:00,4347.89990234375,4351.10009765625,4344.7998046875,4348.2001953125,636
2026-06-17 07:45:00+00:00,4348.5,4348.89990234375,4344.10009765625,4344.7001953125,863
2026-06-17 08:00:00+00:00,4344.7998046875,4347.5,4341.5,4342.2001953125,469
2026-06-17 08:15:00+00:00,4342.10009765625,4344.39990234375,4338.7998046875,4343.2001953125,848
2026-06-17 08:30:00+00:00,4342.7001953125,4343.89990234375,4337.89990234375,4339.2001953125,473
2026-06-17 08:45:00+00:00,4339.10009765625,4345.0,4335.60009765625,4344.2001953125,791
2026-06-17 09:00:00+00:00,4344.39990234375,4345.2998046875,4340.5,4344.7001953125,347
2026-06-17 09:15:00+00:00,4345.0,4352.60009765625,4345.0,4351.0,1147
2026-06-17 09:30:00+00:00,4351.10009765625,4355.10009765625,4347.7998046875,4348.0,976
2026-06-17 09:45:00+00:00,4348.2998046875,4349.2998046875,4345.2001953125,4349.2998046875,415
2026-06-17 10:00:00+00:00,4349.2001953125,4350.5,4346.89990234375,4350.2998046875,287
2026-06-17 10:15:00+00:00,4350.10009765625,4350.2998046875,4346.2001953125,4348.60009765625,303
2026-06-17 10:30:00+00:00,4348.7998046875,4350.7998046875,4346.7998046875,4350.7001953125,318
2026-06-17 10:45:00+00:00,4350.5,4355.10009765625,4350.2998046875,4351.10009765625,728
2026-06-17 11:00:00+00:00,4351.2998046875,4351.5,4347.2001953125,4348.60009765625,563
2026-06-17 11:15:00+00:00,4348.39990234375,4351.39990234375,4347.5,4348.0,276
2026-06-17 11:30:00+00:00,4348.39990234375,4348.5,4343.39990234375,4345.2001953125,626
2026-06-17 11:45:00+00:00,4345.0,4346.60009765625,4340.0,4342.60009765625,704
2026-06-17 12:00:00+00:00,4342.7998046875,4344.2998046875,4338.7001953125,4342.60009765625,1482
2026-06-17 12:15:00+00:00,4342.60009765625,4347.0,4341.0,4343.7998046875,979
2026-06-17 12:30:00+00:00,4344.5,4351.7001953125,4342.7001953125,4351.10009765625,1123
2026-06-17 12:45:00+00:00,4351.5,4355.2001953125,4350.7001953125,4353.2998046875,1158
2026-06-17 13:00:00+00:00,4353.39990234375,4354.10009765625,4343.7001953125,4351.39990234375,1752
2026-06-17 13:15:00+00:00,4351.5,4358.60009765625,4350.39990234375,4355.2998046875,1494
2026-06-17 13:30:00+00:00,4355.60009765625,4361.89990234375,4352.2998046875,4361.2998046875,2123
2026-06-17 13:45:00+00:00,4361.7001953125,4365.5,4359.2001953125,4359.7998046875,3312
2026-06-17 14:00:00+00:00,4359.60009765625,4366.39990234375,4355.5,4362.5,3187
2026-06-17 14:15:00+00:00,4362.5,4382.39990234375,4360.89990234375,4380.39990234375,4204
2026-06-17 14:30:00+00:00,4380.0,4384.2001953125,4367.10009765625,4372.0,3462
2026-06-17 14:45:00+00:00,4372.10009765625,4375.60009765625,4349.89990234375,4364.10009765625,4953
2026-06-17 15:00:00+00:00,4363.7998046875,4368.2998046875,4363.60009765625,4367.89990234375,1001
2026-06-17 15:15:00+00:00,4367.60009765625,4380.0,4366.89990234375,4375.2001953125,2279
2026-06-17 15:30:00+00:00,4375.39990234375,4381.2001953125,4374.39990234375,4378.10009765625,1053
2026-06-17 15:45:00+00:00,4378.10009765625,4385.5,4377.0,4383.60009765625,1616
2026-06-17 16:00:00+00:00,4383.2998046875,4386.2001953125,4380.60009765625,4382.39990234375,1217
2026-06-17 16:15:00+00:00,4382.5,4386.7001953125,4380.7998046875,4385.2998046875,1034
2026-06-17 16:30:00+00:00,4385.2998046875,4385.39990234375,4375.2001953125,4377.89990234375,990
2026-06-17 16:45:00+00:00,4378.0,4380.10009765625,4376.2001953125,4379.7998046875,857
2026-06-17 17:00:00+00:00,4379.60009765625,4381.60009765625,4375.7001953125,4379.5,1565
2026-06-17 17:15:00+00:00,4379.2001953125,4384.60009765625,4378.2001953125,4381.7001953125,1643
2026-06-17 17:30:00+00:00,4381.39990234375,4402.7998046875,4381.2001953125,4396.7001953125,5205
2026-06-17 17:45:00+00:00,4397.10009765625,4403.60009765625,4394.60009765625,4401.10009765625,1919
2026-06-17 18:00:00+00:00,4399.60009765625,4399.60009765625,4296.10009765625,4303.2998046875,18165
2026-06-17 18:15:00+00:00,4304.0,4328.0,4302.10009765625,4312.60009765625,5670
2026-06-17 18:30:00+00:00,4311.7001953125,4347.0,4288.2998046875,4343.2001953125,11297
2026-06-17 18:45:00+00:00,4343.39990234375,4352.5,4296.0,4305.2001953125,6747
2026-06-17 19:00:00+00:00,4305.0,4315.0,4277.60009765625,4283.0,7827
2026-06-17 19:15:00+00:00,4282.7001953125,4283.60009765625,4244.89990234375,4245.7998046875,7442
2026-06-17 19:30:00+00:00,4245.60009765625,4255.2001953125,4237.39990234375,4249.2001953125,8113
2026-06-17 19:45:00+00:00,4249.2998046875,4265.5,4247.39990234375,4254.2998046875,5232
2026-06-17 20:00:00+00:00,4254.2001953125,4279.2998046875,4253.2998046875,4276.0,2786
2026-06-17 20:15:00+00:00,4276.7998046875,4289.0,4272.7998046875,4277.5,2415
2026-06-17 20:30:00+00:00,4277.5,4284.89990234375,4277.5,4279.5,860
2026-06-17 20:45:00+00:00,4279.89990234375,4281.60009765625,4275.10009765625,4276.2998046875,428
2026-06-17 22:00:00+00:00,4275.10009765625,4287.2998046875,4273.2998046875,4284.7998046875,713
2026-06-17 22:15:00+00:00,4284.89990234375,4290.5,4283.7001953125,4286.0,877
2026-06-17 22:30:00+00:00,4285.5,4287.7998046875,4282.39990234375,4282.7001953125,422
2026-06-17 22:45:00+00:00,4283.2998046875,4289.89990234375,4279.2998046875,4285.7998046875,583
2026-06-17 23:00:00+00:00,4285.7001953125,4301.7001953125,4283.2001953125,4301.39990234375,803
2026-06-17 23:15:00+00:00,4301.39990234375,4303.0,4294.5,4299.0,975
2026-06-17 23:30:00+00:00,4298.7998046875,4301.7001953125,4287.39990234375,4295.39990234375,984
2026-06-17 23:45:00+00:00,4295.39990234375,4298.2998046875,4291.7001953125,4297.2001953125,573
2026-06-18 00:00:00+00:00,4297.60009765625,4318.7998046875,4296.2001953125,4317.10009765625,1504
2026-06-18 00:15:00+00:00,4316.89990234375,4320.89990234375,4313.7998046875,4319.89990234375,1187
2026-06-18 00:30:00+00:00,4320.0,4331.2001953125,4319.5,4330.39990234375,1424
2026-06-18 00:45:00+00:00,4330.60009765625,4335.0,4327.7001953125,4328.0,1372
2026-06-18 01:00:00+00:00,4328.7998046875,4348.89990234375,4326.2998046875,4342.89990234375,2605
2026-06-18 01:15:00+00:00,4342.60009765625,4343.7001953125,4335.0,4339.2001953125,1077
2026-06-18 01:30:00+00:00,4339.2001953125,4345.2998046875,4337.0,4342.5,1258
2026-06-18 01:45:00+00:00,4342.10009765625,4346.10009765625,4337.0,4337.7001953125,795
2026-06-18 02:00:00+00:00,4338.0,4350.2001953125,4336.10009765625,4347.2998046875,1209
2026-06-18 02:15:00+00:00,4347.10009765625,4350.0,4343.39990234375,4344.5,727
2026-06-18 02:30:00+00:00,4344.2998046875,4345.39990234375,4336.10009765625,4336.60009765625,973
2026-06-18 02:45:00+00:00,4336.2998046875,4338.89990234375,4330.39990234375,4331.0,854
2026-06-18 03:00:00+00:00,4331.2998046875,4336.2001953125,4328.89990234375,4331.2998046875,773
2026-06-18 03:15:00+00:00,4332.89990234375,4336.7998046875,4330.39990234375,4334.2998046875,750
2026-06-18 03:30:00+00:00,4334.7998046875,4343.0,4333.2998046875,4339.0,1198
2026-06-18 03:45:00+00:00,4338.89990234375,4341.0,4336.7001953125,4339.60009765625,310
2026-06-18 04:00:00+00:00,4340.0,4344.2001953125,4334.89990234375,4338.2001953125,780
2026-06-18 04:15:00+00:00,4338.10009765625,4339.2998046875,4331.60009765625,4333.7001953125,485
2026-06-18 04:30:00+00:00,4333.60009765625,4338.2998046875,4330.0,4330.0,555
2026-06-18 04:45:00+00:00,4330.10009765625,4337.5,4330.0,4336.0,675
2026-06-18 05:00:00+00:00,4335.7998046875,4338.60009765625,4332.5,4335.60009765625,380
2026-06-18 05:15:00+00:00,4336.39990234375,4343.2998046875,4335.7998046875,4343.2998046875,593
2026-06-18 05:30:00+00:00,4343.0,4345.2001953125,4329.60009765625,4330.5,1168
2026-06-18 05:45:00+00:00,4330.10009765625,4331.39990234375,4321.5,4328.0,1896
2026-06-18 06:00:00+00:00,4328.39990234375,4330.2998046875,4316.39990234375,4319.39990234375,1318
2026-06-18 06:15:00+00:00,4318.89990234375,4325.7001953125,4316.2998046875,4325.39990234375,875
2026-06-18 06:30:00+00:00,4325.0,4325.39990234375,4319.2998046875,4321.7998046875,712
2026-06-18 06:45:00+00:00,4321.39990234375,4327.7998046875,4321.39990234375,4326.60009765625,852
2026-06-18 07:00:00+00:00,4326.39990234375,4329.2998046875,4320.39990234375,4327.0,1026
2026-06-18 07:15:00+00:00,4327.0,4329.7001953125,4323.7998046875,4327.60009765625,759
2026-06-18 07:30:00+00:00,4327.2001953125,4327.2001953125,4312.7998046875,4317.2998046875,1258
2026-06-18 07:45:00+00:00,4317.89990234375,4318.5,4307.10009765625,4308.39990234375,977
2026-06-18 08:00:00+00:00,4308.60009765625,4312.60009765625,4303.5,4306.7001953125,1220
2026-06-18 08:15:00+00:00,4306.39990234375,4309.7001953125,4302.60009765625,4304.10009765625,740
2026-06-18 08:30:00+00:00,4304.10009765625,4309.0,4300.10009765625,4300.7001953125,1441
2026-06-18 08:45:00+00:00,4300.7998046875,4300.89990234375,4284.60009765625,4285.89990234375,1920
2026-06-18 09:00:00+00:00,4286.0,4288.5,4278.60009765625,4286.2998046875,1947
2026-06-18 09:15:00+00:00,4286.60009765625,4292.5,4284.39990234375,4285.39990234375,1401
2026-06-18 09:30:00+00:00,4285.2001953125,4288.2001953125,4282.60009765625,4287.7001953125,1506
2026-06-18 09:45:00+00:00,4287.60009765625,4292.60009765625,4286.60009765625,4287.7001953125,1041
2026-06-18 10:00:00+00:00,4287.60009765625,4289.0,4280.5,4287.2001953125,1134
2026-06-18 10:15:00+00:00,4287.10009765625,4291.89990234375,4282.2001953125,4288.39990234375,1614
2026-06-18 10:30:00+00:00,4288.5,4289.5,4282.10009765625,4282.7998046875,678
2026-06-18 10:45:00+00:00,4283.2001953125,4285.5,4273.2001953125,4273.89990234375,1115
2026-06-18 11:00:00+00:00,4274.2001953125,4274.2001953125,4258.60009765625,4266.10009765625,2603
2026-06-18 11:15:00+00:00,4265.7998046875,4269.10009765625,4262.2001953125,4268.0,1463
2026-06-18 11:30:00+00:00,4267.89990234375,4269.7001953125,4261.0,4262.60009765625,1538
2026-06-18 11:45:00+00:00,4262.7001953125,4264.7001953125,4257.89990234375,4260.60009765625,1775
2026-06-18 12:00:00+00:00,4260.5,4277.10009765625,4259.0,4275.2998046875,2304
2026-06-18 12:15:00+00:00,4275.7001953125,4288.60009765625,4273.2001953125,4273.89990234375,3495
2026-06-18 12:30:00+00:00,4273.89990234375,4277.60009765625,4259.7001953125,4261.7998046875,3114
2026-06-18 12:45:00+00:00,4261.89990234375,4266.89990234375,4259.2001953125,4265.10009765625,2266
2026-06-18 13:00:00+00:00,4265.0,4278.2001953125,4263.5,4278.2001953125,1842
2026-06-18 13:15:00+00:00,4278.2998046875,4282.5,4271.60009765625,4282.10009765625,1980
2026-06-18 13:30:00+00:00,4282.0,4296.2001953125,4281.89990234375,4283.60009765625,4409
2026-06-18 13:45:00+00:00,4283.7998046875,4284.60009765625,4269.7998046875,4275.5,2917
2026-06-18 14:00:00+00:00,4275.2998046875,4277.2998046875,4257.2001953125,4260.2001953125,6211
2026-06-18 14:15:00+00:00,4259.7001953125,4275.10009765625,4255.0,4263.5,3797
2026-06-18 14:30:00+00:00,4263.39990234375,4271.7001953125,4260.2998046875,4263.7998046875,2203
2026-06-18 14:45:00+00:00,4263.5,4274.2998046875,4258.89990234375,4271.7001953125,2098
2026-06-18 15:00:00+00:00,4271.89990234375,4274.2001953125,4265.5,4266.2998046875,1417
2026-06-18 15:15:00+00:00,4266.39990234375,4268.39990234375,4253.2001953125,4254.89990234375,2681
2026-06-18 15:30:00+00:00,4254.2001953125,4255.60009765625,4242.60009765625,4250.5,3614
2026-06-18 15:45:00+00:00,4250.2001953125,4250.60009765625,4241.7001953125,4245.5,2230
2026-06-18 16:00:00+00:00,4245.7998046875,4252.5,4245.0,4246.60009765625,1883
2026-06-18 16:15:00+00:00,4246.7998046875,4247.89990234375,4241.2001953125,4244.0,2336
2026-06-18 16:30:00+00:00,4244.60009765625,4248.89990234375,4234.2001953125,4241.2998046875,3640
2026-06-18 16:45:00+00:00,4241.39990234375,4241.60009765625,4233.0,4238.7001953125,1746
2026-06-18 17:00:00+00:00,4238.7001953125,4247.5,4237.7998046875,4247.2998046875,1931
2026-06-18 17:15:00+00:00,4246.7998046875,4250.89990234375,4244.7998046875,4245.2998046875,2949
2026-06-18 17:30:00+00:00,4245.10009765625,4249.39990234375,4241.5,4249.39990234375,1544
2026-06-18 17:45:00+00:00,4249.0,4252.5,4246.2998046875,4249.5,830
2026-06-18 18:00:00+00:00,4249.2001953125,4252.10009765625,4246.2001953125,4247.2998046875,515
2026-06-18 18:15:00+00:00,4247.2001953125,4249.0,4244.39990234375,4245.2001953125,439
2026-06-18 18:30:00+00:00,4245.10009765625,4245.2001953125,4239.5,4243.7998046875,1012
2026-06-18 18:45:00+00:00,4243.7001953125,4244.2001953125,4237.39990234375,4237.7001953125,786
2026-06-18 19:00:00+00:00,4237.89990234375,4238.39990234375,4223.10009765625,4226.7001953125,2042
2026-06-18 19:15:00+00:00,4226.7001953125,4227.5,4221.0,4224.10009765625,1385
2026-06-18 19:30:00+00:00,4224.0,4234.0,4220.2998046875,4233.39990234375,1317
2026-06-18 19:45:00+00:00,4233.2998046875,4237.7001953125,4232.60009765625,4236.2001953125,1281
2026-06-18 20:00:00+00:00,4236.2001953125,4237.2001953125,4233.89990234375,4235.89990234375,360
2026-06-18 20:15:00+00:00,4236.10009765625,4238.7001953125,4234.0,4237.7001953125,287
2026-06-18 20:30:00+00:00,4237.89990234375,4237.89990234375,4231.7998046875,4232.0,412
2026-06-18 20:45:00+00:00,4232.10009765625,4232.2998046875,4226.60009765625,4227.89990234375,568
2026-06-18 22:00:00+00:00,4231.2001953125,4231.39990234375,4221.39990234375,4226.60009765625,98
2026-06-18 22:15:00+00:00,4226.89990234375,4229.0,4221.2998046875,4222.60009765625,244
2026-06-18 22:30:00+00:00,4223.0,4224.2001953125,4221.7001953125,4223.60009765625,135
2026-06-18 22:45:00+00:00,4223.89990234375,4229.2998046875,4222.89990234375,4225.89990234375,278
2026-06-18 23:00:00+00:00,4226.2001953125,4226.7998046875,4210.5,4214.5,651
2026-06-18 23:15:00+00:00,4215.0,4217.7001953125,4212.10009765625,4215.39990234375,301
2026-06-18 23:30:00+00:00,4215.60009765625,4217.39990234375,4212.2001953125,4212.89990234375,200
2026-06-18 23:45:00+00:00,4212.39990234375,4213.2001953125,4205.0,4206.7998046875,569
2026-06-19 00:00:00+00:00,4206.89990234375,4216.89990234375,4202.5,4204.0,751
2026-06-19 00:15:00+00:00,4203.89990234375,4207.5,4202.2001953125,4203.2001953125,750
2026-06-19 00:30:00+00:00,4203.39990234375,4210.0,4202.7001953125,4206.89990234375,559
2026-06-19 00:45:00+00:00,4207.2998046875,4210.2998046875,4206.0,4209.0,216
2026-06-19 01:00:00+00:00,4209.2998046875,4213.10009765625,4202.2998046875,4204.5,688
2026-06-19 01:15:00+00:00,4204.60009765625,4209.7998046875,4201.2001953125,4209.0,661
2026-06-19 01:30:00+00:00,4208.2998046875,4208.2998046875,4202.2998046875,4203.7998046875,345
2026-06-19 01:45:00+00:00,4203.7998046875,4205.39990234375,4201.5,4202.60009765625,539
2026-06-19 02:00:00+00:00,4202.2998046875,4204.0,4195.7998046875,4197.2001953125,1383
2026-06-19 02:15:00+00:00,4197.5,4197.60009765625,4192.5,4197.10009765625,697
2026-06-19 02:30:00+00:00,4197.10009765625,4201.39990234375,4194.7001953125,4197.39990234375,448
2026-06-19 02:45:00+00:00,4197.60009765625,4198.10009765625,4189.5,4193.89990234375,680
2026-06-19 03:00:00+00:00,4194.0,4194.7001953125,4183.7001953125,4183.7001953125,957
2026-06-19 03:15:00+00:00,4184.2001953125,4188.5,4182.5,4185.10009765625,680
2026-06-19 03:30:00+00:00,4185.0,4185.5,4175.10009765625,4180.10009765625,893
2026-06-19 03:45:00+00:00,4179.39990234375,4179.5,4162.7001953125,4167.5,1418
2026-06-21 22:00:00+00:00,4163.89990234375,4176.0,4151.39990234375,4168.10009765625,1391
2026-06-21 22:15:00+00:00,4167.89990234375,4172.89990234375,4164.7998046875,4168.39990234375,690
2026-06-21 22:30:00+00:00,4168.7001953125,4172.89990234375,4167.0,4172.89990234375,555
2026-06-21 22:45:00+00:00,4170.7001953125,4173.2998046875,4169.5,4172.7998046875,336
2026-06-21 23:00:00+00:00,4172.7998046875,4181.5,4171.89990234375,4174.89990234375,971
2026-06-21 23:15:00+00:00,4174.89990234375,4175.7001953125,4170.39990234375,4172.7998046875,920
2026-06-21 23:30:00+00:00,4172.0,4172.89990234375,4158.0,4162.10009765625,936
2026-06-21 23:45:00+00:00,4161.7001953125,4172.89990234375,4152.89990234375,4157.0,1144
2026-06-22 00:00:00+00:00,4157.2998046875,4179.39990234375,4156.60009765625,4177.60009765625,1558
2026-06-22 00:15:00+00:00,4178.2998046875,4187.7001953125,4172.89990234375,4184.60009765625,1197
2026-06-22 00:30:00+00:00,4184.60009765625,4193.7001953125,4183.0,4193.10009765625,845
2026-06-22 00:45:00+00:00,4193.2998046875,4218.2998046875,4172.89990234375,4218.10009765625,2174
2026-06-22 01:00:00+00:00,4217.7001953125,4238.10009765625,4172.89990234375,4229.5,3577
2026-06-22 01:15:00+00:00,4228.89990234375,4232.39990234375,4172.89990234375,4225.0,1673
2026-06-22 01:30:00+00:00,4224.60009765625,4224.60009765625,4172.89990234375,4218.0,1807
2026-06-22 01:45:00+00:00,4218.89990234375,4219.0,4207.0,4208.10009765625,1170
2026-06-22 02:00:00+00:00,4208.2001953125,4212.5,4172.89990234375,4201.39990234375,908
2026-06-22 02:15:00+00:00,4201.60009765625,4207.60009765625,4172.89990234375,4206.2998046875,850
2026-06-22 02:30:00+00:00,4206.0,4217.89990234375,4172.89990234375,4209.2998046875,1043
2026-06-22 02:45:00+00:00,4209.10009765625,4209.7001953125,4172.89990234375,4205.7001953125,541
2026-06-22 03:00:00+00:00,4206.2998046875,4207.39990234375,4196.0,4196.0,665
2026-06-22 03:15:00+00:00,4196.2998046875,4198.5,4172.89990234375,4197.5,823
2026-06-22 03:30:00+00:00,4197.89990234375,4198.5,4172.89990234375,4193.10009765625,317
2026-06-22 03:45:00+00:00,4193.2998046875,4196.60009765625,4172.89990234375,4189.60009765625,341
2026-06-22 04:00:00+00:00,4189.2001953125,4196.2001953125,4188.10009765625,4193.7001953125,322
2026-06-22 04:15:00+00:00,4194.10009765625,4196.60009765625,4172.89990234375,4194.2001953125,188
2026-06-22 04:30:00+00:00,4194.2001953125,4196.0,4172.89990234375,4194.39990234375,223
2026-06-22 04:45:00+00:00,4194.10009765625,4199.7001953125,4172.89990234375,4199.39990234375,305
2026-06-22 05:00:00+00:00,4199.2998046875,4204.39990234375,4172.89990234375,4203.2998046875,452
2026-06-22 05:15:00+00:00,4204.2001953125,4211.89990234375,4202.0,4211.7998046875,668
2026-06-22 05:30:00+00:00,4211.5,4216.39990234375,4172.89990234375,4210.5,1062
2026-06-22 05:45:00+00:00,4210.7998046875,4214.7001953125,4172.89990234375,4211.2998046875,497
2026-06-22 06:00:00+00:00,4211.60009765625,4216.0,4208.89990234375,4211.7998046875,755
2026-06-22 06:15:00+00:00,4212.2001953125,4219.10009765625,4172.89990234375,4214.89990234375,1114
2026-06-22 06:30:00+00:00,4214.7998046875,4220.60009765625,4212.89990234375,4220.5,549
2026-06-22 06:45:00+00:00,4220.39990234375,4225.39990234375,4172.89990234375,4215.39990234375,1260
2026-06-22 07:00:00+00:00,4216.0,4219.60009765625,4172.89990234375,4217.2001953125,750
2026-06-22 07:15:00+00:00,4217.89990234375,4219.7001953125,4215.0,4215.60009765625,654
2026-06-22 07:30:00+00:00,4215.7001953125,4217.89990234375,4172.89990234375,4212.5,923
2026-06-22 07:45:00+00:00,4212.2001953125,4214.2001953125,4206.5,4208.5,616
2026-06-22 08:00:00+00:00,4208.2998046875,4212.7001953125,4172.89990234375,4208.0,1047
2026-06-22 08:15:00+00:00,4208.0,4213.2998046875,4172.89990234375,4209.89990234375,540
2026-06-22 08:30:00+00:00,4209.5,4212.10009765625,4207.0,4211.60009765625,572
2026-06-22 08:45:00+00:00,4211.60009765625,4215.89990234375,4172.89990234375,4215.7001953125,594
2026-06-22 09:00:00+00:00,4215.5,4227.7998046875,4172.89990234375,4223.5,1026
2026-06-22 09:15:00+00:00,4223.7001953125,4227.10009765625,4172.89990234375,4222.0,756
2026-06-22 09:30:00+00:00,4222.2001953125,4227.89990234375,4172.89990234375,4224.89990234375,2000
2026-06-22 09:45:00+00:00,4224.7998046875,4228.60009765625,4222.2001953125,4226.2001953125,1037
2026-06-22 10:00:00+00:00,4226.5,4232.2001953125,4172.89990234375,4230.89990234375,780
2026-06-22 10:15:00+00:00,4230.60009765625,4232.2998046875,4172.89990234375,4228.10009765625,598
2026-06-22 10:30:00+00:00,4228.0,4229.39990234375,4172.89990234375,4226.39990234375,311
2026-06-22 10:45:00+00:00,4226.60009765625,4227.39990234375,4172.89990234375,4222.7001953125,661
2026-06-22 11:00:00+00:00,4222.7998046875,4233.7001953125,4222.39990234375,4226.2998046875,1259
2026-06-22 11:15:00+00:00,4226.10009765625,4227.7998046875,4172.89990234375,4222.0,328
2026-06-22 11:30:00+00:00,4221.89990234375,4226.2998046875,4172.89990234375,4224.39990234375,699
2026-06-22 11:45:00+00:00,4224.39990234375,4225.7998046875,4172.89990234375,4225.2998046875,614
2026-06-22 12:00:00+00:00,4225.89990234375,4229.5,4172.89990234375,4226.10009765625,872
2026-06-22 12:15:00+00:00,4225.39990234375,4229.89990234375,4224.2001953125,4226.7001953125,1501
2026-06-22 12:30:00+00:00,4226.2998046875,4226.60009765625,4172.89990234375,4221.7998046875,1224
2026-06-22 12:45:00+00:00,4222.0,4223.10009765625,4172.89990234375,4211.39990234375,1649
2026-06-22 13:00:00+00:00,4211.60009765625,4215.2998046875,4172.89990234375,4212.89990234375,3340
2026-06-22 13:15:00+00:00,4212.7998046875,4215.89990234375,4172.89990234375,4205.10009765625,2656
2026-06-22 13:30:00+00:00,4205.5,4212.7998046875,4201.2001953125,4209.60009765625,2958
2026-06-22 13:45:00+00:00,4209.2001953125,4224.5,4172.89990234375,4218.5,3506
2026-06-22 14:00:00+00:00,4218.7001953125,4229.5,4172.89990234375,4223.89990234375,3980
2026-06-22 14:15:00+00:00,4223.89990234375,4224.7998046875,4172.89990234375,4210.39990234375,2436
2026-06-22 14:30:00+00:00,4210.0,4216.0,4172.89990234375,4211.0,2469
2026-06-22 14:45:00+00:00,4211.10009765625,4224.2998046875,4210.89990234375,4216.7001953125,2253
2026-06-22 15:00:00+00:00,4216.60009765625,4219.60009765625,4172.89990234375,4216.2998046875,968
2026-06-22 15:15:00+00:00,4216.0,4216.2998046875,4172.89990234375,4207.60009765625,1586
2026-06-22 15:30:00+00:00,4207.2001953125,4208.7998046875,4172.89990234375,4199.10009765625,1959
2026-06-22 15:45:00+00:00,4198.89990234375,4203.2001953125,4172.89990234375,4201.0,4299
2026-06-22 16:00:00+00:00,4200.7998046875,4203.10009765625,4192.2001953125,4195.60009765625,1659
2026-06-22 16:15:00+00:00,4194.7998046875,4201.10009765625,4172.89990234375,4201.10009765625,1082
2026-06-22 16:30:00+00:00,4200.7001953125,4204.60009765625,4172.89990234375,4200.0,692
2026-06-22 16:45:00+00:00,4199.89990234375,4211.89990234375,4172.89990234375,4208.5,1084
2026-06-22 17:00:00+00:00,4208.5,4209.7001953125,4172.89990234375,4205.0,714
2026-06-22 17:15:00+00:00,4205.10009765625,4210.10009765625,4201.5,4202.60009765625,1950
2026-06-22 17:30:00+00:00,4202.5,4203.10009765625,4172.89990234375,4199.7998046875,1023
2026-06-22 17:45:00+00:00,4199.7998046875,4202.0,4172.89990234375,4201.39990234375,296
2026-06-22 18:00:00+00:00,4201.60009765625,4204.60009765625,4172.89990234375,4202.2998046875,298
2026-06-22 18:15:00+00:00,4202.5,4208.2998046875,4172.89990234375,4206.0,648
2026-06-22 18:30:00+00:00,4206.60009765625,4208.39990234375,4204.2001953125,4208.2998046875,424
2026-06-22 18:45:00+00:00,4208.0,4211.2998046875,4172.89990234375,4209.10009765625,494
2026-06-22 19:00:00+00:00,4209.5,4211.60009765625,4172.89990234375,4209.5,397
2026-06-22 19:15:00+00:00,4209.7001953125,4210.10009765625,4205.60009765625,4205.7998046875,355
2026-06-22 19:30:00+00:00,4205.7998046875,4208.7001953125,4172.89990234375,4203.0,454
2026-06-22 19:45:00+00:00,4202.7998046875,4210.39990234375,4202.7998046875,4209.39990234375,1046
2026-06-22 20:00:00+00:00,4209.39990234375,4212.2998046875,4172.89990234375,4209.10009765625,284
2026-06-22 20:15:00+00:00,4209.0,4209.7998046875,4172.89990234375,4208.60009765625,195
2026-06-22 20:30:00+00:00,4208.60009765625,4212.2001953125,4208.0,4211.0,243
2026-06-22 20:45:00+00:00,4211.39990234375,4211.7998046875,4172.89990234375,4172.89990234375,243
2026-06-22 22:00:00+00:00,4210.7998046875,4212.7001953125,4209.2998046875,4210.5,203
2026-06-22 22:15:00+00:00,4210.7998046875,4211.39990234375,4209.0,4211.10009765625,169
2026-06-22 22:30:00+00:00,4211.10009765625,4212.7001953125,4207.2998046875,4208.10009765625,425
2026-06-22 22:45:00+00:00,4208.2001953125,4208.7001953125,4206.10009765625,4207.7998046875,214
2026-06-22 23:00:00+00:00,4207.5,4210.7998046875,4207.5,4209.2001953125,192
2026-06-22 23:15:00+00:00,4208.5,4210.0,4208.10009765625,4209.2001953125,95
2026-06-22 23:30:00+00:00,4208.7001953125,4213.60009765625,4208.60009765625,4213.39990234375,196
2026-06-22 23:45:00+00:00,4213.10009765625,4213.10009765625,4204.60009765625,4205.5,381
2026-06-23 00:00:00+00:00,4205.0,4210.0,4196.0,4196.60009765625,605
2026-06-23 00:15:00+00:00,4197.0,4203.2998046875,4196.0,4200.7998046875,479
2026-06-23 00:30:00+00:00,4201.5,4211.2998046875,4199.7998046875,4209.7998046875,456
2026-06-23 00:45:00+00:00,4210.0,4212.7001953125,4207.2998046875,4210.7001953125,399
2026-06-23 01:00:00+00:00,4210.60009765625,4216.0,4202.2001953125,4202.39990234375,1025
2026-06-23 01:15:00+00:00,4202.39990234375,4203.2001953125,4188.0,4195.7001953125,1359
2026-06-23 01:30:00+00:00,4195.2001953125,4195.2001953125,4171.0,4171.7998046875,3068
2026-06-23 01:45:00+00:00,4171.5,4180.89990234375,4167.5,4179.2998046875,1662
2026-06-23 02:00:00+00:00,4179.39990234375,4181.2001953125,4166.60009765625,4171.7998046875,1332
2026-06-23 02:15:00+00:00,4171.39990234375,4181.2998046875,4171.2998046875,4180.10009765625,822
2026-06-23 02:30:00+00:00,4179.7001953125,4180.10009765625,4170.39990234375,4173.39990234375,530
2026-06-23 02:45:00+00:00,4172.7001953125,4175.0,4164.2998046875,4164.89990234375,817
2026-06-23 03:00:00+00:00,4164.89990234375,4167.60009765625,4156.2998046875,4160.7001953125,1367
2026-06-23 03:15:00+00:00,4160.7998046875,4161.7998046875,4148.39990234375,4158.7998046875,1894
2026-06-23 03:30:00+00:00,4158.7001953125,4159.0,4151.2998046875,4156.39990234375,872
2026-06-23 03:45:00+00:00,4156.39990234375,4162.2001953125,4154.5,4162.2001953125,603
2026-06-23 04:00:00+00:00,4161.7998046875,4164.7998046875,4159.2001953125,4160.7998046875,595
2026-06-23 04:15:00+00:00,4160.2998046875,4160.2998046875,4154.60009765625,4157.7001953125,436
2026-06-23 04:30:00+00:00,4157.10009765625,4158.0,4152.2998046875,4156.0,696
2026-06-23 04:45:00+00:00,4156.2001953125,4157.5,4132.2001953125,4135.60009765625,1866
2026-06-23 05:00:00+00:00,4136.0,4155.0,4133.10009765625,4147.5,1306
2026-06-23 05:15:00+00:00,4147.39990234375,4148.2001953125,4141.60009765625,4143.0,492
2026-06-23 05:30:00+00:00,4143.10009765625,4151.5,4134.89990234375,4145.60009765625,1471
2026-06-23 05:45:00+00:00,4145.39990234375,4145.7001953125,4134.60009765625,4138.89990234375,1518
2026-06-23 06:00:00+00:00,4139.60009765625,4144.89990234375,4129.2001953125,4140.2998046875,2305
2026-06-23 06:15:00+00:00,4141.0,4144.7001953125,4132.5,4134.0,1545
2026-06-23 06:30:00+00:00,4134.2001953125,4139.2001953125,4128.7998046875,4131.60009765625,1187
2026-06-23 06:45:00+00:00,4131.60009765625,4138.2001953125,4127.89990234375,4132.39990234375,1064
2026-06-23 07:00:00+00:00,4131.89990234375,4142.7001953125,4127.5,4133.5,1645
2026-06-23 07:15:00+00:00,4133.7001953125,4141.0,4131.2998046875,4136.2001953125,818
2026-06-23 07:30:00+00:00,4135.89990234375,4137.39990234375,4121.0,4122.10009765625,1351
2026-06-23 07:45:00+00:00,4122.7998046875,4125.7998046875,4114.0,4116.0,1775
2026-06-23 08:00:00+00:00,4116.2998046875,4117.5,4108.2001953125,4111.5,2528
2026-06-23 08:15:00+00:00,4110.7998046875,4117.39990234375,4109.7001953125,4115.89990234375,1029
2026-06-23 08:30:00+00:00,4115.7998046875,4128.39990234375,4114.2001953125,4127.2998046875,1590
2026-06-23 08:45:00+00:00,4127.2001953125,4127.2001953125,4119.5,4122.60009765625,821
2026-06-23 09:00:00+00:00,4123.0,4131.7001953125,4122.10009765625,4129.10009765625,1164
2026-06-23 09:15:00+00:00,4129.10009765625,4134.89990234375,4126.5,4130.2001953125,1286
2026-06-23 09:30:00+00:00,4130.60009765625,4138.5,4130.10009765625,4134.7001953125,1118
2026-06-23 09:45:00+00:00,4135.2001953125,4140.10009765625,4133.0,4140.10009765625,576
2026-06-23 10:00:00+00:00,4140.0,4151.10009765625,4139.89990234375,4147.60009765625,1382
2026-06-23 10:15:00+00:00,4147.60009765625,4150.60009765625,4144.2001953125,4148.10009765625,719
2026-06-23 10:30:00+00:00,4148.2001953125,4149.7001953125,4142.0,4144.2998046875,668
2026-06-23 10:45:00+00:00,4144.39990234375,4144.39990234375,4137.39990234375,4137.7001953125,965
2026-06-23 11:00:00+00:00,4137.60009765625,4147.89990234375,4135.2001953125,4146.89990234375,1092
2026-06-23 11:15:00+00:00,4146.7001953125,4150.0,4142.2998046875,4144.89990234375,1150
2026-06-23 11:30:00+00:00,4144.60009765625,4146.39990234375,4136.39990234375,4138.89990234375,1187
2026-06-23 11:45:00+00:00,4138.39990234375,4144.0,4135.7001953125,4141.10009765625,1265
2026-06-23 12:00:00+00:00,4141.0,4145.2998046875,4130.60009765625,4131.7998046875,1277
2026-06-23 12:15:00+00:00,4131.39990234375,4137.60009765625,4129.0,4132.10009765625,2112
2026-06-23 12:30:00+00:00,4132.2001953125,4140.0,4131.39990234375,4135.5,1247
2026-06-23 12:45:00+00:00,4135.39990234375,4139.39990234375,4130.2001953125,4131.0,1538
2026-06-23 13:00:00+00:00,4131.10009765625,4137.10009765625,4125.60009765625,4131.2998046875,2243
2026-06-23 13:15:00+00:00,4131.0,4136.7001953125,4122.7998046875,4133.39990234375,1823
2026-06-23 13:30:00+00:00,4133.7998046875,4146.60009765625,4127.89990234375,4144.0,3269
2026-06-23 13:45:00+00:00,4144.7001953125,4158.5,4142.39990234375,4154.10009765625,4555
2026-06-23 14:00:00+00:00,4153.10009765625,4163.5,4150.7998046875,4155.5,4509
2026-06-23 14:15:00+00:00,4156.0,4160.7001953125,4146.2001953125,4150.10009765625,4406
2026-06-23 14:30:00+00:00,4150.2001953125,4150.5,4140.0,4143.7001953125,2858
2026-06-23 14:45:00+00:00,4143.5,4148.0,4141.5,4147.5,2268
2026-06-23 15:00:00+00:00,4148.0,4153.2001953125,4140.60009765625,4145.5,3111
2026-06-23 15:15:00+00:00,4146.0,4148.0,4141.2998046875,4144.7998046875,1340
2026-06-23 15:30:00+00:00,4144.7001953125,4159.39990234375,4144.2001953125,4156.7001953125,2889
2026-06-23 15:45:00+00:00,4156.89990234375,4157.39990234375,4151.7998046875,4156.7001953125,948
2026-06-23 16:00:00+00:00,4156.7998046875,4158.10009765625,4151.60009765625,4153.2998046875,835
2026-06-23 16:15:00+00:00,4153.7001953125,4156.2998046875,4150.89990234375,4154.60009765625,878
2026-06-23 16:30:00+00:00,4154.2998046875,4161.7998046875,4153.5,4161.10009765625,1216
2026-06-23 16:45:00+00:00,4161.2998046875,4161.7998046875,4149.2998046875,4151.89990234375,1285
2026-06-23 17:00:00+00:00,4151.89990234375,4157.7001953125,4147.60009765625,4156.2998046875,1602
2026-06-23 17:15:00+00:00,4156.2998046875,4156.2998046875,4147.7001953125,4148.89990234375,1728
2026-06-23 17:30:00+00:00,4149.2001953125,4150.2998046875,4145.5,4149.89990234375,803
2026-06-23 17:45:00+00:00,4150.0,4151.10009765625,4145.7001953125,4145.89990234375,664
2026-06-23 18:00:00+00:00,4146.0,4148.7998046875,4141.7998046875,4142.10009765625,681
2026-06-23 18:15:00+00:00,4142.10009765625,4143.39990234375,4138.2998046875,4139.0,752
2026-06-23 18:30:00+00:00,4139.0,4140.7998046875,4133.7001953125,4134.0,694
2026-06-23 18:45:00+00:00,4134.2998046875,4136.39990234375,4130.7998046875,4135.60009765625,718
2026-06-23 19:00:00+00:00,4135.7998046875,4144.39990234375,4135.0,4139.2998046875,707
2026-06-23 19:15:00+00:00,4139.2998046875,4140.5,4135.2998046875,4139.89990234375,425
2026-06-23 19:30:00+00:00,4140.0,4142.2998046875,4138.7001953125,4138.7998046875,336
2026-06-23 19:45:00+00:00,4138.7998046875,4139.2998046875,4129.10009765625,4129.60009765625,1833
2026-06-23 20:00:00+00:00,4129.89990234375,4130.7998046875,4126.5,4127.7998046875,1240
2026-06-23 20:15:00+00:00,4127.7998046875,4129.10009765625,4125.0,4128.2001953125,540
2026-06-23 20:30:00+00:00,4128.60009765625,4129.39990234375,4126.39990234375,4128.10009765625,342
2026-06-23 20:45:00+00:00,4128.0,4129.2001953125,4126.2998046875,4129.0,259
2026-06-23 22:00:00+00:00,4130.0,4131.7998046875,4128.2001953125,4130.7998046875,127
2026-06-23 22:15:00+00:00,4130.89990234375,4132.39990234375,4121.60009765625,4123.10009765625,1281
2026-06-23 22:30:00+00:00,4123.2998046875,4125.2998046875,4113.89990234375,4121.7001953125,1159
2026-06-23 22:45:00+00:00,4121.10009765625,4126.0,4120.39990234375,4121.2001953125,648
2026-06-23 23:00:00+00:00,4120.89990234375,4120.89990234375,4111.89990234375,4117.0,572
2026-06-23 23:15:00+00:00,4116.5,4117.7998046875,4114.2001953125,4114.2001953125,236
2026-06-23 23:30:00+00:00,4114.5,4115.0,4097.89990234375,4103.60009765625,1367
2026-06-23 23:45:00+00:00,4103.10009765625,4118.2001953125,4102.89990234375,4116.60009765625,921
2026-06-24 00:00:00+00:00,4117.0,4129.7001953125,4112.2001953125,4125.10009765625,1243
2026-06-24 00:15:00+00:00,4125.0,4126.60009765625,4111.39990234375,4117.60009765625,942
2026-06-24 00:30:00+00:00,4117.2001953125,4117.60009765625,4111.39990234375,4112.7001953125,460
2026-06-24 00:45:00+00:00,4112.60009765625,4117.2001953125,4111.7001953125,4114.7001953125,446
2026-06-24 01:00:00+00:00,4114.89990234375,4115.2001953125,4086.0,4107.2001953125,3257
2026-06-24 01:15:00+00:00,4107.7001953125,4118.39990234375,4101.10009765625,4116.0,1275
2026-06-24 01:30:00+00:00,4115.60009765625,4119.7998046875,4109.2998046875,4109.7998046875,862
2026-06-24 01:45:00+00:00,4109.89990234375,4110.5,4099.7998046875,4106.5,861
2026-06-24 02:00:00+00:00,4106.39990234375,4113.10009765625,4096.7001953125,4097.10009765625,987
2026-06-24 02:15:00+00:00,4097.10009765625,4098.2998046875,4088.199951171875,4090.39990234375,1656
2026-06-24 02:30:00+00:00,4090.5,4093.60009765625,4069.0,4073.800048828125,2482
2026-06-24 02:45:00+00:00,4074.0,4086.60009765625,4071.800048828125,4078.300048828125,1442
2026-06-24 03:00:00+00:00,4078.10009765625,4081.800048828125,4069.60009765625,4074.199951171875,860
2026-06-24 03:15:00+00:00,4074.39990234375,4075.60009765625,4067.0,4073.60009765625,1145
2026-06-24 03:30:00+00:00,4073.800048828125,4086.89990234375,4072.60009765625,4085.89990234375,1189
2026-06-24 03:45:00+00:00,4086.10009765625,4088.5,4079.5,4079.89990234375,600
2026-06-24 04:00:00+00:00,4080.10009765625,4081.300048828125,4072.5,4075.39990234375,689
2026-06-24 04:15:00+00:00,4075.699951171875,4083.699951171875,4071.60009765625,4080.39990234375,816
2026-06-24 04:30:00+00:00,4080.0,4083.60009765625,4079.199951171875,4080.800048828125,283
2026-06-24 04:45:00+00:00,4080.0,4083.5,4078.800048828125,4080.60009765625,311
2026-06-24 05:00:00+00:00,4081.199951171875,4086.199951171875,4077.60009765625,4084.39990234375,600
2026-06-24 05:15:00+00:00,4084.0,4091.5,4082.10009765625,4090.10009765625,1037
2026-06-24 05:30:00+00:00,4090.199951171875,4103.10009765625,4089.0,4094.800048828125,1530
2026-06-24 05:45:00+00:00,4094.39990234375,4096.7001953125,4088.5,4093.10009765625,691
2026-06-24 06:00:00+00:00,4093.10009765625,4114.2001953125,4093.10009765625,4113.5,1875
2026-06-24 06:15:00+00:00,4113.60009765625,4114.7001953125,4100.2998046875,4104.7001953125,1527
2026-06-24 06:30:00+00:00,4104.39990234375,4111.10009765625,4102.10009765625,4109.10009765625,666
2026-06-24 06:45:00+00:00,4108.7998046875,4112.2001953125,4101.60009765625,4103.89990234375,972
2026-06-24 07:00:00+00:00,4103.89990234375,4107.7998046875,4102.5,4103.10009765625,415
2026-06-24 07:15:00+00:00,4103.2998046875,4104.7001953125,4100.0,4101.2998046875,503
2026-06-24 07:30:00+00:00,4101.5,4102.10009765625,4093.0,4099.7001953125,1216
2026-06-24 07:45:00+00:00,4099.60009765625,4103.2998046875,4090.699951171875,4091.5,893
2026-06-24 08:00:00+00:00,4091.60009765625,4095.199951171875,4090.0,4091.0,618
2026-06-24 08:15:00+00:00,4091.0,4097.7998046875,4090.300048828125,4097.7001953125,1123
2026-06-24 08:30:00+00:00,4097.5,4104.7998046875,4096.10009765625,4100.0,790
2026-06-24 08:45:00+00:00,4100.2998046875,4100.5,4092.699951171875,4093.300048828125,409
2026-06-24 09:00:00+00:00,4093.300048828125,4095.199951171875,4086.800048828125,4093.300048828125,873
2026-06-24 09:15:00+00:00,4092.89990234375,4095.800048828125,4085.199951171875,4086.39990234375,881
2026-06-24 09:30:00+00:00,4086.10009765625,4089.699951171875,4082.699951171875,4085.699951171875,1324
2026-06-24 09:45:00+00:00,4085.39990234375,4088.300048828125,4081.60009765625,4081.800048828125,791
2026-06-24 10:00:00+00:00,4082.0,4083.5,4076.199951171875,4078.199951171875,935
2026-06-24 10:15:00+00:00,4078.300048828125,4078.300048828125,4072.10009765625,4077.10009765625,829
2026-06-24 10:30:00+00:00,4077.800048828125,4083.699951171875,4073.5,4081.699951171875,916
2026-06-24 10:45:00+00:00,4081.60009765625,4082.5,4071.0,4072.300048828125,605
2026-06-24 11:00:00+00:00,4072.10009765625,4075.60009765625,4061.300048828125,4062.699951171875,1876
2026-06-24 11:15:00+00:00,4062.39990234375,4063.5,4053.89990234375,4060.60009765625,2562
2026-06-24 11:30:00+00:00,4060.39990234375,4068.10009765625,4059.89990234375,4062.39990234375,1362
2026-06-24 11:45:00+00:00,4062.199951171875,4072.800048828125,4055.300048828125,4063.199951171875,1938
2026-06-24 12:00:00+00:00,4063.39990234375,4065.199951171875,4051.300048828125,4054.300048828125,2432
2026-06-24 12:15:00+00:00,4054.10009765625,4058.300048828125,4022.60009765625,4031.800048828125,7607
2026-06-24 12:30:00+00:00,4032.0,4037.300048828125,4023.0,4029.5,5545
2026-06-24 12:45:00+00:00,4029.39990234375,4033.800048828125,4003.300048828125,4004.0,6976
2026-06-24 13:00:00+00:00,4004.10009765625,4011.10009765625,3982.39990234375,3987.699951171875,14084
2026-06-24 13:15:00+00:00,3987.199951171875,3993.300048828125,3980.300048828125,3991.39990234375,5954
2026-06-24 13:30:00+00:00,3991.300048828125,4035.199951171875,3990.0,4032.10009765625,11030
2026-06-24 13:45:00+00:00,4032.39990234375,4059.0,4026.0,4054.89990234375,8835
2026-06-24 14:00:00+00:00,4054.89990234375,4058.199951171875,4036.0,4036.89990234375,6862
2026-06-24 14:15:00+00:00,4037.199951171875,4045.5,4031.39990234375,4041.10009765625,3466
2026-06-24 14:30:00+00:00,4041.10009765625,4052.199951171875,4028.199951171875,4033.199951171875,3439
2026-06-24 14:45:00+00:00,4032.699951171875,4033.0,4020.0,4025.0,2568
2026-06-24 15:00:00+00:00,4025.39990234375,4027.699951171875,4014.300048828125,4019.199951171875,2431
2026-06-24 15:15:00+00:00,4018.800048828125,4032.0,4016.60009765625,4031.89990234375,2687
2026-06-24 15:30:00+00:00,4031.699951171875,4032.699951171875,4018.10009765625,4023.0,1355
2026-06-24 15:45:00+00:00,4023.199951171875,4033.89990234375,4017.0,4019.5,2123
2026-06-24 16:00:00+00:00,4019.39990234375,4023.699951171875,4012.60009765625,4019.89990234375,2573
2026-06-24 16:15:00+00:00,4019.89990234375,4034.300048828125,4018.5,4033.699951171875,2127
2026-06-24 16:30:00+00:00,4033.0,4039.699951171875,4026.39990234375,4029.10009765625,3230
2026-06-24 16:45:00+00:00,4028.89990234375,4029.199951171875,4023.199951171875,4023.39990234375,875
2026-06-24 17:00:00+00:00,4023.699951171875,4028.60009765625,4021.199951171875,4023.0,1231
2026-06-24 17:15:00+00:00,4023.0,4024.39990234375,4006.800048828125,4007.39990234375,4756
2026-06-24 17:30:00+00:00,4007.800048828125,4008.199951171875,4000.0,4001.39990234375,3365
2026-06-24 17:45:00+00:00,4001.199951171875,4004.10009765625,3989.5,3989.800048828125,2254
2026-06-24 18:00:00+00:00,3989.89990234375,4009.5,3975.699951171875,4005.60009765625,4747
2026-06-24 18:15:00+00:00,4005.699951171875,4009.5,3996.60009765625,4007.300048828125,2343
2026-06-24 18:30:00+00:00,4007.89990234375,4011.699951171875,3998.89990234375,4000.800048828125,1240
2026-06-24 18:45:00+00:00,3998.89990234375,4001.300048828125,3993.89990234375,3998.10009765625,799
2026-06-24 19:00:00+00:00,3998.699951171875,4002.199951171875,3990.39990234375,3993.699951171875,936
2026-06-24 19:15:00+00:00,3992.89990234375,4001.10009765625,3990.60009765625,4000.699951171875,823
2026-06-24 19:30:00+00:00,4001.0,4005.60009765625,3996.39990234375,4000.0,693
2026-06-24 19:45:00+00:00,3999.699951171875,4008.199951171875,3997.800048828125,4004.89990234375,2261
2026-06-24 20:00:00+00:00,4005.5,4020.0,4001.60009765625,4012.699951171875,1523
2026-06-24 20:15:00+00:00,4012.699951171875,4018.39990234375,4009.10009765625,4017.60009765625,899
2026-06-24 20:30:00+00:00,4017.39990234375,4018.60009765625,4013.0,4016.199951171875,441
2026-06-24 20:45:00+00:00,4016.0,4018.5,4013.699951171875,4016.39990234375,327
2026-06-24 22:00:00+00:00,4019.0,4024.89990234375,4016.5,4017.39990234375,879
2026-06-24 22:15:00+00:00,4017.199951171875,4018.89990234375,4016.199951171875,4017.89990234375,186
2026-06-24 22:30:00+00:00,4018.10009765625,4023.0,4015.39990234375,4018.10009765625,759
2026-06-24 22:45:00+00:00,4018.39990234375,4018.60009765625,4008.800048828125,4012.0,598
2026-06-24 23:00:00+00:00,4012.5,4015.0,4006.0,4011.10009765625,853
2026-06-24 23:15:00+00:00,4011.300048828125,4016.300048828125,4011.0,4014.199951171875,303
2026-06-24 23:30:00+00:00,4015.0,4033.89990234375,4015.0,4030.199951171875,1267
2026-06-24 23:45:00+00:00,4029.89990234375,4033.0,4024.699951171875,4026.60009765625,549
2026-06-25 00:00:00+00:00,4028.300048828125,4031.5,4019.10009765625,4020.60009765625,583
2026-06-25 00:15:00+00:00,4020.699951171875,4021.39990234375,4010.699951171875,4011.60009765625,930
2026-06-25 00:30:00+00:00,4011.300048828125,4012.0,3996.800048828125,4001.199951171875,1189
2026-06-25 00:45:00+00:00,4001.0,4016.5,3994.199951171875,4007.300048828125,1757
2026-06-25 01:00:00+00:00,4007.199951171875,4021.39990234375,3997.39990234375,4001.89990234375,1356
2026-06-25 01:15:00+00:00,3999.800048828125,4015.60009765625,3999.39990234375,4006.5,701
2026-06-25 01:30:00+00:00,4006.39990234375,4011.5,3992.300048828125,3997.5,1571
2026-06-25 01:45:00+00:00,3997.5,4004.199951171875,3987.89990234375,3992.199951171875,1086
2026-06-25 02:00:00+00:00,3992.89990234375,3997.300048828125,3976.300048828125,3983.300048828125,2103
2026-06-25 02:15:00+00:00,3983.5,4006.60009765625,3982.800048828125,4002.199951171875,1898
2026-06-25 02:30:00+00:00,4002.199951171875,4003.800048828125,3990.39990234375,3994.39990234375,1189
2026-06-25 02:45:00+00:00,3995.300048828125,4000.5,3991.5,3998.699951171875,756
2026-06-25 03:00:00+00:00,3998.800048828125,4005.10009765625,3981.60009765625,3986.300048828125,1374
2026-06-25 03:15:00+00:00,3986.5,3998.60009765625,3983.0,3991.800048828125,935
2026-06-25 03:30:00+00:00,3991.5,3992.800048828125,3984.199951171875,3990.39990234375,600
2026-06-25 03:45:00+00:00,3990.39990234375,4016.60009765625,3990.10009765625,4012.39990234375,2008
2026-06-25 04:00:00+00:00,4011.10009765625,4013.199951171875,4005.39990234375,4005.800048828125,813
2026-06-25 04:15:00+00:00,4005.0,4013.199951171875,4003.300048828125,4010.0,592
2026-06-25 04:30:00+00:00,4010.89990234375,4011.60009765625,3999.5,4007.300048828125,693
2026-06-25 04:45:00+00:00,4007.60009765625,4012.699951171875,4007.0,4011.800048828125,463
2026-06-25 05:00:00+00:00,4012.0,4015.699951171875,4007.89990234375,4013.800048828125,894
2026-06-25 05:15:00+00:00,4014.10009765625,4014.300048828125,4004.699951171875,4009.800048828125,1103
2026-06-25 05:30:00+00:00,4009.60009765625,4013.0,3997.199951171875,3999.10009765625,1196
2026-06-25 05:45:00+00:00,3998.60009765625,4007.199951171875,3996.199951171875,4001.60009765625,988
2026-06-25 06:00:00+00:00,4001.5,4004.60009765625,3995.800048828125,3995.89990234375,731
2026-06-25 06:15:00+00:00,3995.300048828125,4002.199951171875,3988.89990234375,3999.60009765625,1297
2026-06-25 06:30:00+00:00,3999.300048828125,4000.5,3991.800048828125,3997.0,1234
2026-06-25 06:45:00+00:00,3997.60009765625,3999.39990234375,3991.10009765625,3992.699951171875,1112
2026-06-25 07:00:00+00:00,3992.5,4001.5,3988.5,3995.300048828125,1568
2026-06-25 07:15:00+00:00,3995.0,4005.5,3992.89990234375,4000.800048828125,1190
2026-06-25 07:30:00+00:00,4000.89990234375,4005.10009765625,3988.800048828125,3989.800048828125,1464
2026-06-25 07:45:00+00:00,3989.5,4004.800048828125,3986.60009765625,4003.5,1390
2026-06-25 08:00:00+00:00,4003.60009765625,4011.10009765625,4000.199951171875,4002.60009765625,1486
2026-06-25 08:15:00+00:00,4003.0,4017.10009765625,4002.10009765625,4009.39990234375,2236
2026-06-25 08:30:00+00:00,4009.800048828125,4017.89990234375,4009.800048828125,4015.300048828125,1158
2026-06-25 08:45:00+00:00,4015.39990234375,4015.39990234375,4004.199951171875,4004.89990234375,1092
2026-06-25 09:00:00+00:00,4004.89990234375,4012.0,4004.60009765625,4006.89990234375,746
2026-06-25 09:15:00+00:00,4006.39990234375,4011.10009765625,4004.699951171875,4009.699951171875,672
2026-06-25 09:30:00+00:00,4010.0,4013.5,4001.89990234375,4003.800048828125,1742
2026-06-25 09:45:00+00:00,4003.39990234375,4008.800048828125,4002.699951171875,4003.39990234375,593
2026-06-25 10:00:00+00:00,4003.0,4004.60009765625,3998.699951171875,3999.199951171875,743
2026-06-25 10:15:00+00:00,3999.300048828125,4004.60009765625,3998.199951171875,4004.60009765625,573
2026-06-25 10:30:00+00:00,4004.39990234375,4004.39990234375,3999.800048828125,4000.800048828125,651
2026-06-25 10:45:00+00:00,4000.60009765625,4000.60009765625,3996.39990234375,3999.5,568
2026-06-25 11:00:00+00:00,4000.0,4001.10009765625,3997.0,3998.39990234375,602
2026-06-25 11:15:00+00:00,3998.10009765625,3998.300048828125,3991.0,3992.300048828125,1345
2026-06-25 11:30:00+00:00,3992.0,4001.5,3988.60009765625,3999.89990234375,1099
2026-06-25 11:45:00+00:00,4000.300048828125,4003.199951171875,3994.39990234375,3995.300048828125,717
2026-06-25 12:00:00+00:00,3995.39990234375,3999.89990234375,3994.60009765625,3997.60009765625,980
2026-06-25 12:15:00+00:00,3997.5,4001.199951171875,3993.5,3999.5,1553
2026-06-25 12:30:00+00:00,4000.300048828125,4027.39990234375,3998.300048828125,4021.39990234375,7354
2026-06-25 12:45:00+00:00,4021.89990234375,4035.10009765625,4019.39990234375,4028.199951171875,4072
2026-06-25 13:00:00+00:00,4028.199951171875,4049.89990234375,4027.39990234375,4046.800048828125,5532
2026-06-25 13:15:00+00:00,4046.800048828125,4047.10009765625,4034.39990234375,4037.800048828125,3061
2026-06-25 13:30:00+00:00,4037.89990234375,4044.199951171875,4026.60009765625,4027.699951171875,5235
2026-06-25 13:45:00+00:00,4027.800048828125,4035.10009765625,4016.60009765625,4017.5,4708
2026-06-25 14:00:00+00:00,4017.89990234375,4037.89990234375,4015.10009765625,4032.39990234375,5205
2026-06-25 14:15:00+00:00,4032.10009765625,4045.0,4028.39990234375,4042.699951171875,4390
2026-06-25 14:30:00+00:00,4042.300048828125,4045.60009765625,4031.39990234375,4035.800048828125,1980
2026-06-25 14:45:00+00:00,4036.0,4037.0,4026.800048828125,4027.60009765625,1863
2026-06-25 15:00:00+00:00,4027.800048828125,4036.0,4020.39990234375,4023.89990234375,2543
2026-06-25 15:15:00+00:00,4023.0,4056.89990234375,4021.10009765625,4042.39990234375,5116
2026-06-25 15:30:00+00:00,4042.199951171875,4046.39990234375,4037.199951171875,4043.5,1546
2026-06-25 15:45:00+00:00,4043.5,4058.699951171875,4042.39990234375,4057.5,3685
2026-06-25 16:00:00+00:00,4057.199951171875,4058.699951171875,4049.300048828125,4052.800048828125,2155
2026-06-25 16:15:00+00:00,4052.89990234375,4060.0,4052.89990234375,4056.199951171875,1898
2026-06-25 16:30:00+00:00,4056.300048828125,4056.39990234375,4046.39990234375,4047.199951171875,1400
2026-06-25 16:45:00+00:00,4046.699951171875,4049.0,4039.10009765625,4044.0,1485
2026-06-25 17:00:00+00:00,4044.39990234375,4047.699951171875,4042.300048828125,4044.800048828125,1056
2026-06-25 17:15:00+00:00,4044.699951171875,4051.800048828125,4043.39990234375,4048.39990234375,3648
2026-06-25 17:30:00+00:00,4048.10009765625,4051.39990234375,4046.800048828125,4049.60009765625,891
2026-06-25 17:45:00+00:00,4049.699951171875,4052.300048828125,4045.0,4050.199951171875,1189
2026-06-25 18:00:00+00:00,4050.5,4051.10009765625,4041.60009765625,4047.699951171875,1089
2026-06-25 18:15:00+00:00,4047.800048828125,4059.89990234375,4047.60009765625,4059.699951171875,1001
2026-06-25 18:30:00+00:00,4059.60009765625,4059.60009765625,4046.199951171875,4048.300048828125,1782
2026-06-25 18:45:00+00:00,4047.89990234375,4051.89990234375,4045.39990234375,4050.39990234375,554
2026-06-25 19:00:00+00:00,4051.0,4056.300048828125,4048.300048828125,4055.5,893
2026-06-25 19:15:00+00:00,4055.800048828125,4059.699951171875,4050.699951171875,4051.300048828125,1090
2026-06-25 19:30:00+00:00,4051.800048828125,4053.10009765625,4047.39990234375,4049.800048828125,1175
2026-06-25 19:45:00+00:00,4049.300048828125,4049.39990234375,4036.800048828125,4041.60009765625,3040
2026-06-25 20:00:00+00:00,4042.10009765625,4049.800048828125,4040.300048828125,4042.89990234375,509
2026-06-25 20:15:00+00:00,4043.300048828125,4045.89990234375,4041.60009765625,4045.60009765625,395
2026-06-25 20:30:00+00:00,4045.39990234375,4045.39990234375,4039.5,4041.39990234375,383
2026-06-25 20:45:00+00:00,4041.39990234375,4042.300048828125,4039.39990234375,4041.60009765625,349
2026-06-25 22:00:00+00:00,4044.39990234375,4046.699951171875,4036.300048828125,4038.199951171875,231
2026-06-25 22:15:00+00:00,4038.0,4041.5,4034.5,4039.39990234375,557
2026-06-25 22:30:00+00:00,4039.300048828125,4051.60009765625,4039.10009765625,4043.699951171875,792
2026-06-25 22:45:00+00:00,4043.699951171875,4045.89990234375,4037.10009765625,4041.39990234375,734
2026-06-25 23:00:00+00:00,4041.300048828125,4042.199951171875,4036.5,4038.89990234375,210
2026-06-25 23:15:00+00:00,4038.300048828125,4045.699951171875,4037.39990234375,4045.10009765625,183
2026-06-25 23:30:00+00:00,4045.5,4045.5,4035.60009765625,4039.199951171875,279
2026-06-25 23:45:00+00:00,4039.10009765625,4039.10009765625,4027.5,4030.199951171875,459
2026-06-26 00:00:00+00:00,4029.89990234375,4035.0,4026.300048828125,4034.699951171875,680
2026-06-26 00:15:00+00:00,4034.39990234375,4038.5,4027.300048828125,4030.39990234375,541
2026-06-26 00:30:00+00:00,4030.800048828125,4034.800048828125,4027.5,4034.300048828125,312
2026-06-26 00:45:00+00:00,4034.39990234375,4039.60009765625,4030.89990234375,4035.10009765625,798
2026-06-26 01:00:00+00:00,4035.60009765625,4044.800048828125,4029.300048828125,4034.800048828125,1132
2026-06-26 01:15:00+00:00,4034.39990234375,4041.699951171875,4033.0,4038.0,826
2026-06-26 01:30:00+00:00,4038.199951171875,4041.10009765625,4031.5,4035.699951171875,791
2026-06-26 01:45:00+00:00,4036.199951171875,4038.5,4029.60009765625,4035.89990234375,698
2026-06-26 02:00:00+00:00,4036.199951171875,4038.300048828125,4028.5,4030.5,522
2026-06-26 02:15:00+00:00,4029.89990234375,4031.800048828125,4019.0,4022.89990234375,1614
2026-06-26 02:30:00+00:00,4022.60009765625,4024.300048828125,4006.300048828125,4007.89990234375,2621
2026-06-26 02:45:00+00:00,4007.39990234375,4010.699951171875,3998.10009765625,4006.0,1917
2026-06-26 03:00:00+00:00,4005.89990234375,4015.0,4001.800048828125,4012.699951171875,1474
2026-06-26 03:15:00+00:00,4013.199951171875,4015.699951171875,4007.5,4010.39990234375,661
2026-06-26 03:30:00+00:00,4010.10009765625,4016.800048828125,4008.699951171875,4015.5,462
2026-06-26 03:45:00+00:00,4015.300048828125,4022.0,4012.800048828125,4018.60009765625,387
2026-06-26 04:00:00+00:00,4019.39990234375,4024.699951171875,4013.800048828125,4023.39990234375,782
2026-06-26 04:15:00+00:00,4023.39990234375,4027.60009765625,4021.199951171875,4022.5,497
2026-06-26 04:30:00+00:00,4022.60009765625,4023.60009765625,4016.89990234375,4023.10009765625,445
2026-06-26 04:45:00+00:00,4023.60009765625,4030.199951171875,4022.199951171875,4026.800048828125,641
2026-06-26 05:00:00+00:00,4026.39990234375,4030.5,4021.699951171875,4030.5,315
2026-06-26 05:15:00+00:00,4030.800048828125,4034.60009765625,4027.0,4032.10009765625,627
2026-06-26 05:30:00+00:00,4031.89990234375,4037.10009765625,4026.300048828125,4026.5,969
2026-06-26 05:45:00+00:00,4027.300048828125,4030.699951171875,4021.10009765625,4023.199951171875,981
2026-06-26 06:00:00+00:00,4023.199951171875,4027.0,4022.10009765625,4025.0,767
2026-06-26 06:15:00+00:00,4025.699951171875,4040.800048828125,4023.89990234375,4039.60009765625,1769
2026-06-26 06:30:00+00:00,4039.800048828125,4044.0,4036.199951171875,4040.89990234375,2076
2026-06-26 06:45:00+00:00,4041.0,4049.0,4037.39990234375,4047.199951171875,1754
2026-06-26 07:00:00+00:00,4047.800048828125,4049.699951171875,4042.5,4043.5,1342
2026-06-26 07:15:00+00:00,4043.10009765625,4055.5,4042.60009765625,4053.699951171875,1718
2026-06-26 07:30:00+00:00,4053.199951171875,4054.5,4046.39990234375,4046.39990234375,837
2026-06-26 07:45:00+00:00,4046.699951171875,4047.300048828125,4042.800048828125,4046.39990234375,620
2026-06-26 08:00:00+00:00,4046.10009765625,4048.60009765625,4041.199951171875,4046.39990234375,593
2026-06-26 08:15:00+00:00,4046.39990234375,4051.10009765625,4045.5,4050.800048828125,701
2026-06-26 08:30:00+00:00,4051.0,4051.60009765625,4047.39990234375,4050.60009765625,467
2026-06-26 08:45:00+00:00,4050.800048828125,4053.0,4045.0,4046.10009765625,584
2026-06-26 09:00:00+00:00,4045.800048828125,4057.0,4044.60009765625,4054.699951171875,1275
2026-06-26 09:15:00+00:00,4055.10009765625,4066.39990234375,4050.0,4063.60009765625,3080
2026-06-26 09:30:00+00:00,4063.39990234375,4069.699951171875,4060.5,4063.199951171875,1858
2026-06-26 09:45:00+00:00,4063.60009765625,4069.300048828125,4060.800048828125,4062.800048828125,1302
2026-06-26 10:00:00+00:00,4062.300048828125,4067.699951171875,4059.699951171875,4066.39990234375,729
2026-06-26 10:15:00+00:00,4066.699951171875,4066.800048828125,4057.5,4063.300048828125,868
2026-06-26 10:30:00+00:00,4063.300048828125,4069.5,4062.0,4063.60009765625,646
2026-06-26 10:45:00+00:00,4063.300048828125,4070.800048828125,4062.5,4069.800048828125,537
2026-06-26 11:00:00+00:00,4070.0,4071.0,4062.39990234375,4062.699951171875,949
2026-06-26 11:15:00+00:00,4062.60009765625,4069.5,4061.5,4068.10009765625,772
2026-06-26 11:30:00+00:00,4068.39990234375,4071.5,4061.39990234375,4061.89990234375,846
2026-06-26 11:45:00+00:00,4062.0,4063.60009765625,4057.60009765625,4061.0,1201
2026-06-26 12:00:00+00:00,4061.10009765625,4065.89990234375,4058.39990234375,4064.0,679
2026-06-26 12:15:00+00:00,4063.800048828125,4066.5,4056.800048828125,4061.39990234375,998
2026-06-26 12:30:00+00:00,4061.10009765625,4064.0,4050.60009765625,4055.10009765625,1658
2026-06-26 12:45:00+00:00,4054.800048828125,4076.699951171875,4054.0,4074.0,2424
2026-06-26 13:00:00+00:00,4074.10009765625,4081.300048828125,4058.0,4065.10009765625,3110
2026-06-26 13:15:00+00:00,4065.300048828125,4073.60009765625,4057.699951171875,4071.89990234375,3339
2026-06-26 13:30:00+00:00,4071.199951171875,4077.300048828125,4059.39990234375,4077.300048828125,3081
2026-06-26 13:45:00+00:00,4077.300048828125,4093.10009765625,4073.0,4088.699951171875,3976
2026-06-26 14:00:00+00:00,4088.60009765625,4101.0,4083.0,4097.7998046875,6211
2026-06-26 14:15:00+00:00,4097.89990234375,4108.7001953125,4096.7998046875,4099.7001953125,4841
2026-06-26 14:30:00+00:00,4099.89990234375,4100.5,4091.300048828125,4097.7001953125,2495
2026-06-26 14:45:00+00:00,4098.0,4106.7998046875,4095.60009765625,4095.699951171875,2842
2026-06-26 15:00:00+00:00,4095.89990234375,4098.2998046875,4090.699951171875,4094.300048828125,1318
2026-06-26 15:15:00+00:00,4094.199951171875,4099.89990234375,4093.0,4099.10009765625,1343
2026-06-26 15:30:00+00:00,4099.60009765625,4110.7001953125,4096.60009765625,4110.2001953125,2431
2026-06-26 15:45:00+00:00,4110.5,4111.5,4098.5,4106.2998046875,2951
2026-06-26 16:00:00+00:00,4106.10009765625,4108.39990234375,4103.60009765625,4106.7998046875,966
2026-06-26 16:15:00+00:00,4106.60009765625,4109.2001953125,4098.5,4102.2998046875,1314
2026-06-26 16:30:00+00:00,4102.5,4108.60009765625,4097.39990234375,4099.60009765625,1476
2026-06-26 16:45:00+00:00,4099.5,4101.89990234375,4098.0,4099.89990234375,1138
2026-06-26 17:00:00+00:00,4100.2001953125,4103.39990234375,4097.7001953125,4098.39990234375,1201
2026-06-26 17:15:00+00:00,4098.7001953125,4100.2998046875,4095.300048828125,4096.7001953125,2356
2026-06-26 17:30:00+00:00,4096.7998046875,4098.39990234375,4089.10009765625,4091.60009765625,1573
2026-06-26 17:45:00+00:00,4091.800048828125,4092.60009765625,4088.699951171875,4089.60009765625,629
2026-06-26 18:00:00+00:00,4089.89990234375,4094.0,4087.300048828125,4091.60009765625,925
2026-06-26 18:15:00+00:00,4091.5,4091.699951171875,4086.0,4088.300048828125,777
2026-06-26 18:30:00+00:00,4088.39990234375,4090.300048828125,4086.5,4087.5,378
2026-06-26 18:45:00+00:00,4087.199951171875,4087.199951171875,4081.89990234375,4082.199951171875,969
2026-06-26 19:00:00+00:00,4082.0,4084.5,4079.0,4084.0,769
2026-06-26 19:15:00+00:00,4084.39990234375,4084.39990234375,4079.10009765625,4080.800048828125,675
2026-06-26 19:30:00+00:00,4080.699951171875,4085.60009765625,4079.89990234375,4083.199951171875,702
2026-06-26 19:45:00+00:00,4083.0,4089.0,4081.60009765625,4086.199951171875,1189
2026-06-26 20:00:00+00:00,4086.39990234375,4087.199951171875,4079.0,4082.39990234375,579
2026-06-26 20:15:00+00:00,4081.60009765625,4087.10009765625,4080.5,4086.60009765625,455
2026-06-26 20:30:00+00:00,4086.39990234375,4086.39990234375,4081.300048828125,4085.300048828125,311
2026-06-26 20:45:00+00:00,4085.0,4104.39990234375,4084.60009765625,4096.2998046875,1055
2026-06-28 22:00:00+00:00,4089.800048828125,4092.39990234375,4083.800048828125,4083.800048828125,319
2026-06-28 22:15:00+00:00,4084.10009765625,4084.300048828125,4067.10009765625,4071.300048828125,1421
2026-06-28 22:30:00+00:00,4070.89990234375,4079.60009765625,4069.60009765625,4077.699951171875,626
2026-06-28 22:45:00+00:00,4077.5,4083.5,4076.199951171875,4080.800048828125,584
2026-06-28 23:00:00+00:00,4080.199951171875,4084.800048828125,4079.5,4079.89990234375,305
2026-06-28 23:15:00+00:00,4079.39990234375,4079.39990234375,4069.199951171875,4071.199951171875,498
2026-06-28 23:30:00+00:00,4069.89990234375,4077.199951171875,4065.89990234375,4077.199951171875,721
2026-06-28 23:45:00+00:00,4077.10009765625,4080.39990234375,4075.300048828125,4076.699951171875,414
2026-06-29 00:00:00+00:00,4076.300048828125,4079.0,4068.10009765625,4073.5,784
2026-06-29 00:15:00+00:00,4073.199951171875,4076.60009765625,4062.60009765625,4062.60009765625,1045
2026-06-29 00:30:00+00:00,4062.800048828125,4083.800048828125,4062.800048828125,4083.300048828125,1214
2026-06-29 00:45:00+00:00,4083.5,4088.699951171875,4077.10009765625,4083.89990234375,873
2026-06-29 01:00:00+00:00,4083.699951171875,4088.60009765625,4068.0,4069.5,1584
2026-06-29 01:15:00+00:00,4069.199951171875,4080.60009765625,4069.10009765625,4074.300048828125,734
2026-06-29 01:30:00+00:00,4073.300048828125,4081.0,4070.10009765625,4077.5,481
2026-06-29 01:45:00+00:00,4078.39990234375,4078.39990234375,4069.199951171875,4075.800048828125,670
2026-06-29 02:00:00+00:00,4075.39990234375,4085.5,4073.699951171875,4076.0,892
2026-06-29 02:15:00+00:00,4075.60009765625,4085.300048828125,4074.89990234375,4083.300048828125,468
2026-06-29 02:30:00+00:00,4083.39990234375,4086.5,4073.199951171875,4074.699951171875,742
2026-06-29 02:45:00+00:00,4075.5,4084.300048828125,4073.60009765625,4080.800048828125,800
2026-06-29 03:00:00+00:00,4081.10009765625,4085.300048828125,4079.89990234375,4083.800048828125,193
2026-06-29 03:15:00+00:00,4083.5,4090.39990234375,4082.300048828125,4087.0,365
2026-06-29 03:30:00+00:00,4087.39990234375,4088.5,4080.0,4082.5,581
2026-06-29 03:45:00+00:00,4081.39990234375,4086.0,4081.0,4083.199951171875,186
2026-06-29 04:00:00+00:00,4082.800048828125,4083.199951171875,4078.5,4079.60009765625,314
2026-06-29 04:15:00+00:00,4079.60009765625,4080.800048828125,4076.5,4079.699951171875,277
2026-06-29 04:30:00+00:00,4079.60009765625,4079.699951171875,4066.89990234375,4071.39990234375,1102
2026-06-29 04:45:00+00:00,4071.39990234375,4072.0,4063.5,4065.699951171875,605
2026-06-29 05:00:00+00:00,4065.5,4071.699951171875,4061.10009765625,4069.89990234375,1030
2026-06-29 05:15:00+00:00,4069.800048828125,4071.300048828125,4061.89990234375,4063.699951171875,770
2026-06-29 05:30:00+00:00,4063.5,4066.0,4053.800048828125,4064.60009765625,1763
2026-06-29 05:45:00+00:00,4065.300048828125,4071.39990234375,4061.199951171875,4069.0,1046
2026-06-29 06:00:00+00:00,4068.60009765625,4078.5,4068.10009765625,4073.89990234375,1358
2026-06-29 06:15:00+00:00,4073.699951171875,4077.800048828125,4070.60009765625,4075.5,923
2026-06-29 06:30:00+00:00,4075.39990234375,4076.5,4069.60009765625,4076.0,755
2026-06-29 06:45:00+00:00,4076.10009765625,4079.60009765625,4074.60009765625,4077.0,903
2026-06-29 07:00:00+00:00,4077.5,4077.60009765625,4070.699951171875,4073.60009765625,613
2026-06-29 07:15:00+00:00,4074.0,4081.10009765625,4072.89990234375,4080.60009765625,687
2026-06-29 07:30:00+00:00,4080.89990234375,4080.89990234375,4075.699951171875,4077.10009765625,470
2026-06-29 07:45:00+00:00,4077.0,4083.199951171875,4075.39990234375,4076.300048828125,930
2026-06-29 08:00:00+00:00,4075.699951171875,4080.60009765625,4074.89990234375,4078.5,404
2026-06-29 08:15:00+00:00,4078.39990234375,4080.0,4074.39990234375,4075.5,514
2026-06-29 08:30:00+00:00,4075.300048828125,4081.0,4068.800048828125,4069.89990234375,1346
2026-06-29 08:45:00+00:00,4069.60009765625,4071.5,4057.5,4060.89990234375,1685
2026-06-29 09:00:00+00:00,4061.300048828125,4069.39990234375,4059.199951171875,4064.5,1152
2026-06-29 09:15:00+00:00,4063.699951171875,4067.5,4059.300048828125,4061.199951171875,1304
2026-06-29 09:30:00+00:00,4061.60009765625,4064.699951171875,4054.39990234375,4057.60009765625,2518
2026-06-29 09:45:00+00:00,4057.5,4058.300048828125,4038.10009765625,4045.800048828125,2963
2026-06-29 10:00:00+00:00,4046.5,4053.89990234375,4041.5,4053.199951171875,1439
2026-06-29 10:15:00+00:00,4052.39990234375,4053.10009765625,4047.10009765625,4051.39990234375,1053
2026-06-29 10:30:00+00:00,4051.800048828125,4053.0,4045.89990234375,4049.199951171875,1526
2026-06-29 10:45:00+00:00,4048.800048828125,4052.699951171875,4046.800048828125,4051.10009765625,989
2026-06-29 11:00:00+00:00,4051.699951171875,4053.0,4046.89990234375,4049.0,498
2026-06-29 11:15:00+00:00,4049.0,4050.5,4041.5,4046.199951171875,897
2026-06-29 11:30:00+00:00,4046.39990234375,4052.89990234375,4044.10009765625,4049.199951171875,1157
2026-06-29 11:45:00+00:00,4049.800048828125,4056.699951171875,4049.10009765625,4053.300048828125,850
2026-06-29 12:00:00+00:00,4053.5,4067.0,4052.5,4061.800048828125,1965
2026-06-29 12:15:00+00:00,4062.199951171875,4064.199951171875,4051.800048828125,4052.5,1740
2026-06-29 12:30:00+00:00,4052.60009765625,4061.5,4051.800048828125,4058.89990234375,1125
2026-06-29 12:45:00+00:00,4059.0,4062.300048828125,4056.39990234375,4057.800048828125,879
2026-06-29 13:00:00+00:00,4057.800048828125,4066.199951171875,4057.699951171875,4061.39990234375,1290
2026-06-29 13:15:00+00:00,4061.39990234375,4064.0,4052.0,4052.0,1116
2026-06-29 13:30:00+00:00,4052.300048828125,4058.800048828125,4048.10009765625,4052.60009765625,2115
2026-06-29 13:45:00+00:00,4052.39990234375,4054.5,4042.199951171875,4046.39990234375,2020
2026-06-29 14:00:00+00:00,4046.60009765625,4049.60009765625,4021.60009765625,4022.800048828125,5808
2026-06-29 14:15:00+00:00,4022.300048828125,4042.60009765625,4012.0,4038.89990234375,6827
2026-06-29 14:30:00+00:00,4038.800048828125,4042.39990234375,4034.10009765625,4034.89990234375,1423
2026-06-29 14:45:00+00:00,4035.300048828125,4044.699951171875,4031.89990234375,4039.5,2028
2026-06-29 15:00:00+00:00,4039.89990234375,4040.300048828125,4033.10009765625,4035.39990234375,1117
2026-06-29 15:15:00+00:00,4035.699951171875,4041.699951171875,4030.5,4038.39990234375,2082
2026-06-29 15:30:00+00:00,4038.60009765625,4040.89990234375,4031.5,4037.199951171875,1832
2026-06-29 15:45:00+00:00,4037.0,4045.0,4036.39990234375,4041.5,1820
2026-06-29 16:00:00+00:00,4041.5,4043.300048828125,4037.89990234375,4038.39990234375,1128
2026-06-29 16:15:00+00:00,4038.199951171875,4041.199951171875,4036.300048828125,4038.199951171875,750
2026-06-29 16:30:00+00:00,4038.300048828125,4039.0,4033.0,4035.699951171875,922
2026-06-29 16:45:00+00:00,4035.60009765625,4042.5,4035.300048828125,4038.39990234375,1106
2026-06-29 17:00:00+00:00,4038.5,4046.699951171875,4037.800048828125,4043.60009765625,1321
2026-06-29 17:15:00+00:00,4043.39990234375,4045.300048828125,4036.89990234375,4038.300048828125,2659
2026-06-29 17:30:00+00:00,4038.5,4038.89990234375,4035.199951171875,4036.300048828125,643
2026-06-29 17:45:00+00:00,4036.699951171875,4037.10009765625,4033.800048828125,4035.300048828125,654
2026-06-29 18:00:00+00:00,4035.699951171875,4039.10009765625,4035.0,4038.699951171875,302
2026-06-29 18:15:00+00:00,4038.5,4040.0,4034.800048828125,4035.699951171875,616
2026-06-29 18:30:00+00:00,4035.699951171875,4036.10009765625,4033.89990234375,4035.300048828125,559
2026-06-29 18:45:00+00:00,4035.39990234375,4035.60009765625,4026.10009765625,4027.800048828125,1015
2026-06-29 19:00:00+00:00,4027.699951171875,4029.10009765625,4022.199951171875,4022.300048828125,966
2026-06-29 19:15:00+00:00,4022.199951171875,4031.5,4019.199951171875,4031.5,1364
2026-06-29 19:30:00+00:00,4031.5,4034.39990234375,4030.89990234375,4032.5,475
2026-06-29 19:45:00+00:00,4032.60009765625,4033.0,4027.10009765625,4030.39990234375,828
2026-06-29 20:00:00+00:00,4030.60009765625,4030.60009765625,4027.199951171875,4028.800048828125,316
2026-06-29 20:15:00+00:00,4029.0,4032.5,4029.0,4032.5,220
2026-06-29 20:30:00+00:00,4032.5,4032.5,4029.199951171875,4030.199951171875,148
2026-06-29 20:45:00+00:00,4030.0,4031.89990234375,4029.0,4030.5,254
2026-06-29 22:00:00+00:00,4032.5,4036.5,4030.699951171875,4032.0,154
2026-06-29 22:15:00+00:00,4032.800048828125,4034.800048828125,4029.5,4029.89990234375,545
2026-06-29 22:30:00+00:00,4029.800048828125,4029.800048828125,4024.300048828125,4024.300048828125,472
2026-06-29 22:45:00+00:00,4024.199951171875,4031.300048828125,4023.5,4028.39990234375,838
2026-06-29 23:00:00+00:00,4029.0,4035.60009765625,4028.199951171875,4035.10009765625,418
2026-06-29 23:15:00+00:00,4034.800048828125,4036.699951171875,4030.0,4031.10009765625,430
2026-06-29 23:30:00+00:00,4030.60009765625,4035.60009765625,4027.39990234375,4029.199951171875,503
2026-06-29 23:45:00+00:00,4029.0,4032.10009765625,4027.60009765625,4029.39990234375,246
2026-06-30 00:00:00+00:00,4028.60009765625,4028.89990234375,4017.10009765625,4024.699951171875,1131
2026-06-30 00:15:00+00:00,4024.0,4025.199951171875,4017.699951171875,4019.60009765625,389
2026-06-30 00:30:00+00:00,4020.39990234375,4020.39990234375,4004.199951171875,4005.0,2015
2026-06-30 00:45:00+00:00,4005.60009765625,4007.60009765625,3992.60009765625,4001.300048828125,2053
2026-06-30 01:00:00+00:00,4000.5,4000.800048828125,3955.39990234375,3971.699951171875,7080
2026-06-30 01:15:00+00:00,3971.60009765625,3994.199951171875,3963.60009765625,3992.10009765625,3149
2026-06-30 01:30:00+00:00,3992.10009765625,3993.10009765625,3979.39990234375,3982.5,1805
2026-06-30 01:45:00+00:00,3981.800048828125,3986.89990234375,3974.5,3982.699951171875,1828
2026-06-30 02:00:00+00:00,3982.39990234375,3986.800048828125,3965.5,3971.0,2128
2026-06-30 02:15:00+00:00,3971.300048828125,3979.0,3969.300048828125,3975.5,1202
2026-06-30 02:30:00+00:00,3975.0,3977.0,3967.39990234375,3972.60009765625,818
2026-06-30 02:45:00+00:00,3973.0,3983.800048828125,3972.5,3975.800048828125,910
2026-06-30 03:00:00+00:00,3976.10009765625,3982.89990234375,3976.0,3979.800048828125,907
2026-06-30 03:15:00+00:00,3979.300048828125,3984.199951171875,3976.199951171875,3979.10009765625,1005
2026-06-30 03:30:00+00:00,3979.10009765625,3980.0,3973.10009765625,3976.39990234375,466
2026-06-30 03:45:00+00:00,3977.10009765625,3984.0,3977.0,3983.800048828125,462
2026-06-30 04:00:00+00:00,3982.5,3988.10009765625,3981.300048828125,3985.800048828125,738
2026-06-30 04:15:00+00:00,3986.0,3997.10009765625,3985.199951171875,3995.800048828125,846
2026-06-30 04:30:00+00:00,3995.800048828125,4011.60009765625,3995.800048828125,4002.199951171875,2042
2026-06-30 04:45:00+00:00,4002.199951171875,4005.0,3997.199951171875,3999.199951171875,833
2026-06-30 05:00:00+00:00,3999.699951171875,4004.300048828125,3997.800048828125,3998.800048828125,490
2026-06-30 05:15:00+00:00,3998.699951171875,4001.300048828125,3992.89990234375,3996.199951171875,746
2026-06-30 05:30:00+00:00,3996.300048828125,3998.60009765625,3988.60009765625,3992.5,934
2026-06-30 05:45:00+00:00,3992.699951171875,3995.300048828125,3989.800048828125,3991.10009765625,458
2026-06-30 06:00:00+00:00,3991.5,4003.39990234375,3991.5,4001.199951171875,779
2026-06-30 06:15:00+00:00,4000.89990234375,4027.10009765625,3997.39990234375,4025.5,2367
2026-06-30 06:30:00+00:00,4025.300048828125,4047.800048828125,4024.199951171875,4039.10009765625,3594
2026-06-30 06:45:00+00:00,4038.300048828125,4047.5,4037.10009765625,4043.5,1699
2026-06-30 07:00:00+00:00,4043.699951171875,4044.0,4037.5,4039.300048828125,1025
2026-06-30 07:15:00+00:00,4040.0,4048.699951171875,4039.39990234375,4042.300048828125,1341
2026-06-30 07:30:00+00:00,4042.699951171875,4046.300048828125,4040.10009765625,4042.800048828125,786
2026-06-30 07:45:00+00:00,4042.60009765625,4047.199951171875,4039.60009765625,4046.300048828125,639
2026-06-30 08:00:00+00:00,4046.39990234375,4051.800048828125,4035.39990234375,4038.0,1706
2026-06-30 08:15:00+00:00,4038.199951171875,4040.39990234375,4033.89990234375,4039.89990234375,1119
2026-06-30 08:30:00+00:00,4040.0,4040.699951171875,4029.199951171875,4031.60009765625,1064
2026-06-30 08:45:00+00:00,4031.699951171875,4033.699951171875,4027.199951171875,4029.0,980
2026-06-30 09:00:00+00:00,4029.0,4035.699951171875,4028.300048828125,4032.39990234375,792
2026-06-30 09:15:00+00:00,4032.199951171875,4037.0,4029.699951171875,4031.199951171875,1081
2026-06-30 09:30:00+00:00,4031.5,4032.699951171875,4025.89990234375,4032.60009765625,1209
2026-06-30 09:45:00+00:00,4032.699951171875,4038.0,4032.300048828125,4038.0,655
2026-06-30 10:00:00+00:00,4038.10009765625,4040.699951171875,4035.5,4039.800048828125,708
2026-06-30 10:15:00+00:00,4040.10009765625,4042.39990234375,4038.10009765625,4042.39990234375,553
2026-06-30 10:30:00+00:00,4042.0,4044.0,4039.10009765625,4041.699951171875,720
2026-06-30 10:45:00+00:00,4042.10009765625,4045.5,4040.10009765625,4043.89990234375,1022
2026-06-30 11:00:00+00:00,4043.89990234375,4048.0,4039.300048828125,4047.60009765625,997
2026-06-30 11:15:00+00:00,4047.800048828125,4048.800048828125,4043.800048828125,4046.199951171875,1008
2026-06-30 11:30:00+00:00,4046.0,4049.39990234375,4042.10009765625,4049.10009765625,731
2026-06-30 11:45:00+00:00,4048.800048828125,4051.39990234375,4043.39990234375,4047.5,1052
2026-06-30 12:00:00+00:00,4048.0,4048.199951171875,4039.89990234375,4040.10009765625,1158
2026-06-30 12:15:00+00:00,4040.199951171875,4042.300048828125,4028.699951171875,4030.800048828125,1908
2026-06-30 12:30:00+00:00,4030.800048828125,4035.699951171875,4026.199951171875,4032.39990234375,1307
2026-06-30 12:45:00+00:00,4032.10009765625,4032.10009765625,4022.10009765625,4023.89990234375,1426
2026-06-30 13:00:00+00:00,4023.699951171875,4039.699951171875,4022.89990234375,4037.39990234375,2258
2026-06-30 13:15:00+00:00,4037.60009765625,4047.5,4033.0,4038.199951171875,3019
2026-06-30 13:30:00+00:00,4038.0,4041.699951171875,4027.199951171875,4039.300048828125,2709
2026-06-30 13:45:00+00:00,4039.5,4047.0,4036.5,4043.89990234375,2606
2026-06-30 14:00:00+00:00,4044.39990234375,4064.699951171875,4039.5,4058.0,6661
2026-06-30 14:15:00+00:00,4057.89990234375,4078.10009765625,4057.699951171875,4068.800048828125,5278
2026-06-30 14:30:00+00:00,4069.0,4073.300048828125,4059.199951171875,4065.39990234375,2811
2026-06-30 14:45:00+00:00,4065.800048828125,4065.800048828125,4051.800048828125,4052.0,1939
2026-06-30 15:00:00+00:00,4052.10009765625,4054.300048828125,4046.60009765625,4050.60009765625,3023
2026-06-30 15:15:00+00:00,4050.39990234375,4050.39990234375,4036.39990234375,4042.699951171875,2452
2026-06-30 15:30:00+00:00,4043.199951171875,4045.60009765625,4040.699951171875,4043.699951171875,1045
2026-06-30 15:45:00+00:00,4043.5,4049.300048828125,4043.199951171875,4044.199951171875,958
2026-06-30 16:00:00+00:00,4043.800048828125,4045.0,4040.10009765625,4044.5,857
2026-06-30 16:15:00+00:00,4044.60009765625,4046.10009765625,4042.300048828125,4044.5,520
2026-06-30 16:30:00+00:00,4044.0,4046.800048828125,4041.89990234375,4045.800048828125,643
2026-06-30 16:45:00+00:00,4045.699951171875,4048.5,4040.300048828125,4040.300048828125,1014
2026-06-30 17:00:00+00:00,4040.800048828125,4042.5,4034.89990234375,4037.60009765625,2076
2026-06-30 17:15:00+00:00,4037.5,4042.800048828125,4036.10009765625,4040.0,3200
2026-06-30 17:30:00+00:00,4040.10009765625,4044.60009765625,4039.800048828125,4044.0,895
2026-06-30 17:45:00+00:00,4043.89990234375,4047.10009765625,4043.800048828125,4045.5,465
2026-06-30 18:00:00+00:00,4045.89990234375,4048.699951171875,4045.5,4047.199951171875,377
2026-06-30 18:15:00+00:00,4047.0,4047.800048828125,4045.10009765625,4046.199951171875,395
2026-06-30 18:30:00+00:00,4046.5,4046.60009765625,4042.800048828125,4045.699951171875,441
2026-06-30 18:45:00+00:00,4045.60009765625,4047.39990234375,4043.300048828125,4043.60009765625,508
2026-06-30 19:00:00+00:00,4043.0,4044.199951171875,4038.5,4039.199951171875,888
2026-06-30 19:15:00+00:00,4038.699951171875,4040.10009765625,4035.60009765625,4035.60009765625,451
2026-06-30 19:30:00+00:00,4036.0,4038.199951171875,4035.300048828125,4036.89990234375,557
2026-06-30 19:45:00+00:00,4036.800048828125,4037.300048828125,4029.10009765625,4030.199951171875,1547
2026-06-30 20:00:00+00:00,4030.199951171875,4035.10009765625,4028.300048828125,4034.60009765625,818
2026-06-30 20:15:00+00:00,4034.800048828125,4036.0,4027.10009765625,4027.39990234375,589
2026-06-30 20:30:00+00:00,4027.39990234375,4028.60009765625,4024.5,4025.800048828125,209
2026-06-30 20:45:00+00:00,4025.699951171875,4026.300048828125,4020.60009765625,4021.800048828125,451
2026-06-30 22:00:00+00:00,4025.0,4030.39990234375,4022.10009765625,4027.5,188
2026-06-30 22:15:00+00:00,4028.0,4029.699951171875,4025.199951171875,4027.199951171875,554
2026-06-30 22:30:00+00:00,4026.60009765625,4032.0,4026.60009765625,4027.300048828125,240
2026-06-30 22:45:00+00:00,4027.10009765625,4029.5,4024.199951171875,4026.39990234375,362
2026-06-30 23:00:00+00:00,4026.5,4031.800048828125,4024.300048828125,4027.39990234375,647
2026-06-30 23:15:00+00:00,4027.89990234375,4028.5,4021.300048828125,4024.39990234375,386
2026-06-30 23:30:00+00:00,4024.300048828125,4025.800048828125,4022.10009765625,4023.199951171875,211
2026-06-30 23:45:00+00:00,4022.699951171875,4023.199951171875,4018.0,4018.89990234375,786
2026-07-01 00:00:00+00:00,4018.89990234375,4022.699951171875,4018.199951171875,4021.60009765625,369
2026-07-01 00:15:00+00:00,4021.699951171875,4022.10009765625,4013.0,4015.0,1013
2026-07-01 00:30:00+00:00,4015.0,4018.699951171875,4008.39990234375,4009.5,1002
2026-07-01 00:45:00+00:00,4009.39990234375,4012.89990234375,4006.0,4010.199951171875,726
2026-07-01 01:00:00+00:00,4010.5,4013.199951171875,3991.60009765625,3997.5,2256
2026-07-01 01:15:00+00:00,3996.800048828125,3999.0,3988.60009765625,3998.60009765625,998
2026-07-01 01:30:00+00:00,3998.5,4001.60009765625,3987.300048828125,3992.0,1111
2026-07-01 01:45:00+00:00,3991.800048828125,3994.800048828125,3986.699951171875,3990.800048828125,1125
2026-07-01 02:00:00+00:00,3990.39990234375,3992.699951171875,3983.0,3989.39990234375,1208
2026-07-01 02:15:00+00:00,3989.39990234375,3996.0,3988.800048828125,3993.699951171875,868
2026-07-01 02:30:00+00:00,3993.60009765625,3999.0,3991.5,3995.89990234375,765
2026-07-01 02:45:00+00:00,3996.39990234375,3998.39990234375,3991.199951171875,3991.89990234375,454
2026-07-01 03:00:00+00:00,3991.800048828125,3998.5,3991.39990234375,3996.39990234375,638
2026-07-01 03:15:00+00:00,3996.300048828125,3999.89990234375,3993.199951171875,3994.10009765625,697
2026-07-01 03:30:00+00:00,3994.5,3995.300048828125,3989.10009765625,3990.199951171875,784
2026-07-01 03:45:00+00:00,3990.39990234375,3993.10009765625,3989.300048828125,3992.89990234375,450
2026-07-01 04:00:00+00:00,3993.39990234375,3993.89990234375,3987.0,3989.0,600
2026-07-01 04:15:00+00:00,3988.60009765625,3990.89990234375,3987.300048828125,3990.10009765625,404
2026-07-01 04:30:00+00:00,3990.10009765625,3993.5,3985.300048828125,3987.699951171875,653
2026-07-01 04:45:00+00:00,3987.5,3995.39990234375,3987.10009765625,3989.199951171875,974
2026-07-01 05:00:00+00:00,3989.10009765625,3989.60009765625,3982.300048828125,3984.800048828125,659
2026-07-01 05:15:00+00:00,3984.5,3988.0,3982.60009765625,3986.10009765625,549
2026-07-01 05:30:00+00:00,3986.39990234375,3991.699951171875,3983.300048828125,3987.60009765625,904
2026-07-01 05:45:00+00:00,3986.39990234375,3992.0,3986.300048828125,3986.60009765625,677
2026-07-01 06:00:00+00:00,3986.60009765625,3990.300048828125,3976.199951171875,3978.0,1998
2026-07-01 06:15:00+00:00,3978.300048828125,3982.60009765625,3975.89990234375,3980.39990234375,1312
2026-07-01 06:30:00+00:00,3980.60009765625,3986.60009765625,3976.199951171875,3984.699951171875,1381
2026-07-01 06:45:00+00:00,3984.800048828125,3986.60009765625,3981.800048828125,3985.0,1046
2026-07-01 07:00:00+00:00,3985.0,3986.699951171875,3973.300048828125,3974.5,1721
2026-07-01 07:15:00+00:00,3974.10009765625,3984.89990234375,3973.0,3977.300048828125,1752
2026-07-01 07:30:00+00:00,3977.39990234375,3984.5,3973.60009765625,3984.199951171875,1551
2026-07-01 07:45:00+00:00,3984.0,3991.0,3982.10009765625,3988.699951171875,2090
2026-07-01 08:00:00+00:00,3988.800048828125,3989.300048828125,3982.5,3987.5,793
2026-07-01 08:15:00+00:00,3987.5,3997.699951171875,3987.300048828125,3992.0,1629
2026-07-01 08:30:00+00:00,3991.89990234375,3992.800048828125,3985.60009765625,3990.199951171875,713
2026-07-01 08:45:00+00:00,3990.10009765625,3990.800048828125,3984.5,3987.699951171875,567
2026-07-01 09:00:00+00:00,3987.199951171875,3990.800048828125,3985.89990234375,3989.10009765625,529
2026-07-01 09:15:00+00:00,3989.0,3993.699951171875,3988.89990234375,3992.300048828125,667
2026-07-01 09:30:00+00:00,3991.800048828125,3995.800048828125,3990.800048828125,3994.699951171875,835
2026-07-01 09:45:00+00:00,3995.10009765625,3999.300048828125,3995.10009765625,3997.89990234375,878
2026-07-01 10:00:00+00:00,3997.800048828125,4003.5,3996.39990234375,3997.60009765625,1052
2026-07-01 10:15:00+00:00,3997.800048828125,4000.699951171875,3994.60009765625,4000.5,542
2026-07-01 10:30:00+00:00,4000.39990234375,4007.60009765625,4000.0,4000.39990234375,1037
2026-07-01 10:45:00+00:00,4000.800048828125,4012.0,4000.199951171875,4011.89990234375,913
2026-07-01 11:00:00+00:00,4011.5,4033.0,4011.300048828125,4029.800048828125,2612
2026-07-01 11:15:00+00:00,4029.699951171875,4042.60009765625,4028.699951171875,4039.89990234375,2444
2026-07-01 11:30:00+00:00,4040.300048828125,4045.800048828125,4036.89990234375,4043.10009765625,1461
2026-07-01 11:45:00+00:00,4043.300048828125,4049.39990234375,4042.699951171875,4044.0,1735
2026-07-01 12:00:00+00:00,4044.5,4047.800048828125,4033.199951171875,4036.0,2726
2026-07-01 12:15:00+00:00,4036.0,4044.199951171875,4035.800048828125,4039.699951171875,1695
2026-07-01 12:30:00+00:00,4039.39990234375,4047.199951171875,4037.0,4040.10009765625,2441
2026-07-01 12:45:00+00:00,4040.5,4043.0,4036.699951171875,4036.800048828125,1173
2026-07-01 13:00:00+00:00,4036.800048828125,4039.10009765625,4026.60009765625,4034.60009765625,2700
2026-07-01 13:15:00+00:00,4035.0,4061.699951171875,4035.0,4061.199951171875,6469
2026-07-01 13:30:00+00:00,4061.199951171875,4116.0,4055.300048828125,4113.2998046875,10948
2026-07-01 13:45:00+00:00,4113.10009765625,4122.60009765625,4099.60009765625,4104.2001953125,8466
2026-07-01 14:00:00+00:00,4104.7998046875,4116.39990234375,4096.89990234375,4107.39990234375,6746
2026-07-01 14:15:00+00:00,4107.60009765625,4121.5,4103.89990234375,4115.2001953125,4966
2026-07-01 14:30:00+00:00,4115.2001953125,4131.0,4106.39990234375,4107.10009765625,5056
2026-07-01 14:45:00+00:00,4107.7998046875,4110.10009765625,4100.7998046875,4107.89990234375,2553
2026-07-01 15:00:00+00:00,4108.0,4108.7998046875,4095.89990234375,4099.5,2294
2026-07-01 15:15:00+00:00,4099.2001953125,4106.39990234375,4092.89990234375,4098.2998046875,2624
2026-07-01 15:30:00+00:00,4097.7998046875,4097.7998046875,4090.800048828125,4096.7001953125,2030
2026-07-01 15:45:00+00:00,4096.39990234375,4102.60009765625,4093.800048828125,4095.10009765625,1307
2026-07-01 16:00:00+00:00,4095.5,4102.89990234375,4095.5,4097.0,1056
2026-07-01 16:15:00+00:00,4096.60009765625,4099.5,4095.0,4096.10009765625,707
2026-07-01 16:30:00+00:00,4095.89990234375,4097.39990234375,4086.800048828125,4088.10009765625,1392
2026-07-01 16:45:00+00:00,4088.699951171875,4090.300048828125,4084.0,4085.0,1170
2026-07-01 17:00:00+00:00,4084.89990234375,4087.60009765625,4081.199951171875,4085.0,1371
2026-07-01 17:15:00+00:00,4085.300048828125,4085.89990234375,4081.5,4081.800048828125,2329
2026-07-01 17:30:00+00:00,4082.0,4087.300048828125,4081.699951171875,4084.800048828125,826
2026-07-01 17:45:00+00:00,4084.699951171875,4086.5,4081.0,4082.199951171875,539
2026-07-01 18:00:00+00:00,4082.300048828125,4084.699951171875,4081.0,4082.699951171875,617
2026-07-01 18:15:00+00:00,4082.800048828125,4083.0,4074.60009765625,4074.89990234375,728
2026-07-01 18:30:00+00:00,4075.300048828125,4079.89990234375,4075.0,4076.39990234375,568
2026-07-01 18:45:00+00:00,4076.5,4076.89990234375,4071.300048828125,4076.0,791
2026-07-01 19:00:00+00:00,4075.5,4082.199951171875,4075.300048828125,4079.199951171875,949
2026-07-01 19:15:00+00:00,4079.199951171875,4080.0,4070.300048828125,4072.699951171875,1602
2026-07-01 19:30:00+00:00,4072.800048828125,4073.39990234375,4066.199951171875,4067.60009765625,859
2026-07-01 19:45:00+00:00,4067.39990234375,4068.0,4048.39990234375,4052.300048828125,2797
2026-07-01 20:00:00+00:00,4052.199951171875,4053.60009765625,4042.10009765625,4049.199951171875,1447
2026-07-01 20:15:00+00:00,4049.199951171875,4052.800048828125,4048.0,4051.89990234375,381
2026-07-01 20:30:00+00:00,4051.60009765625,4052.60009765625,4046.800048828125,4047.5,355
2026-07-01 20:45:00+00:00,4047.5,4049.5,4043.800048828125,4044.60009765625,694
2026-07-01 22:00:00+00:00,4049.199951171875,4053.60009765625,4045.10009765625,4049.199951171875,291
2026-07-01 22:15:00+00:00,4049.39990234375,4051.800048828125,4047.39990234375,4050.60009765625,424
2026-07-01 22:30:00+00:00,4050.10009765625,4053.0,4049.0,4052.0,659
2026-07-01 22:45:00+00:00,4052.300048828125,4057.199951171875,4052.0,4057.199951171875,472
2026-07-01 23:00:00+00:00,4056.800048828125,4057.10009765625,4049.5,4049.60009765625,638
2026-07-01 23:15:00+00:00,4050.10009765625,4051.699951171875,4046.10009765625,4049.60009765625,690
2026-07-01 23:30:00+00:00,4049.699951171875,4052.89990234375,4046.5,4048.0,396
2026-07-01 23:45:00+00:00,4048.0,4049.39990234375,4045.5,4047.39990234375,224
2026-07-02 00:00:00+00:00,4047.10009765625,4058.89990234375,4042.800048828125,4057.39990234375,1112
2026-07-02 00:15:00+00:00,4056.0,4060.699951171875,4052.10009765625,4058.39990234375,677
2026-07-02 00:30:00+00:00,4059.0,4059.39990234375,4050.0,4050.89990234375,671
2026-07-02 00:45:00+00:00,4051.39990234375,4065.0,4051.39990234375,4063.5,912
2026-07-02 01:00:00+00:00,4063.5,4080.5,4062.39990234375,4076.89990234375,1976
2026-07-02 01:15:00+00:00,4077.300048828125,4077.60009765625,4062.199951171875,4065.199951171875,1097
2026-07-02 01:30:00+00:00,4065.60009765625,4067.5,4058.0,4059.800048828125,887
2026-07-02 01:45:00+00:00,4059.5,4068.800048828125,4057.0,4062.39990234375,641
2026-07-02 02:00:00+00:00,4062.60009765625,4063.300048828125,4053.300048828125,4060.5,615
2026-07-02 02:15:00+00:00,4060.60009765625,4067.0,4060.199951171875,4063.89990234375,567
2026-07-02 02:30:00+00:00,4063.699951171875,4069.39990234375,4060.0,4068.300048828125,600
2026-07-02 02:45:00+00:00,4068.5,4073.199951171875,4066.5,4069.199951171875,565
2026-07-02 03:00:00+00:00,4069.39990234375,4072.0,4067.699951171875,4069.89990234375,464
2026-07-02 03:15:00+00:00,4069.89990234375,4079.199951171875,4069.89990234375,4077.199951171875,952
2026-07-02 03:30:00+00:00,4077.300048828125,4080.0,4073.800048828125,4078.0,796
2026-07-02 03:45:00+00:00,4078.199951171875,4086.300048828125,4075.0,4082.300048828125,864
2026-07-02 04:00:00+00:00,4082.10009765625,4085.0,4080.199951171875,4082.39990234375,452
2026-07-02 04:15:00+00:00,4082.5,4082.60009765625,4076.199951171875,4077.89990234375,411
2026-07-02 04:30:00+00:00,4077.800048828125,4078.699951171875,4073.300048828125,4075.39990234375,279
2026-07-02 04:45:00+00:00,4075.199951171875,4077.10009765625,4072.699951171875,4073.199951171875,359
2026-07-02 05:00:00+00:00,4073.10009765625,4073.39990234375,4066.199951171875,4067.5,737
2026-07-02 05:15:00+00:00,4067.60009765625,4074.60009765625,4066.699951171875,4069.60009765625,694
2026-07-02 05:30:00+00:00,4069.699951171875,4078.10009765625,4065.199951171875,4074.0,1098
2026-07-02 05:45:00+00:00,4073.699951171875,4079.800048828125,4072.199951171875,4078.199951171875,724
2026-07-02 06:00:00+00:00,4078.300048828125,4088.10009765625,4077.89990234375,4080.89990234375,1554
2026-07-02 06:15:00+00:00,4081.0,4092.5,4079.699951171875,4086.60009765625,1301
2026-07-02 06:30:00+00:00,4086.800048828125,4089.699951171875,4078.5,4080.699951171875,654
2026-07-02 06:45:00+00:00,4080.60009765625,4089.10009765625,4079.300048828125,4086.199951171875,859
2026-07-02 07:00:00+00:00,4086.0,4086.89990234375,4079.60009765625,4080.10009765625,734
2026-07-02 07:15:00+00:00,4079.800048828125,4080.89990234375,4073.5,4075.5,851
2026-07-02 07:30:00+00:00,4075.300048828125,4088.199951171875,4073.39990234375,4086.800048828125,790
2026-07-02 07:45:00+00:00,4086.800048828125,4087.10009765625,4076.10009765625,4076.60009765625,525
2026-07-02 08:00:00+00:00,4076.5,4086.60009765625,4073.60009765625,4081.89990234375,839
2026-07-02 08:15:00+00:00,4082.39990234375,4090.199951171875,4080.89990234375,4087.199951171875,703
2026-07-02 08:30:00+00:00,4087.300048828125,4090.39990234375,4084.39990234375,4087.60009765625,753
2026-07-02 08:45:00+00:00,4087.89990234375,4092.60009765625,4085.39990234375,4089.10009765625,931
2026-07-02 09:00:00+00:00,4088.39990234375,4089.5,4082.0,4085.0,584
2026-07-02 09:15:00+00:00,4084.699951171875,4086.300048828125,4078.5,4079.89990234375,765
2026-07-02 09:30:00+00:00,4080.0,4084.300048828125,4075.699951171875,4081.5,1411
2026-07-02 09:45:00+00:00,4081.60009765625,4084.699951171875,4076.89990234375,4077.60009765625,806
2026-07-02 10:00:00+00:00,4077.89990234375,4079.10009765625,4075.0,4075.800048828125,810
2026-07-02 10:15:00+00:00,4075.699951171875,4080.699951171875,4074.5,4078.699951171875,755
2026-07-02 10:30:00+00:00,4078.699951171875,4081.60009765625,4075.800048828125,4077.199951171875,841
2026-07-02 10:45:00+00:00,4077.0,4080.300048828125,4074.199951171875,4078.60009765625,898
2026-07-02 11:00:00+00:00,4079.10009765625,4079.39990234375,4069.699951171875,4075.699951171875,1397
2026-07-02 11:15:00+00:00,4075.800048828125,4079.39990234375,4074.89990234375,4077.199951171875,1246
2026-07-02 11:30:00+00:00,4077.800048828125,4083.800048828125,4075.39990234375,4083.300048828125,839
2026-07-02 11:45:00+00:00,4083.5,4084.5,4077.5,4077.5,866
2026-07-02 12:00:00+00:00,4077.300048828125,4085.800048828125,4073.39990234375,4076.300048828125,1549
2026-07-02 12:15:00+00:00,4076.60009765625,4082.10009765625,4074.10009765625,4078.39990234375,1674
2026-07-02 12:30:00+00:00,4078.199951171875,4154.2001953125,4076.699951171875,4145.5,16592
2026-07-02 12:45:00+00:00,4145.7001953125,4147.2001953125,4124.7001953125,4130.5,5510
2026-07-02 13:00:00+00:00,4130.7998046875,4143.2001953125,4128.7001953125,4137.2001953125,4582
2026-07-02 13:15:00+00:00,4136.7998046875,4137.2001953125,4121.7001953125,4125.7998046875,2601
2026-07-02 13:30:00+00:00,4125.39990234375,4151.2998046875,4122.60009765625,4147.10009765625,5093
2026-07-02 13:45:00+00:00,4147.60009765625,4157.10009765625,4145.39990234375,4149.7998046875,3560
2026-07-02 14:00:00+00:00,4149.60009765625,4151.60009765625,4136.89990234375,4141.2998046875,3085
2026-07-02 14:15:00+00:00,4141.39990234375,4149.2998046875,4127.0,4129.10009765625,2840
2026-07-02 14:30:00+00:00,4129.60009765625,4138.7998046875,4127.7001953125,4131.5,2562
2026-07-02 14:45:00+00:00,4131.89990234375,4143.0,4129.0,4141.89990234375,1778
2026-07-02 15:00:00+00:00,4141.89990234375,4144.7001953125,4127.7998046875,4139.89990234375,2564
2026-07-02 15:15:00+00:00,4139.7001953125,4144.60009765625,4133.60009765625,4135.7001953125,2377
2026-07-02 15:30:00+00:00,4135.7001953125,4144.2998046875,4135.60009765625,4138.5,1211
2026-07-02 15:45:00+00:00,4138.2998046875,4143.2001953125,4137.2001953125,4141.39990234375,844
2026-07-02 16:00:00+00:00,4141.7001953125,4143.2001953125,4134.60009765625,4136.39990234375,948
2026-07-02 16:15:00+00:00,4136.5,4137.0,4127.7998046875,4129.0,1408
2026-07-02 16:30:00+00:00,4128.60009765625,4129.60009765625,4113.0,4127.5,3109
2026-07-02 16:45:00+00:00,4127.7001953125,4133.89990234375,4126.89990234375,4131.2001953125,1234
2026-07-02 17:00:00+00:00,4131.10009765625,4133.2998046875,4126.5,4131.39990234375,1316
2026-07-02 17:15:00+00:00,4131.39990234375,4133.10009765625,4124.2998046875,4125.89990234375,2776
2026-07-02 17:30:00+00:00,4125.5,4127.60009765625,4118.7998046875,4120.39990234375,938
2026-07-02 17:45:00+00:00,4120.0,4123.2001953125,4118.5,4119.5,669
2026-07-02 18:00:00+00:00,4119.7001953125,4137.0,4118.60009765625,4131.89990234375,1179
2026-07-02 18:15:00+00:00,4132.7998046875,4136.2998046875,4128.7001953125,4136.2001953125,595
2026-07-02 18:30:00+00:00,4136.10009765625,4140.60009765625,4134.2998046875,4134.7001953125,800
2026-07-02 18:45:00+00:00,4134.39990234375,4137.5,4133.0,4135.89990234375,508
2026-07-02 19:00:00+00:00,4136.2001953125,4137.5,4126.2001953125,4127.7001953125,675
2026-07-02 19:15:00+00:00,4127.39990234375,4128.0,4121.2998046875,4125.89990234375,483
2026-07-02 19:30:00+00:00,4125.89990234375,4127.89990234375,4124.39990234375,4126.60009765625,399
2026-07-02 19:45:00+00:00,4126.7001953125,4137.10009765625,4125.7001953125,4134.0,974
2026-07-02 20:00:00+00:00,4134.2001953125,4135.7998046875,4129.39990234375,4133.0,842
2026-07-02 20:15:00+00:00,4132.89990234375,4138.2998046875,4132.2001953125,4136.7001953125,566
2026-07-02 20:30:00+00:00,4136.5,4138.0,4134.0,4134.2001953125,383
2026-07-02 20:45:00+00:00,4133.7998046875,4137.10009765625,4131.7998046875,4135.5,442
2026-07-02 22:00:00+00:00,4138.0,4141.10009765625,4137.2001953125,4137.7998046875,125
2026-07-02 22:15:00+00:00,4137.39990234375,4138.0,4135.10009765625,4137.0,276
2026-07-02 22:30:00+00:00,4136.7998046875,4138.7998046875,4135.10009765625,4135.89990234375,113
2026-07-02 22:45:00+00:00,4136.0,4138.89990234375,4135.39990234375,4137.10009765625,182
2026-07-02 23:00:00+00:00,4137.2001953125,4139.7998046875,4136.89990234375,4138.2001953125,175
2026-07-02 23:15:00+00:00,4137.60009765625,4142.7001953125,4137.0,4142.2998046875,366
2026-07-02 23:30:00+00:00,4142.10009765625,4149.10009765625,4133.7998046875,4137.60009765625,989
2026-07-02 23:45:00+00:00,4137.89990234375,4144.60009765625,4137.0,4139.2001953125,807
2026-07-03 00:00:00+00:00,4139.0,4150.60009765625,4135.89990234375,4147.5,954
2026-07-03 00:15:00+00:00,4147.5,4154.0,4144.7998046875,4150.39990234375,849
2026-07-03 00:30:00+00:00,4150.2998046875,4152.5,4145.89990234375,4149.5,397
2026-07-03 00:45:00+00:00,4148.5,4164.0,4147.5,4160.0,1110
2026-07-03 01:00:00+00:00,4159.7998046875,4192.0,4159.5,4188.7001953125,3089
2026-07-03 01:15:00+00:00,4188.7001953125,4206.7001953125,4186.10009765625,4199.7998046875,2911
2026-07-03 01:30:00+00:00,4199.7001953125,4208.2998046875,4191.2001953125,4192.2001953125,2329
2026-07-03 01:45:00+00:00,4192.2001953125,4196.60009765625,4187.7998046875,4194.89990234375,1089
2026-07-03 02:00:00+00:00,4194.5,4196.7998046875,4189.60009765625,4192.60009765625,465
2026-07-03 02:15:00+00:00,4192.2001953125,4194.2998046875,4189.2998046875,4191.89990234375,429
2026-07-03 02:30:00+00:00,4192.0,4199.89990234375,4190.89990234375,4196.5,1040
2026-07-03 02:45:00+00:00,4196.7998046875,4199.7001953125,4192.0,4196.7998046875,887
2026-07-03 03:00:00+00:00,4196.7998046875,4197.5,4192.7998046875,4195.7001953125,542
2026-07-03 03:15:00+00:00,4196.2001953125,4196.60009765625,4192.39990234375,4194.5,358
2026-07-03 03:30:00+00:00,4194.89990234375,4196.0,4190.2001953125,4190.60009765625,717
2026-07-03 03:45:00+00:00,4190.5,4192.39990234375,4188.39990234375,4188.5,447
2026-07-05 22:00:00+00:00,4187.5,4199.7001953125,4184.39990234375,4192.7001953125,1221
2026-07-05 22:15:00+00:00,4193.5,4197.89990234375,4187.2998046875,4197.39990234375,561
2026-07-05 22:30:00+00:00,4196.2998046875,4203.5,4187.2998046875,4200.10009765625,655
2026-07-05 22:45:00+00:00,4200.2001953125,4202.39990234375,4187.2998046875,4200.10009765625,698
2026-07-05 23:00:00+00:00,4200.60009765625,4203.5,4187.2998046875,4199.60009765625,528
2026-07-05 23:15:00+00:00,4199.5,4214.10009765625,4198.5,4212.10009765625,995
2026-07-05 23:30:00+00:00,4212.2998046875,4213.7001953125,4187.2998046875,4208.7001953125,864
2026-07-05 23:45:00+00:00,4208.2998046875,4209.2998046875,4187.2998046875,4195.2001953125,1121
2026-07-06 00:00:00+00:00,4195.7998046875,4197.5,4182.39990234375,4186.89990234375,994
2026-07-06 00:15:00+00:00,4187.2998046875,4193.89990234375,4183.0,4186.39990234375,752
2026-07-06 00:30:00+00:00,4187.10009765625,4199.60009765625,4186.2001953125,4197.60009765625,736
2026-07-06 00:45:00+00:00,4198.2001953125,4200.7001953125,4186.0,4191.60009765625,934
2026-07-06 01:00:00+00:00,4190.5,4204.39990234375,4184.2998046875,4200.60009765625,1460
2026-07-06 01:15:00+00:00,4200.60009765625,4204.7998046875,4187.2998046875,4201.39990234375,711
2026-07-06 01:30:00+00:00,4201.5,4212.7001953125,4187.2998046875,4209.89990234375,1115
2026-07-06 01:45:00+00:00,4209.10009765625,4215.5,4197.7001953125,4198.10009765625,1141
2026-07-06 02:00:00+00:00,4198.5,4200.10009765625,4187.2998046875,4193.2001953125,1250
2026-07-06 02:15:00+00:00,4193.10009765625,4198.60009765625,4187.2998046875,4189.39990234375,954
2026-07-06 02:30:00+00:00,4189.2998046875,4190.60009765625,4180.2998046875,4183.7001953125,977
2026-07-06 02:45:00+00:00,4184.7998046875,4187.39990234375,4181.89990234375,4185.5,445
2026-07-06 03:00:00+00:00,4185.89990234375,4187.89990234375,4177.10009765625,4178.39990234375,1097
2026-07-06 03:15:00+00:00,4178.10009765625,4187.2998046875,4174.10009765625,4177.5,571
2026-07-06 03:30:00+00:00,4177.2001953125,4187.2998046875,4172.7001953125,4174.5,436
2026-07-06 03:45:00+00:00,4174.5,4178.60009765625,4173.0,4177.0,305
2026-07-06 04:00:00+00:00,4177.0,4178.39990234375,4172.5,4175.39990234375,288
2026-07-06 04:15:00+00:00,4175.0,4187.2998046875,4171.7998046875,4173.2998046875,360
2026-07-06 04:30:00+00:00,4173.2001953125,4187.2998046875,4169.2001953125,4172.10009765625,504
2026-07-06 04:45:00+00:00,4171.7998046875,4172.89990234375,4169.7998046875,4171.5,334
2026-07-06 05:00:00+00:00,4171.2001953125,4187.2998046875,4162.60009765625,4163.5,892
2026-07-06 05:15:00+00:00,4163.7001953125,4187.2998046875,4161.89990234375,4164.2001953125,606
2026-07-06 05:30:00+00:00,4164.2998046875,4187.2998046875,4161.0,4167.0,979
2026-07-06 05:45:00+00:00,4166.60009765625,4187.2998046875,4156.39990234375,4159.7001953125,804
2026-07-06 06:00:00+00:00,4159.5,4164.10009765625,4156.7998046875,4163.7001953125,734
2026-07-06 06:15:00+00:00,4163.5,4187.2998046875,4160.0,4168.2998046875,656
2026-07-06 06:30:00+00:00,4168.2998046875,4187.2998046875,4164.89990234375,4167.39990234375,849
2026-07-06 06:45:00+00:00,4167.7001953125,4187.2998046875,4160.5,4161.89990234375,492
2026-07-06 07:00:00+00:00,4162.0,4187.2998046875,4158.7001953125,4162.39990234375,734
2026-07-06 07:15:00+00:00,4162.89990234375,4167.60009765625,4161.7998046875,4165.5,862
2026-07-06 07:30:00+00:00,4164.7998046875,4187.2998046875,4162.7001953125,4175.2998046875,802
2026-07-06 07:45:00+00:00,4175.5,4187.2998046875,4173.7001953125,4175.7001953125,613
2026-07-06 08:00:00+00:00,4176.39990234375,4187.2998046875,4168.39990234375,4169.39990234375,803
2026-07-06 08:15:00+00:00,4169.60009765625,4187.2998046875,4164.2998046875,4167.2001953125,915
2026-07-06 08:30:00+00:00,4167.10009765625,4167.39990234375,4160.0,4160.39990234375,762
2026-07-06 08:45:00+00:00,4160.5,4187.2998046875,4158.10009765625,4161.7998046875,493
2026-07-06 09:00:00+00:00,4161.60009765625,4187.2998046875,4159.2998046875,4161.2998046875,376
2026-07-06 09:15:00+00:00,4161.10009765625,4187.2998046875,4153.39990234375,4155.89990234375,1490
2026-07-06 09:30:00+00:00,4155.10009765625,4187.2998046875,4148.39990234375,4151.89990234375,2648
2026-07-06 09:45:00+00:00,4151.2998046875,4157.10009765625,4151.10009765625,4155.5,535
2026-07-06 10:00:00+00:00,4155.5,4187.2998046875,4154.60009765625,4160.39990234375,445
2026-07-06 10:15:00+00:00,4160.5,4187.2998046875,4159.7998046875,4161.10009765625,744
2026-07-06 10:30:00+00:00,4161.0,4187.2998046875,4160.89990234375,4166.7998046875,721
2026-07-06 10:45:00+00:00,4166.89990234375,4187.2998046875,4164.7001953125,4167.39990234375,499
2026-07-06 11:00:00+00:00,4167.2998046875,4168.7001953125,4164.10009765625,4167.2998046875,452
2026-07-06 11:15:00+00:00,4167.39990234375,4187.2998046875,4166.0,4167.89990234375,652
2026-07-06 11:30:00+00:00,4167.5,4187.2998046875,4164.7998046875,4165.7001953125,422
2026-07-06 11:45:00+00:00,4166.2001953125,4187.2998046875,4163.89990234375,4167.39990234375,376
2026-07-06 12:00:00+00:00,4167.39990234375,4187.2998046875,4165.5,4168.0,656
2026-07-06 12:15:00+00:00,4168.2001953125,4169.7998046875,4156.60009765625,4157.7001953125,1446
2026-07-06 12:30:00+00:00,4157.5,4187.2998046875,4143.2998046875,4144.89990234375,2331
2026-07-06 12:45:00+00:00,4145.10009765625,4187.2998046875,4144.89990234375,4151.39990234375,1950
2026-07-06 13:00:00+00:00,4151.89990234375,4160.7001953125,4148.89990234375,4153.60009765625,2300
2026-07-06 13:15:00+00:00,4153.39990234375,4187.2998046875,4150.7001953125,4154.7998046875,1770
2026-07-06 13:30:00+00:00,4154.2998046875,4162.60009765625,4154.2998046875,4161.5,1641
2026-07-06 13:45:00+00:00,4161.5,4187.2998046875,4147.10009765625,4153.0,2440
2026-07-06 14:00:00+00:00,4152.5,4187.2998046875,4145.7998046875,4152.5,3297
2026-07-06 14:15:00+00:00,4153.2998046875,4153.2998046875,4144.7001953125,4149.10009765625,2130
2026-07-06 14:30:00+00:00,4149.7001953125,4187.2998046875,4140.60009765625,4142.60009765625,2098
2026-07-06 14:45:00+00:00,4142.2001953125,4150.7998046875,4141.10009765625,4150.2001953125,1346
2026-07-06 15:00:00+00:00,4150.60009765625,4187.2998046875,4149.7998046875,4151.39990234375,1734
2026-07-06 15:15:00+00:00,4151.60009765625,4187.2998046875,4150.5,4162.2001953125,1694
2026-07-06 15:30:00+00:00,4162.2998046875,4164.0,4158.89990234375,4161.60009765625,1346
2026-07-06 15:45:00+00:00,4162.10009765625,4187.2998046875,4156.10009765625,4159.89990234375,1047
2026-07-06 16:00:00+00:00,4160.10009765625,4187.2998046875,4152.0,4152.0,1847
2026-07-06 16:15:00+00:00,4152.2998046875,4187.2998046875,4152.10009765625,4157.2001953125,1143
2026-07-06 16:30:00+00:00,4157.5,4187.2998046875,4157.2001953125,4161.39990234375,546
2026-07-06 16:45:00+00:00,4161.2001953125,4168.10009765625,4160.60009765625,4166.89990234375,973
2026-07-06 17:00:00+00:00,4166.89990234375,4187.2998046875,4164.10009765625,4165.39990234375,1000
2026-07-06 17:15:00+00:00,4165.5,4187.2998046875,4162.10009765625,4167.5,2738
2026-07-06 17:30:00+00:00,4167.2001953125,4187.2998046875,4166.39990234375,4168.39990234375,849
2026-07-06 17:45:00+00:00,4168.0,4187.2998046875,4167.60009765625,4172.89990234375,528
2026-07-06 18:00:00+00:00,4173.2998046875,4173.7998046875,4167.10009765625,4170.0,944
2026-07-06 18:15:00+00:00,4170.2001953125,4187.2998046875,4170.2001953125,4173.89990234375,495
2026-07-06 18:30:00+00:00,4173.7998046875,4187.2998046875,4171.60009765625,4176.2998046875,1056
2026-07-06 18:45:00+00:00,4175.7998046875,4187.2998046875,4173.7998046875,4175.7998046875,379
2026-07-06 19:00:00+00:00,4175.7998046875,4187.2998046875,4170.7998046875,4171.2001953125,547
2026-07-06 19:15:00+00:00,4171.10009765625,4175.5,4170.5,4174.7998046875,383
2026-07-06 19:30:00+00:00,4175.0,4187.2998046875,4171.5,4173.10009765625,323
2026-07-06 19:45:00+00:00,4173.10009765625,4187.2998046875,4172.7998046875,4175.5,671
2026-07-06 20:00:00+00:00,4175.39990234375,4187.2998046875,4172.7998046875,4172.7998046875,196
2026-07-06 20:15:00+00:00,4172.7001953125,4187.2998046875,4172.60009765625,4174.39990234375,100
2026-07-06 20:30:00+00:00,4174.2998046875,4176.5,4174.2001953125,4175.0,128
2026-07-06 20:45:00+00:00,4174.60009765625,4187.2998046875,4174.60009765625,4187.2998046875,173
2026-07-06 22:00:00+00:00,4176.39990234375,4179.0,4174.60009765625,4177.39990234375,103
2026-07-06 22:15:00+00:00,4177.7001953125,4178.7001953125,4176.2998046875,4177.10009765625,86
2026-07-06 22:30:00+00:00,4177.5,4179.5,4177.2001953125,4178.2998046875,239
2026-07-06 22:45:00+00:00,4178.2998046875,4179.10009765625,4175.2001953125,4175.89990234375,139
2026-07-06 23:00:00+00:00,4175.39990234375,4176.60009765625,4174.0,4176.60009765625,166
2026-07-06 23:15:00+00:00,4176.39990234375,4176.39990234375,4174.0,4174.2998046875,55
2026-07-06 23:30:00+00:00,4174.0,4176.39990234375,4172.0,4173.0,165
2026-07-06 23:45:00+00:00,4173.10009765625,4174.89990234375,4168.0,4168.7001953125,398
2026-07-07 00:00:00+00:00,4168.5,4169.7001953125,4164.5,4167.60009765625,433
2026-07-07 00:15:00+00:00,4168.0,4172.2001953125,4163.39990234375,4171.39990234375,458
2026-07-07 00:30:00+00:00,4171.7001953125,4174.5,4159.7001953125,4161.60009765625,661
2026-07-07 00:45:00+00:00,4160.7998046875,4165.5,4156.10009765625,4157.2001953125,650
2026-07-07 01:00:00+00:00,4157.2998046875,4160.2001953125,4149.60009765625,4153.7001953125,1545
2026-07-07 01:15:00+00:00,4153.2998046875,4155.0,4137.60009765625,4144.2998046875,1725
2026-07-07 01:30:00+00:00,4144.2001953125,4154.39990234375,4143.7998046875,4153.89990234375,907
2026-07-07 01:45:00+00:00,4154.39990234375,4158.60009765625,4152.5,4153.89990234375,823
2026-07-07 02:00:00+00:00,4154.0,4156.5,4149.5,4154.0,516
2026-07-07 02:15:00+00:00,4154.2998046875,4157.0,4149.7001953125,4152.2998046875,665
2026-07-07 02:30:00+00:00,4152.0,4156.5,4147.7998046875,4150.60009765625,665
2026-07-07 02:45:00+00:00,4151.2001953125,4151.2998046875,4142.7998046875,4147.89990234375,773
2026-07-07 03:00:00+00:00,4147.7998046875,4151.39990234375,4146.5,4148.2001953125,297
2026-07-07 03:15:00+00:00,4147.7998046875,4148.89990234375,4140.10009765625,4143.7998046875,610
2026-07-07 03:30:00+00:00,4143.10009765625,4146.2001953125,4138.39990234375,4140.39990234375,545
2026-07-07 03:45:00+00:00,4140.5,4142.7001953125,4135.2001953125,4141.7998046875,731
2026-07-07 04:00:00+00:00,4142.39990234375,4152.39990234375,4141.7001953125,4147.60009765625,760
2026-07-07 04:15:00+00:00,4147.7001953125,4148.89990234375,4142.0,4143.2001953125,424
2026-07-07 04:30:00+00:00,4143.2998046875,4143.2998046875,4139.60009765625,4139.60009765625,442
2026-07-07 04:45:00+00:00,4139.89990234375,4142.10009765625,4136.7998046875,4137.60009765625,284
2026-07-07 05:00:00+00:00,4137.60009765625,4142.2001953125,4133.0,4133.10009765625,891
2026-07-07 05:15:00+00:00,4133.10009765625,4140.0,4131.89990234375,4139.5,789
2026-07-07 05:30:00+00:00,4139.7001953125,4140.0,4127.7001953125,4133.5,1442
2026-07-07 05:45:00+00:00,4133.7001953125,4138.2001953125,4131.60009765625,4135.2001953125,583
2026-07-07 06:00:00+00:00,4135.0,4140.7998046875,4132.5,4135.10009765625,816
2026-07-07 06:15:00+00:00,4135.0,4140.89990234375,4134.5,4138.10009765625,608
2026-07-07 06:30:00+00:00,4138.0,4143.89990234375,4136.2001953125,4143.7998046875,462
2026-07-07 06:45:00+00:00,4143.7998046875,4144.39990234375,4139.7001953125,4141.7001953125,458
2026-07-07 07:00:00+00:00,4141.89990234375,4142.60009765625,4135.7998046875,4140.7001953125,845
2026-07-07 07:15:00+00:00,4140.7001953125,4143.39990234375,4137.2001953125,4138.2998046875,386
2026-07-07 07:30:00+00:00,4138.2998046875,4142.39990234375,4137.0,4141.39990234375,388
2026-07-07 07:45:00+00:00,4141.10009765625,4144.60009765625,4135.39990234375,4135.7998046875,901
2026-07-07 08:00:00+00:00,4135.39990234375,4150.89990234375,4135.39990234375,4148.5,1266
2026-07-07 08:15:00+00:00,4148.60009765625,4150.2998046875,4145.5,4150.0,729
2026-07-07 08:30:00+00:00,4150.10009765625,4150.7001953125,4139.2001953125,4142.10009765625,1292
2026-07-07 08:45:00+00:00,4142.10009765625,4142.2001953125,4132.7001953125,4137.10009765625,974
2026-07-07 09:00:00+00:00,4136.89990234375,4140.10009765625,4135.39990234375,4138.7001953125,580
2026-07-07 09:15:00+00:00,4138.5,4142.2001953125,4130.60009765625,4132.5,1194
2026-07-07 09:30:00+00:00,4132.60009765625,4144.60009765625,4132.39990234375,4143.7001953125,1361
2026-07-07 09:45:00+00:00,4143.7001953125,4144.10009765625,4136.2998046875,4142.39990234375,541
2026-07-07 10:00:00+00:00,4142.39990234375,4146.39990234375,4142.39990234375,4143.60009765625,522
2026-07-07 10:15:00+00:00,4144.0,4150.5,4143.2001953125,4148.89990234375,625
2026-07-07 10:30:00+00:00,4149.10009765625,4149.10009765625,4146.0,4147.2001953125,417
2026-07-07 10:45:00+00:00,4147.2001953125,4148.7998046875,4145.0,4147.10009765625,448
2026-07-07 11:00:00+00:00,4147.10009765625,4147.39990234375,4143.0,4144.10009765625,655
2026-07-07 11:15:00+00:00,4144.2998046875,4156.7998046875,4144.2998046875,4154.2001953125,1102
2026-07-07 11:30:00+00:00,4154.10009765625,4160.5,4150.7998046875,4159.60009765625,1395
2026-07-07 11:45:00+00:00,4159.5,4170.0,4158.39990234375,4168.60009765625,2126
2026-07-07 12:00:00+00:00,4168.60009765625,4186.7001953125,4166.0,4185.2001953125,4764
2026-07-07 12:15:00+00:00,4185.39990234375,4187.0,4174.5,4177.7998046875,2947
2026-07-07 12:30:00+00:00,4177.2998046875,4180.0,4173.2001953125,4178.0,2256
2026-07-07 12:45:00+00:00,4177.7998046875,4184.5,4175.89990234375,4184.10009765625,1557
2026-07-07 13:00:00+00:00,4184.10009765625,4190.60009765625,4171.2998046875,4182.60009765625,3312
2026-07-07 13:15:00+00:00,4182.5,4183.89990234375,4175.5,4177.2998046875,1466
2026-07-07 13:30:00+00:00,4177.60009765625,4192.39990234375,4174.7001953125,4189.39990234375,4141
2026-07-07 13:45:00+00:00,4189.39990234375,4192.0,4167.2998046875,4170.0,3392
2026-07-07 14:00:00+00:00,4169.7001953125,4175.10009765625,4161.89990234375,4163.2998046875,3994
2026-07-07 14:15:00+00:00,4162.89990234375,4170.7998046875,4162.0,4169.0,2004
2026-07-07 14:30:00+00:00,4169.7998046875,4170.7998046875,4154.5,4163.39990234375,2858
2026-07-07 14:45:00+00:00,4163.2001953125,4168.7998046875,4163.0,4165.0,1491
2026-07-07 15:00:00+00:00,4165.0,4166.7001953125,4159.2998046875,4159.60009765625,2110
2026-07-07 15:15:00+00:00,4159.7001953125,4159.7001953125,4152.60009765625,4154.0,1484
2026-07-07 15:30:00+00:00,4154.0,4159.2998046875,4153.0,4157.5,1131
2026-07-07 15:45:00+00:00,4157.2998046875,4159.0,4146.89990234375,4150.10009765625,1464
2026-07-07 16:00:00+00:00,4150.39990234375,4155.0,4148.2001953125,4152.39990234375,1044
2026-07-07 16:15:00+00:00,4152.2001953125,4158.7001953125,4152.10009765625,4157.5,1291
2026-07-07 16:30:00+00:00,4157.2998046875,4158.10009765625,4153.7001953125,4154.7001953125,828
2026-07-07 16:45:00+00:00,4154.89990234375,4158.2998046875,4152.2001953125,4156.60009765625,920
2026-07-07 17:00:00+00:00,4156.7001953125,4158.5,4153.60009765625,4154.39990234375,545
2026-07-07 17:15:00+00:00,4154.2001953125,4158.2998046875,4151.7998046875,4157.5,1753
2026-07-07 17:30:00+00:00,4157.7001953125,4159.7998046875,4156.10009765625,4158.0,1531
2026-07-07 17:45:00+00:00,4158.7001953125,4158.7001953125,4154.2998046875,4155.89990234375,273
2026-07-07 18:00:00+00:00,4156.0,4156.5,4152.2001953125,4153.7998046875,353
2026-07-07 18:15:00+00:00,4153.7001953125,4155.7998046875,4151.2998046875,4153.10009765625,479
2026-07-07 18:30:00+00:00,4152.89990234375,4153.7998046875,4147.7001953125,4153.0,636
2026-07-07 18:45:00+00:00,4153.7001953125,4154.0,4136.10009765625,4138.0,2734
2026-07-07 19:00:00+00:00,4137.89990234375,4138.7001953125,4113.60009765625,4116.60009765625,4805
2026-07-07 19:15:00+00:00,4116.10009765625,4117.7001953125,4102.7001953125,4114.2998046875,4379
2026-07-07 19:30:00+00:00,4114.2998046875,4125.89990234375,4114.2998046875,4120.0,1825
2026-07-07 19:45:00+00:00,4120.2998046875,4128.89990234375,4119.2001953125,4125.10009765625,2243
2026-07-07 20:00:00+00:00,4125.2998046875,4126.7001953125,4123.10009765625,4123.7001953125,554
2026-07-07 20:15:00+00:00,4124.0,4124.0,4117.2998046875,4121.60009765625,797
2026-07-07 20:30:00+00:00,4121.5,4121.7998046875,4115.39990234375,4116.2998046875,446
2026-07-07 20:45:00+00:00,4116.39990234375,4117.7001953125,4114.2001953125,4116.60009765625,356
2026-07-07 22:00:00+00:00,4106.5,4116.89990234375,4104.0,4114.5,682
2026-07-07 22:15:00+00:00,4114.7001953125,4115.10009765625,4110.39990234375,4110.5,300
2026-07-07 22:30:00+00:00,4110.2001953125,4113.39990234375,4109.39990234375,4112.0,441
2026-07-07 22:45:00+00:00,4111.7998046875,4111.7998046875,4106.60009765625,4109.5,843
2026-07-07 23:00:00+00:00,4109.0,4118.89990234375,4107.2998046875,4116.60009765625,1243
2026-07-07 23:15:00+00:00,4116.39990234375,4117.7998046875,4111.7998046875,4116.0,611
2026-07-07 23:30:00+00:00,4115.89990234375,4116.2998046875,4107.89990234375,4109.2001953125,609
2026-07-07 23:45:00+00:00,4108.7998046875,4112.0,4106.2998046875,4108.7998046875,520
2026-07-08 00:00:00+00:00,4108.5,4114.39990234375,4107.39990234375,4110.2998046875,396
2026-07-08 00:15:00+00:00,4111.5,4118.60009765625,4109.10009765625,4115.5,594
2026-07-08 00:30:00+00:00,4116.2998046875,4137.10009765625,4114.7001953125,4134.2001953125,1664
2026-07-08 00:45:00+00:00,4134.5,4136.0,4122.10009765625,4122.5,973
2026-07-08 01:00:00+00:00,4122.7998046875,4129.0,4109.5,4119.39990234375,2410
2026-07-08 01:15:00+00:00,4119.39990234375,4121.10009765625,4113.0,4113.7998046875,814
2026-07-08 01:30:00+00:00,4113.39990234375,4116.60009765625,4106.7998046875,4114.10009765625,1133
2026-07-08 01:45:00+00:00,4113.5,4123.7998046875,4112.7998046875,4122.2998046875,976
2026-07-08 02:00:00+00:00,4122.2001953125,4129.39990234375,4116.5,4123.2998046875,1177
2026-07-08 02:15:00+00:00,4123.7001953125,4135.5,4123.5,4129.5,955
2026-07-08 02:30:00+00:00,4129.5,4131.7998046875,4127.0,4131.10009765625,588
2026-07-08 02:45:00+00:00,4131.10009765625,4131.2998046875,4124.0,4125.0,403
2026-07-08 03:00:00+00:00,4125.5,4141.5,4125.5,4138.89990234375,1275
2026-07-08 03:15:00+00:00,4138.7001953125,4142.2998046875,4135.7001953125,4141.2998046875,665
2026-07-08 03:30:00+00:00,4141.39990234375,4142.2998046875,4136.7998046875,4138.2001953125,316
2026-07-08 03:45:00+00:00,4137.5,4140.2001953125,4133.60009765625,4133.7001953125,534
2026-07-08 04:00:00+00:00,4134.2001953125,4139.39990234375,4132.5,4135.2001953125,651
2026-07-08 04:15:00+00:00,4135.0,4137.7998046875,4131.39990234375,4136.60009765625,1001
2026-07-08 04:30:00+00:00,4136.60009765625,4139.10009765625,4132.89990234375,4136.0,481
2026-07-08 04:45:00+00:00,4136.0,4137.7001953125,4134.2001953125,4135.89990234375,287
2026-07-08 05:00:00+00:00,4135.89990234375,4144.60009765625,4135.7001953125,4136.39990234375,652
2026-07-08 05:15:00+00:00,4136.2998046875,4140.2998046875,4132.39990234375,4132.5,521
2026-07-08 05:30:00+00:00,4132.2998046875,4142.0,4131.2998046875,4138.5,678
2026-07-08 05:45:00+00:00,4139.2998046875,4140.5,4135.0,4138.5,399
2026-07-08 06:00:00+00:00,4138.7998046875,4142.10009765625,4132.89990234375,4141.39990234375,780
2026-07-08 06:15:00+00:00,4141.7998046875,4144.7001953125,4139.5,4140.89990234375,694
2026-07-08 06:30:00+00:00,4140.2998046875,4140.5,4135.2001953125,4137.7001953125,731
2026-07-08 06:45:00+00:00,4137.39990234375,4138.10009765625,4133.89990234375,4134.0,410
2026-07-08 07:00:00+00:00,4134.39990234375,4135.7998046875,4126.7998046875,4129.0,963
2026-07-08 07:15:00+00:00,4128.89990234375,4132.60009765625,4125.39990234375,4131.5,846
2026-07-08 07:30:00+00:00,4131.89990234375,4138.89990234375,4129.0,4138.89990234375,1203
2026-07-08 07:45:00+00:00,4138.89990234375,4139.0,4130.0,4132.0,782
2026-07-08 08:00:00+00:00,4132.0,4132.5,4127.5,4128.7001953125,897
2026-07-08 08:15:00+00:00,4129.0,4132.2001953125,4090.89990234375,4099.5,7462
2026-07-08 08:30:00+00:00,4099.5,4102.7998046875,4071.5,4077.0,5986
2026-07-08 08:45:00+00:00,4076.39990234375,4087.0,4062.199951171875,4066.800048828125,4935
2026-07-08 09:00:00+00:00,4066.60009765625,4067.0,4060.39990234375,4066.300048828125,2203
2026-07-08 09:15:00+00:00,4065.699951171875,4071.300048828125,4064.10009765625,4066.800048828125,2812
2026-07-08 09:30:00+00:00,4067.0,4068.89990234375,4054.800048828125,4058.800048828125,2912
2026-07-08 09:45:00+00:00,4058.60009765625,4063.199951171875,4051.60009765625,4053.10009765625,1681
2026-07-08 10:00:00+00:00,4053.5,4058.300048828125,4050.0,4054.5,1866
2026-07-08 10:15:00+00:00,4054.60009765625,4066.10009765625,4053.39990234375,4061.0,1708
2026-07-08 10:30:00+00:00,4060.60009765625,4068.699951171875,4060.199951171875,4067.5,1226
2026-07-08 10:45:00+00:00,4067.800048828125,4069.0,4062.89990234375,4062.89990234375,846
2026-07-08 11:00:00+00:00,4062.89990234375,4067.199951171875,4058.10009765625,4060.800048828125,1113
2026-07-08 11:15:00+00:00,4060.39990234375,4064.800048828125,4057.5,4060.5,995
2026-07-08 11:30:00+00:00,4060.0,4076.300048828125,4051.5,4074.5,2989
2026-07-08 11:45:00+00:00,4074.5,4083.0,4069.199951171875,4072.300048828125,3127
2026-07-08 12:00:00+00:00,4071.89990234375,4083.60009765625,4068.5,4081.800048828125,2392
2026-07-08 12:15:00+00:00,4082.199951171875,4087.60009765625,4075.199951171875,4081.0,2088
2026-07-08 12:30:00+00:00,4080.89990234375,4088.699951171875,4077.89990234375,4088.39990234375,1660
2026-07-08 12:45:00+00:00,4088.5,4096.7998046875,4081.10009765625,4082.89990234375,4500
2026-07-08 13:00:00+00:00,4082.5,4093.800048828125,4080.39990234375,4082.89990234375,3787
2026-07-08 13:15:00+00:00,4082.800048828125,4086.89990234375,4075.800048828125,4077.5,2552
2026-07-08 13:30:00+00:00,4077.5,4091.5,4077.39990234375,4084.199951171875,2810
2026-07-08 13:45:00+00:00,4083.89990234375,4090.10009765625,4079.0,4081.60009765625,2924
2026-07-08 14:00:00+00:00,4081.10009765625,4082.0,4067.699951171875,4068.300048828125,5174
2026-07-08 14:15:00+00:00,4068.199951171875,4076.39990234375,4062.0,4071.5,3824
2026-07-08 14:30:00+00:00,4071.0,4072.39990234375,4045.10009765625,4046.800048828125,6659
2026-07-08 14:45:00+00:00,4046.800048828125,4057.10009765625,4044.0,4051.800048828125,3611
2026-07-08 15:00:00+00:00,4052.0,4054.300048828125,4044.199951171875,4044.60009765625,2207
2026-07-08 15:15:00+00:00,4044.5,4046.699951171875,4036.699951171875,4041.5,4094
2026-07-08 15:30:00+00:00,4042.0,4044.300048828125,4032.5,4042.89990234375,3060
2026-07-08 15:45:00+00:00,4042.800048828125,4048.60009765625,4039.800048828125,4044.10009765625,2074
2026-07-08 16:00:00+00:00,4044.5,4053.5,4043.39990234375,4049.89990234375,2144
2026-07-08 16:15:00+00:00,4050.0,4055.89990234375,4048.0,4053.89990234375,1432
2026-07-08 16:30:00+00:00,4053.60009765625,4068.300048828125,4049.5,4066.60009765625,3615
2026-07-08 16:45:00+00:00,4066.39990234375,4075.0,4063.300048828125,4073.89990234375,2571
2026-07-08 17:00:00+00:00,4073.89990234375,4080.699951171875,4069.39990234375,4075.0,2510
2026-07-08 17:15:00+00:00,4075.199951171875,4084.699951171875,4073.5,4083.39990234375,6621
2026-07-08 17:30:00+00:00,4083.5,4086.89990234375,4079.39990234375,4080.5,2775
2026-07-08 17:45:00+00:00,4080.300048828125,4081.0,4074.699951171875,4076.39990234375,968
2026-07-08 18:00:00+00:00,4075.800048828125,4086.39990234375,4073.800048828125,4085.699951171875,1778
2026-07-08 18:15:00+00:00,4086.0,4086.10009765625,4078.0,4080.800048828125,707
2026-07-08 18:30:00+00:00,4080.5,4090.0,4077.60009765625,4089.89990234375,1352
2026-07-08 18:45:00+00:00,4089.800048828125,4101.60009765625,4089.0,4094.10009765625,1852
2026-07-08 19:00:00+00:00,4095.0,4101.0,4094.699951171875,4097.7998046875,856
2026-07-08 19:15:00+00:00,4097.2998046875,4098.60009765625,4094.800048828125,4098.5,871
2026-07-08 19:30:00+00:00,4098.60009765625,4101.39990234375,4093.39990234375,4094.10009765625,1082
2026-07-08 19:45:00+00:00,4093.89990234375,4094.39990234375,4088.5,4090.199951171875,1491
2026-07-08 20:00:00+00:00,4090.5,4093.5,4086.199951171875,4089.199951171875,943
2026-07-08 20:15:00+00:00,4089.0,4089.39990234375,4084.10009765625,4086.60009765625,637
2026-07-08 20:30:00+00:00,4086.699951171875,4088.60009765625,4081.39990234375,4085.10009765625,458
2026-07-08 20:45:00+00:00,4084.699951171875,4089.800048828125,4082.39990234375,4086.60009765625,364
2026-07-08 22:00:00+00:00,4087.60009765625,4089.199951171875,4081.199951171875,4086.300048828125,176
2026-07-08 22:15:00+00:00,4086.10009765625,4088.699951171875,4082.699951171875,4083.800048828125,263
2026-07-08 22:30:00+00:00,4084.0,4088.800048828125,4083.0,4086.0,369
2026-07-08 22:45:00+00:00,4085.699951171875,4089.60009765625,4085.5,4085.699951171875,748
2026-07-08 23:00:00+00:00,4086.300048828125,4086.800048828125,4083.60009765625,4086.5,299
2026-07-08 23:15:00+00:00,4086.300048828125,4087.5,4084.800048828125,4086.89990234375,96
2026-07-08 23:30:00+00:00,4086.800048828125,4087.0,4083.10009765625,4084.89990234375,185
2026-07-08 23:45:00+00:00,4084.89990234375,4087.39990234375,4081.10009765625,4085.60009765625,477
2026-07-09 00:00:00+00:00,4087.5,4097.0,4086.39990234375,4096.7998046875,960
2026-07-09 00:15:00+00:00,4096.89990234375,4099.10009765625,4083.60009765625,4087.39990234375,861
2026-07-09 00:30:00+00:00,4087.89990234375,4091.10009765625,4084.699951171875,4086.60009765625,686
2026-07-09 00:45:00+00:00,4086.10009765625,4088.10009765625,4079.199951171875,4082.800048828125,782
2026-07-09 01:00:00+00:00,4083.199951171875,4088.199951171875,4074.10009765625,4083.199951171875,1498
2026-07-09 01:15:00+00:00,4083.5,4086.0,4075.89990234375,4075.89990234375,716
2026-07-09 01:30:00+00:00,4076.39990234375,4084.39990234375,4071.39990234375,4082.199951171875,1232
2026-07-09 01:45:00+00:00,4081.800048828125,4085.199951171875,4077.699951171875,4081.800048828125,813
2026-07-09 02:00:00+00:00,4081.89990234375,4089.0,4080.800048828125,4088.0,954
2026-07-09 02:15:00+00:00,4087.39990234375,4091.89990234375,4086.199951171875,4089.300048828125,793
2026-07-09 02:30:00+00:00,4089.300048828125,4090.60009765625,4078.699951171875,4079.699951171875,923
2026-07-09 02:45:00+00:00,4079.800048828125,4080.800048828125,4073.10009765625,4073.800048828125,764
2026-07-09 03:00:00+00:00,4073.39990234375,4076.300048828125,4064.10009765625,4067.89990234375,1091
2026-07-09 03:15:00+00:00,4067.60009765625,4070.199951171875,4063.39990234375,4067.39990234375,636
2026-07-09 03:30:00+00:00,4067.0,4072.60009765625,4065.60009765625,4071.0,317
2026-07-09 03:45:00+00:00,4071.300048828125,4072.800048828125,4070.199951171875,4072.10009765625,235
2026-07-09 04:00:00+00:00,4073.60009765625,4073.60009765625,4068.39990234375,4069.60009765625,372
2026-07-09 04:15:00+00:00,4069.60009765625,4070.199951171875,4066.5,4067.5,959
2026-07-09 04:30:00+00:00,4068.0,4073.60009765625,4065.89990234375,4067.39990234375,883
2026-07-09 04:45:00+00:00,4067.199951171875,4073.699951171875,4065.89990234375,4073.699951171875,544
2026-07-09 05:00:00+00:00,4073.699951171875,4085.300048828125,4073.0,4082.89990234375,1739
2026-07-09 05:15:00+00:00,4083.10009765625,4083.39990234375,4076.199951171875,4081.39990234375,562
2026-07-09 05:30:00+00:00,4082.0,4086.300048828125,4073.800048828125,4085.0,1518
2026-07-09 05:45:00+00:00,4085.300048828125,4093.800048828125,4083.39990234375,4091.39990234375,1125
2026-07-09 06:00:00+00:00,4091.300048828125,4109.2998046875,4090.800048828125,4101.5,2580
2026-07-09 06:15:00+00:00,4101.2998046875,4112.60009765625,4101.0,4111.2001953125,1724
2026-07-09 06:30:00+00:00,4111.7998046875,4116.7001953125,4105.60009765625,4112.5,1770
2026-07-09 06:45:00+00:00,4112.2998046875,4117.7001953125,4112.0,4117.7001953125,842
2026-07-09 07:00:00+00:00,4117.2998046875,4119.89990234375,4111.2998046875,4111.2998046875,1128
2026-07-09 07:15:00+00:00,4111.39990234375,4119.5,4111.39990234375,4118.60009765625,973
2026-07-09 07:30:00+00:00,4118.60009765625,4120.89990234375,4113.2998046875,4118.89990234375,910
2026-07-09 07:45:00+00:00,4118.60009765625,4121.0,4114.2001953125,4117.89990234375,704
2026-07-09 08:00:00+00:00,4117.89990234375,4120.39990234375,4115.0,4117.7998046875,745
2026-07-09 08:15:00+00:00,4118.0,4127.39990234375,4117.60009765625,4124.39990234375,1833
2026-07-09 08:30:00+00:00,4124.2001953125,4126.0,4119.2998046875,4122.89990234375,816
2026-07-09 08:45:00+00:00,4123.10009765625,4123.10009765625,4116.7998046875,4117.89990234375,803
2026-07-09 09:00:00+00:00,4118.0,4118.7998046875,4115.2001953125,4117.5,523
2026-07-09 09:15:00+00:00,4117.7001953125,4121.39990234375,4116.5,4117.5,756
2026-07-09 09:30:00+00:00,4117.5,4119.5,4112.60009765625,4113.2998046875,897
2026-07-09 09:45:00+00:00,4113.10009765625,4116.7998046875,4112.60009765625,4115.7001953125,445
2026-07-09 10:00:00+00:00,4115.7998046875,4119.2001953125,4113.39990234375,4114.5,811
2026-07-09 10:15:00+00:00,4114.60009765625,4116.10009765625,4113.39990234375,4113.7998046875,372
2026-07-09 10:30:00+00:00,4113.2001953125,4114.60009765625,4111.0,4112.7998046875,618
2026-07-09 10:45:00+00:00,4112.7998046875,4113.2998046875,4102.7998046875,4108.0,2118
2026-07-09 11:00:00+00:00,4108.2001953125,4114.60009765625,4106.89990234375,4113.60009765625,1047
2026-07-09 11:15:00+00:00,4114.5,4116.7998046875,4108.2998046875,4109.5,1061
2026-07-09 11:30:00+00:00,4109.7998046875,4119.39990234375,4108.2001953125,4116.0,1290
2026-07-09 11:45:00+00:00,4116.0,4120.39990234375,4114.39990234375,4118.7001953125,874
2026-07-09 12:00:00+00:00,4118.7001953125,4130.2998046875,4115.7001953125,4122.60009765625,1874
2026-07-09 12:15:00+00:00,4122.7998046875,4123.2998046875,4114.7998046875,4116.7001953125,1829
2026-07-09 12:30:00+00:00,4117.0,4132.39990234375,4116.2998046875,4122.5,4480
2026-07-09 12:45:00+00:00,4122.89990234375,4124.5,4116.7998046875,4117.7001953125,1574
2026-07-09 13:00:00+00:00,4117.5,4131.0,4116.60009765625,4130.60009765625,2388
2026-07-09 13:15:00+00:00,4130.7001953125,4137.2998046875,4128.39990234375,4135.7001953125,3009
2026-07-09 13:30:00+00:00,4136.10009765625,4139.60009765625,4129.39990234375,4137.2998046875,3970
2026-07-09 13:45:00+00:00,4137.2998046875,4137.7001953125,4127.60009765625,4131.7001953125,3056
2026-07-09 14:00:00+00:00,4131.2998046875,4147.39990234375,4129.7998046875,4131.7998046875,4730
2026-07-09 14:15:00+00:00,4132.10009765625,4135.7001953125,4123.7001953125,4134.2998046875,3348
2026-07-09 14:30:00+00:00,4134.7001953125,4136.60009765625,4130.39990234375,4133.89990234375,1613
2026-07-09 14:45:00+00:00,4134.10009765625,4138.0,4127.89990234375,4137.2998046875,1779
2026-07-09 15:00:00+00:00,4137.7001953125,4140.7998046875,4134.60009765625,4135.2998046875,1425
2026-07-09 15:15:00+00:00,4135.10009765625,4140.60009765625,4134.60009765625,4137.7001953125,1661
2026-07-09 15:30:00+00:00,4137.5,4141.2998046875,4136.10009765625,4139.89990234375,1864
2026-07-09 15:45:00+00:00,4140.2001953125,4143.0,4136.10009765625,4136.39990234375,1488
2026-07-09 16:00:00+00:00,4136.7998046875,4141.39990234375,4135.39990234375,4140.2001953125,883
2026-07-09 16:15:00+00:00,4140.10009765625,4143.60009765625,4138.7998046875,4142.89990234375,989
2026-07-09 16:30:00+00:00,4142.2998046875,4148.39990234375,4141.2001953125,4143.7001953125,1625
2026-07-09 16:45:00+00:00,4143.2998046875,4144.2001953125,4137.7001953125,4137.7001953125,2219
2026-07-09 17:00:00+00:00,4137.7998046875,4138.60009765625,4135.2998046875,4137.2001953125,2047
2026-07-09 17:15:00+00:00,4136.7998046875,4141.89990234375,4134.5,4141.60009765625,4732
2026-07-09 17:30:00+00:00,4141.7001953125,4144.2998046875,4139.10009765625,4142.0,2470
2026-07-09 17:45:00+00:00,4141.89990234375,4148.2998046875,4141.7998046875,4146.10009765625,2215
2026-07-09 18:00:00+00:00,4145.89990234375,4146.5,4137.10009765625,4138.7001953125,999
2026-07-09 18:15:00+00:00,4138.39990234375,4138.39990234375,4132.7001953125,4133.7998046875,1022
2026-07-09 18:30:00+00:00,4133.7998046875,4135.2001953125,4131.10009765625,4135.2001953125,652
2026-07-09 18:45:00+00:00,4135.2001953125,4135.2998046875,4132.10009765625,4134.5,382
2026-07-09 19:00:00+00:00,4134.10009765625,4136.89990234375,4132.60009765625,4134.10009765625,420
2026-07-09 19:15:00+00:00,4134.2998046875,4135.0,4130.2998046875,4130.60009765625,477
2026-07-09 19:30:00+00:00,4130.60009765625,4132.2998046875,4128.2998046875,4130.0,706
2026-07-09 19:45:00+00:00,4130.2001953125,4133.39990234375,4129.7998046875,4132.39990234375,716
2026-07-09 20:00:00+00:00,4132.10009765625,4133.89990234375,4130.2998046875,4131.2001953125,272
2026-07-09 20:15:00+00:00,4131.2001953125,4132.2998046875,4130.0,4130.60009765625,105
2026-07-09 20:30:00+00:00,4130.39990234375,4135.10009765625,4130.2998046875,4133.89990234375,389
2026-07-09 20:45:00+00:00,4133.5,4134.0,4132.2998046875,4132.60009765625,207
2026-07-09 22:00:00+00:00,4135.39990234375,4136.7998046875,4130.7998046875,4132.7998046875,306
2026-07-09 22:15:00+00:00,4132.5,4134.0,4131.5,4132.60009765625,148
2026-07-09 22:30:00+00:00,4132.10009765625,4134.0,4131.5,4132.7001953125,280
2026-07-09 22:45:00+00:00,4133.0,4133.2001953125,4130.5,4130.7001953125,288
2026-07-09 23:00:00+00:00,4130.7998046875,4133.89990234375,4130.10009765625,4133.0,145
2026-07-09 23:15:00+00:00,4133.2998046875,4134.2001953125,4130.2998046875,4131.39990234375,238
2026-07-09 23:30:00+00:00,4131.2001953125,4132.2998046875,4130.10009765625,4132.0,62
2026-07-09 23:45:00+00:00,4132.0,4133.89990234375,4130.89990234375,4132.60009765625,143
2026-07-10 00:00:00+00:00,4132.5,4134.60009765625,4129.0,4131.89990234375,447
2026-07-10 00:15:00+00:00,4132.39990234375,4132.89990234375,4125.7998046875,4128.60009765625,597
2026-07-10 00:30:00+00:00,4128.39990234375,4133.0,4123.5,4132.39990234375,559
2026-07-10 00:45:00+00:00,4132.0,4137.7998046875,4130.2998046875,4135.7998046875,849
2026-07-10 01:00:00+00:00,4136.2001953125,4140.7998046875,4128.10009765625,4134.0,1168
2026-07-10 01:15:00+00:00,4134.5,4137.5,4129.89990234375,4130.7998046875,523
2026-07-10 01:30:00+00:00,4131.7001953125,4133.2001953125,4118.60009765625,4121.10009765625,1645
2026-07-10 01:45:00+00:00,4121.39990234375,4130.7998046875,4118.2998046875,4127.10009765625,768
2026-07-10 02:00:00+00:00,4126.7001953125,4138.60009765625,4125.89990234375,4134.7001953125,870
2026-07-10 02:15:00+00:00,4134.7998046875,4137.89990234375,4131.39990234375,4135.7998046875,485
2026-07-10 02:30:00+00:00,4135.2998046875,4138.39990234375,4131.2001953125,4135.2998046875,527
2026-07-10 02:45:00+00:00,4135.2001953125,4138.89990234375,4133.2998046875,4137.60009765625,341
2026-07-10 03:00:00+00:00,4137.5,4144.60009765625,4136.0,4136.39990234375,1119
2026-07-10 03:15:00+00:00,4136.60009765625,4138.2998046875,4130.39990234375,4135.10009765625,810
2026-07-10 03:30:00+00:00,4134.7001953125,4137.5,4130.7001953125,4131.10009765625,532
2026-07-10 03:45:00+00:00,4130.7998046875,4131.7998046875,4128.89990234375,4129.5,332
2026-07-10 04:00:00+00:00,4128.7998046875,4130.39990234375,4126.0,4130.10009765625,454
2026-07-10 04:15:00+00:00,4130.0,4130.5,4121.2001953125,4126.5,913
2026-07-10 04:30:00+00:00,4126.2001953125,4128.7998046875,4125.89990234375,4128.2001953125,170
2026-07-10 04:45:00+00:00,4128.2001953125,4128.2001953125,4123.60009765625,4123.89990234375,239
2026-07-10 05:00:00+00:00,4124.10009765625,4125.2001953125,4122.0,4122.7998046875,204
2026-07-10 05:15:00+00:00,4123.10009765625,4126.0,4121.7001953125,4123.0,523
2026-07-10 05:30:00+00:00,4122.7998046875,4124.10009765625,4117.7001953125,4122.7998046875,900
2026-07-10 05:45:00+00:00,4122.2998046875,4126.0,4117.0,4125.5,594
2026-07-10 06:00:00+00:00,4125.5,4128.10009765625,4123.39990234375,4123.7998046875,561
2026-07-10 06:15:00+00:00,4123.7001953125,4129.0,4122.5,4123.39990234375,550
2026-07-10 06:30:00+00:00,4123.2998046875,4125.10009765625,4120.0,4120.60009765625,599
2026-07-10 06:45:00+00:00,4120.2001953125,4123.2001953125,4120.10009765625,4120.60009765625,487
2026-07-10 07:00:00+00:00,4120.2998046875,4122.5,4117.7001953125,4120.2001953125,1078
2026-07-10 07:15:00+00:00,4120.39990234375,4124.39990234375,4117.5,4121.5,687
2026-07-10 07:30:00+00:00,4121.7001953125,4123.5,4114.2001953125,4115.60009765625,712
2026-07-10 07:45:00+00:00,4116.0,4118.7001953125,4113.0,4117.89990234375,1063
2026-07-10 08:00:00+00:00,4117.60009765625,4118.2998046875,4112.7998046875,4116.2998046875,973
2026-07-10 08:15:00+00:00,4116.39990234375,4117.7998046875,4111.7998046875,4113.10009765625,600
2026-07-10 08:30:00+00:00,4112.7001953125,4114.2998046875,4108.2001953125,4110.60009765625,899
2026-07-10 08:45:00+00:00,4110.39990234375,4110.39990234375,4103.2998046875,4106.5,1795
2026-07-10 09:00:00+00:00,4106.5,4110.0,4103.0,4109.60009765625,1069
2026-07-10 09:15:00+00:00,4109.5,4112.7001953125,4108.7998046875,4111.7001953125,1245
2026-07-10 09:30:00+00:00,4111.5,4113.2001953125,4107.60009765625,4112.0,806
2026-07-10 09:45:00+00:00,4112.10009765625,4114.5,4111.2001953125,4113.7001953125,439
2026-07-10 10:00:00+00:00,4113.7998046875,4117.60009765625,4113.10009765625,4115.5,549
2026-07-10 10:15:00+00:00,4115.60009765625,4121.7998046875,4115.2998046875,4118.5,1151
2026-07-10 10:30:00+00:00,4118.7001953125,4119.7001953125,4115.39990234375,4118.2998046875,424
2026-07-10 10:45:00+00:00,4118.39990234375,4118.39990234375,4113.2001953125,4113.5,1236
2026-07-10 11:00:00+00:00,4113.2998046875,4117.10009765625,4113.2998046875,4115.10009765625,815
2026-07-10 11:15:00+00:00,4115.60009765625,4117.10009765625,4108.60009765625,4108.60009765625,715
2026-07-10 11:30:00+00:00,4108.7998046875,4116.10009765625,4104.5,4115.5,1181
2026-07-10 11:45:00+00:00,4115.2001953125,4116.89990234375,4110.7998046875,4111.0,552
2026-07-10 12:00:00+00:00,4111.39990234375,4127.0,4109.7998046875,4123.60009765625,2464
2026-07-10 12:15:00+00:00,4123.89990234375,4125.10009765625,4111.5,4114.7998046875,1601
2026-07-10 12:30:00+00:00,4114.7998046875,4115.60009765625,4106.0,4106.7001953125,1600
2026-07-10 12:45:00+00:00,4106.7001953125,4113.60009765625,4106.39990234375,4109.2998046875,1609
2026-07-10 13:00:00+00:00,4109.7001953125,4114.7998046875,4107.39990234375,4113.0,1536
2026-07-10 13:15:00+00:00,4113.2001953125,4115.5,4093.699951171875,4095.89990234375,3151
2026-07-10 13:30:00+00:00,4096.0,4111.2001953125,4095.300048828125,4107.2001953125,2793
2026-07-10 13:45:00+00:00,4107.2001953125,4114.2998046875,4105.89990234375,4108.7001953125,1481
2026-07-10 14:00:00+00:00,4108.2998046875,4112.2001953125,4106.10009765625,4108.7998046875,1923
2026-07-10 14:15:00+00:00,4108.7998046875,4118.60009765625,4106.10009765625,4114.2998046875,2232
2026-07-10 14:30:00+00:00,4114.7001953125,4116.7998046875,4081.699951171875,4108.5,7000
2026-07-10 14:45:00+00:00,4108.2001953125,4117.10009765625,4100.7001953125,4101.7001953125,2505
2026-07-10 15:00:00+00:00,4101.89990234375,4110.0,4100.10009765625,4106.10009765625,1365
2026-07-10 15:15:00+00:00,4106.89990234375,4117.0,4106.89990234375,4111.39990234375,1843
2026-07-10 15:30:00+00:00,4111.5,4116.10009765625,4110.60009765625,4115.2998046875,885
2026-07-10 15:45:00+00:00,4115.60009765625,4122.7001953125,4115.0,4122.10009765625,1682
2026-07-10 16:00:00+00:00,4122.39990234375,4124.0,4116.89990234375,4119.39990234375,1442
2026-07-10 16:15:00+00:00,4119.5,4123.60009765625,4116.2001953125,4123.60009765625,1182
2026-07-10 16:30:00+00:00,4123.5,4124.7998046875,4118.0,4118.2998046875,996
2026-07-10 16:45:00+00:00,4118.60009765625,4119.10009765625,4113.2998046875,4113.60009765625,1416
2026-07-10 17:00:00+00:00,4113.39990234375,4114.60009765625,4111.2998046875,4112.7001953125,1029
2026-07-10 17:15:00+00:00,4113.0,4115.7998046875,4112.7998046875,4114.39990234375,3154
2026-07-10 17:30:00+00:00,4114.39990234375,4115.7998046875,4112.10009765625,4112.7998046875,1187
2026-07-10 17:45:00+00:00,4112.7001953125,4114.10009765625,4109.39990234375,4109.60009765625,727
2026-07-10 18:00:00+00:00,4109.7998046875,4114.2998046875,4108.89990234375,4113.7998046875,999
2026-07-10 18:15:00+00:00,4113.89990234375,4114.7998046875,4111.0,4111.7998046875,674
2026-07-10 18:30:00+00:00,4112.0,4112.5,4107.10009765625,4107.7001953125,861
2026-07-10 18:45:00+00:00,4107.7001953125,4110.2001953125,4106.7998046875,4109.7001953125,613
2026-07-10 19:00:00+00:00,4109.7001953125,4111.10009765625,4106.2998046875,4110.2001953125,947
2026-07-10 19:15:00+00:00,4110.2001953125,4111.89990234375,4109.7998046875,4110.2998046875,368
2026-07-10 19:30:00+00:00,4110.10009765625,4112.0,4109.0,4110.89990234375,630
2026-07-10 19:45:00+00:00,4111.10009765625,4117.0,4110.7998046875,4116.60009765625,900
2026-07-10 20:00:00+00:00,4116.39990234375,4123.39990234375,4116.2998046875,4120.39990234375,581
2026-07-10 20:15:00+00:00,4120.2001953125,4121.2001953125,4119.0,4119.60009765625,236
2026-07-10 20:30:00+00:00,4119.7001953125,4120.89990234375,4118.7998046875,4120.2998046875,133
2026-07-10 20:45:00+00:00,4120.0,4129.0,4113.7001953125,4113.7001953125,613
2026-07-12 22:00:00+00:00,4097.89990234375,4102.2001953125,4088.39990234375,4089.0,442
2026-07-12 22:15:00+00:00,4089.39990234375,4096.0,4087.39990234375,4091.5,638
2026-07-12 22:30:00+00:00,4091.60009765625,4094.199951171875,4085.39990234375,4085.60009765625,503
2026-07-12 22:45:00+00:00,4086.39990234375,4088.800048828125,4076.800048828125,4084.300048828125,1062
2026-07-12 23:00:00+00:00,4084.0,4084.10009765625,4075.800048828125,4078.199951171875,768
2026-07-12 23:15:00+00:00,4078.199951171875,4083.39990234375,4076.60009765625,4082.300048828125,359
2026-07-12 23:30:00+00:00,4082.300048828125,4087.300048828125,4079.300048828125,4085.800048828125,428
2026-07-12 23:45:00+00:00,4085.699951171875,4093.300048828125,4083.699951171875,4092.89990234375,630
2026-07-13 00:00:00+00:00,4093.10009765625,4099.7001953125,4089.0,4095.39990234375,946
2026-07-13 00:15:00+00:00,4095.800048828125,4096.10009765625,4082.800048828125,4083.10009765625,849
2026-07-13 00:30:00+00:00,4082.800048828125,4083.60009765625,4069.39990234375,4081.89990234375,1766
2026-07-13 00:45:00+00:00,4082.0,4086.199951171875,4077.199951171875,4082.10009765625,1040
2026-07-13 01:00:00+00:00,4082.89990234375,4089.89990234375,4074.0,4088.5,1543
2026-07-13 01:15:00+00:00,4088.199951171875,4091.10009765625,4079.39990234375,4087.699951171875,1062
2026-07-13 01:30:00+00:00,4087.699951171875,4098.2998046875,4086.0,4092.5,1137
2026-07-13 01:45:00+00:00,4093.89990234375,4096.7998046875,4075.300048828125,4080.199951171875,2142
2026-07-13 02:00:00+00:00,4080.5,4083.0,4077.89990234375,4080.5,944
2026-07-13 02:15:00+00:00,4080.0,4082.300048828125,4074.60009765625,4075.5,819
2026-07-13 02:30:00+00:00,4075.39990234375,4085.5,4072.60009765625,4080.699951171875,1331
2026-07-13 02:45:00+00:00,4080.10009765625,4080.89990234375,4076.199951171875,4076.800048828125,402
2026-07-13 03:00:00+00:00,4076.5,4077.199951171875,4060.699951171875,4065.800048828125,2323
2026-07-13 03:15:00+00:00,4066.199951171875,4070.300048828125,4065.800048828125,4069.89990234375,737
2026-07-13 03:30:00+00:00,4069.5,4070.300048828125,4064.5,4065.10009765625,435
2026-07-13 03:45:00+00:00,4065.39990234375,4068.800048828125,4065.300048828125,4067.39990234375,161
2026-07-13 04:00:00+00:00,4068.10009765625,4068.10009765625,4060.0,4061.699951171875,499
2026-07-13 04:15:00+00:00,4062.199951171875,4065.60009765625,4057.800048828125,4063.10009765625,933
2026-07-13 04:30:00+00:00,4063.10009765625,4065.300048828125,4060.800048828125,4062.0,376
2026-07-13 04:45:00+00:00,4062.10009765625,4067.10009765625,4060.10009765625,4066.300048828125,418
2026-07-13 05:00:00+00:00,4066.39990234375,4080.89990234375,4062.60009765625,4077.300048828125,1363
2026-07-13 05:15:00+00:00,4077.60009765625,4077.699951171875,4065.10009765625,4065.800048828125,816
2026-07-13 05:30:00+00:00,4065.699951171875,4073.300048828125,4059.5,4070.89990234375,1435
2026-07-13 05:45:00+00:00,4070.5,4072.199951171875,4060.699951171875,4061.800048828125,875
2026-07-13 06:00:00+00:00,4061.89990234375,4064.300048828125,4052.0,4058.60009765625,2303
2026-07-13 06:15:00+00:00,4058.699951171875,4069.10009765625,4058.60009765625,4068.89990234375,956
2026-07-13 06:30:00+00:00,4069.0,4071.39990234375,4066.39990234375,4068.0,804
2026-07-13 06:45:00+00:00,4067.89990234375,4068.5,4059.699951171875,4063.0,1124
2026-07-13 07:00:00+00:00,4063.39990234375,4069.300048828125,4056.5,4063.39990234375,1327
2026-07-13 07:15:00+00:00,4063.699951171875,4067.10009765625,4063.699951171875,4067.10009765625,555
2026-07-13 07:30:00+00:00,4066.60009765625,4071.0,4063.800048828125,4065.0,695
2026-07-13 07:45:00+00:00,4065.699951171875,4073.199951171875,4064.0,4072.800048828125,819
2026-07-13 08:00:00+00:00,4072.800048828125,4083.60009765625,4071.39990234375,4082.300048828125,1564
2026-07-13 08:15:00+00:00,4082.199951171875,4089.10009765625,4081.800048828125,4082.60009765625,2034
2026-07-13 08:30:00+00:00,4082.300048828125,4084.800048828125,4079.5,4084.60009765625,680
2026-07-13 08:45:00+00:00,4084.0,4087.199951171875,4080.89990234375,4083.10009765625,594
2026-07-13 09:00:00+00:00,4082.800048828125,4084.39990234375,4081.0,4082.89990234375,454
2026-07-13 09:15:00+00:00,4082.89990234375,4085.0,4079.199951171875,4081.0,746
2026-07-13 09:30:00+00:00,4080.699951171875,4082.0,4077.699951171875,4080.800048828125,920
2026-07-13 09:45:00+00:00,4080.800048828125,4082.0,4076.0,4076.300048828125,506
2026-07-13 10:00:00+00:00,4076.199951171875,4078.39990234375,4074.699951171875,4075.60009765625,505
2026-07-13 10:15:00+00:00,4075.5,4077.199951171875,4071.5,4073.0,616
2026-07-13 10:30:00+00:00,4072.89990234375,4076.300048828125,4055.0,4060.699951171875,2059
2026-07-13 10:45:00+00:00,4060.39990234375,4069.60009765625,4056.39990234375,4068.39990234375,1822
2026-07-13 11:00:00+00:00,4068.39990234375,4075.800048828125,4066.0,4071.699951171875,2233
2026-07-13 11:15:00+00:00,4071.89990234375,4072.89990234375,4066.10009765625,4070.60009765625,866
2026-07-13 11:30:00+00:00,4070.300048828125,4076.699951171875,4069.699951171875,4072.800048828125,920
2026-07-13 11:45:00+00:00,4073.199951171875,4073.39990234375,4062.60009765625,4064.0,995
2026-07-13 12:00:00+00:00,4064.0,4068.5,4061.10009765625,4064.0,1737
2026-07-13 12:15:00+00:00,4063.60009765625,4071.300048828125,4063.0,4066.89990234375,1400
2026-07-13 12:30:00+00:00,4066.699951171875,4071.800048828125,4066.39990234375,4070.5,1320
2026-07-13 12:45:00+00:00,4070.699951171875,4075.199951171875,4070.699951171875,4075.199951171875,1553
2026-07-13 13:00:00+00:00,4075.300048828125,4075.5,4066.699951171875,4069.60009765625,1521
2026-07-13 13:15:00+00:00,4069.60009765625,4073.60009765625,4066.199951171875,4069.699951171875,1602
2026-07-13 13:30:00+00:00,4070.199951171875,4071.800048828125,4059.0,4062.60009765625,2984
2026-07-13 13:45:00+00:00,4062.10009765625,4065.800048828125,4049.0,4050.89990234375,4422
2026-07-13 14:00:00+00:00,4050.5,4054.5,4036.0,4043.39990234375,6524
2026-07-13 14:15:00+00:00,4043.199951171875,4044.800048828125,4009.0,4024.300048828125,12090
2026-07-13 14:30:00+00:00,4023.89990234375,4024.5,4005.800048828125,4012.5,6096
2026-07-13 14:45:00+00:00,4012.39990234375,4022.60009765625,4008.39990234375,4022.39990234375,4850
2026-07-13 15:00:00+00:00,4022.39990234375,4024.89990234375,4017.699951171875,4021.60009765625,2031
2026-07-13 15:15:00+00:00,4022.10009765625,4027.5,4020.300048828125,4023.5,1693
2026-07-13 15:30:00+00:00,4024.10009765625,4025.0,4019.60009765625,4020.5,1183
2026-07-13 15:45:00+00:00,4020.60009765625,4023.5,4017.5,4023.300048828125,1207
2026-07-13 16:00:00+00:00,4023.10009765625,4025.5,4019.89990234375,4021.300048828125,1793
2026-07-13 16:15:00+00:00,4021.10009765625,4021.39990234375,4007.60009765625,4011.39990234375,2822
2026-07-13 16:30:00+00:00,4011.39990234375,4012.0,3997.39990234375,4007.60009765625,6204
2026-07-13 16:45:00+00:00,4007.5,4010.39990234375,3992.89990234375,4000.300048828125,4707
2026-07-13 17:00:00+00:00,4000.5,4006.199951171875,3999.199951171875,4004.89990234375,1704
2026-07-13 17:15:00+00:00,4004.89990234375,4009.300048828125,4003.89990234375,4006.300048828125,4685
2026-07-13 17:30:00+00:00,4006.39990234375,4008.5,4003.5,4004.300048828125,1692
2026-07-13 17:45:00+00:00,4005.300048828125,4006.699951171875,3999.39990234375,4000.60009765625,1192
2026-07-13 18:00:00+00:00,4000.699951171875,4002.39990234375,3996.300048828125,4000.800048828125,1218
2026-07-13 18:15:00+00:00,4001.0,4003.89990234375,3993.60009765625,4002.300048828125,1572
2026-07-13 18:30:00+00:00,4002.5,4008.0,4000.89990234375,4007.39990234375,950
2026-07-13 18:45:00+00:00,4007.39990234375,4012.699951171875,4005.300048828125,4008.5,1266
2026-07-13 19:00:00+00:00,4008.800048828125,4011.60009765625,4004.800048828125,4005.5,1131
2026-07-13 19:15:00+00:00,4005.39990234375,4007.800048828125,4003.89990234375,4005.39990234375,758
2026-07-13 19:30:00+00:00,4005.199951171875,4007.5,4000.5,4006.699951171875,837
2026-07-13 19:45:00+00:00,4006.199951171875,4009.89990234375,4004.199951171875,4009.300048828125,1063
2026-07-13 20:00:00+00:00,4009.39990234375,4013.60009765625,4005.800048828125,4005.800048828125,836
2026-07-13 20:15:00+00:00,4006.300048828125,4007.60009765625,4002.800048828125,4007.60009765625,436
2026-07-13 20:30:00+00:00,4007.300048828125,4007.699951171875,4004.10009765625,4007.0,296
2026-07-13 20:45:00+00:00,4007.0,4009.39990234375,4005.0,4008.699951171875,482
2026-07-13 22:00:00+00:00,4005.89990234375,4015.5,4005.800048828125,4011.0,210
2026-07-13 22:15:00+00:00,4011.0,4012.800048828125,4010.800048828125,4011.10009765625,256
2026-07-13 22:30:00+00:00,4011.0,4012.5,4009.60009765625,4010.89990234375,251
2026-07-13 22:45:00+00:00,4010.300048828125,4012.5,4007.39990234375,4007.39990234375,307
2026-07-13 23:00:00+00:00,4007.699951171875,4009.89990234375,4006.199951171875,4007.300048828125,224
2026-07-13 23:15:00+00:00,4007.300048828125,4007.5,4003.89990234375,4004.300048828125,424
2026-07-13 23:30:00+00:00,4004.0,4004.199951171875,4000.0,4002.5,504
2026-07-13 23:45:00+00:00,4001.699951171875,4008.89990234375,3999.10009765625,4007.89990234375,636
2026-07-14 00:00:00+00:00,4008.60009765625,4011.800048828125,3990.39990234375,4002.699951171875,2071
2026-07-14 00:15:00+00:00,4002.0,4003.800048828125,3992.60009765625,4001.800048828125,976
2026-07-14 00:30:00+00:00,4002.5,4014.300048828125,4001.39990234375,4009.800048828125,1370
2026-07-14 00:45:00+00:00,4010.39990234375,4014.10009765625,4007.800048828125,4011.60009765625,676
2026-07-14 01:00:00+00:00,4010.800048828125,4010.89990234375,3998.60009765625,4001.800048828125,1693
2026-07-14 01:15:00+00:00,4001.89990234375,4011.60009765625,4001.800048828125,4004.39990234375,1101
2026-07-14 01:30:00+00:00,4004.10009765625,4010.39990234375,3999.800048828125,4008.60009765625,1065
2026-07-14 01:45:00+00:00,4008.5,4019.0,4005.699951171875,4017.0,1051
2026-07-14 02:00:00+00:00,4017.5,4024.300048828125,4012.699951171875,4023.5,1586
2026-07-14 02:15:00+00:00,4022.800048828125,4025.5,4020.199951171875,4024.199951171875,1261
2026-07-14 02:30:00+00:00,4024.39990234375,4025.699951171875,4017.39990234375,4017.800048828125,883
2026-07-14 02:45:00+00:00,4017.699951171875,4020.800048828125,4015.89990234375,4019.199951171875,446
2026-07-14 03:00:00+00:00,4019.10009765625,4023.5,4018.5,4020.89990234375,603
2026-07-14 03:15:00+00:00,4020.199951171875,4025.300048828125,4017.5,4024.0,743
2026-07-14 03:30:00+00:00,4024.60009765625,4025.699951171875,4020.199951171875,4021.89990234375,469
2026-07-14 03:45:00+00:00,4022.10009765625,4024.60009765625,4021.10009765625,4022.60009765625,221
2026-07-14 04:00:00+00:00,4023.699951171875,4025.39990234375,4019.89990234375,4022.199951171875,376
2026-07-14 04:15:00+00:00,4022.300048828125,4023.800048828125,4020.300048828125,4022.199951171875,398
2026-07-14 04:30:00+00:00,4022.300048828125,4029.699951171875,4022.10009765625,4027.0,900
2026-07-14 04:45:00+00:00,4026.89990234375,4027.89990234375,4022.39990234375,4026.699951171875,601
2026-07-14 05:00:00+00:00,4027.199951171875,4030.60009765625,4026.199951171875,4029.699951171875,573
2026-07-14 05:15:00+00:00,4029.800048828125,4030.60009765625,4026.5,4029.199951171875,384
2026-07-14 05:30:00+00:00,4029.300048828125,4040.39990234375,4029.0,4038.39990234375,2231
2026-07-14 05:45:00+00:00,4038.5,4039.300048828125,4035.300048828125,4037.800048828125,952
2026-07-14 06:00:00+00:00,4037.699951171875,4039.5,4034.699951171875,4037.300048828125,787
2026-07-14 06:15:00+00:00,4036.60009765625,4037.300048828125,4029.10009765625,4029.39990234375,825
2026-07-14 06:30:00+00:00,4029.39990234375,4032.60009765625,4028.0,4031.5,663
2026-07-14 06:45:00+00:00,4031.89990234375,4033.5,4029.60009765625,4030.39990234375,636
2026-07-14 07:00:00+00:00,4030.60009765625,4035.199951171875,4027.199951171875,4031.10009765625,927
2026-07-14 07:15:00+00:00,4031.10009765625,4036.39990234375,4031.10009765625,4033.10009765625,515
2026-07-14 07:30:00+00:00,4033.10009765625,4036.10009765625,4029.39990234375,4029.89990234375,633
2026-07-14 07:45:00+00:00,4030.10009765625,4033.0,4026.5,4027.300048828125,684
2026-07-14 08:00:00+00:00,4027.300048828125,4029.10009765625,4020.800048828125,4023.800048828125,1387
2026-07-14 08:15:00+00:00,4024.300048828125,4030.10009765625,4024.0,4028.5,1018
2026-07-14 08:30:00+00:00,4028.300048828125,4031.10009765625,4025.300048828125,4025.89990234375,845
2026-07-14 08:45:00+00:00,4026.199951171875,4027.60009765625,4022.39990234375,4022.60009765625,611
2026-07-14 09:00:00+00:00,4022.39990234375,4031.199951171875,4020.39990234375,4027.699951171875,778
2026-07-14 09:15:00+00:00,4027.60009765625,4028.5,4021.5,4022.39990234375,758
2026-07-14 09:30:00+00:00,4022.199951171875,4024.89990234375,4020.10009765625,4024.300048828125,963
2026-07-14 09:45:00+00:00,4023.699951171875,4030.89990234375,4023.300048828125,4028.699951171875,1111
2026-07-14 10:00:00+00:00,4028.60009765625,4029.5,4023.699951171875,4025.0,713
2026-07-14 10:15:00+00:00,4025.10009765625,4027.10009765625,4022.199951171875,4025.10009765625,530
2026-07-14 10:30:00+00:00,4024.800048828125,4026.699951171875,4021.89990234375,4025.89990234375,441
2026-07-14 10:45:00+00:00,4025.5,4029.60009765625,4024.699951171875,4028.199951171875,537
2026-07-14 11:00:00+00:00,4028.199951171875,4030.699951171875,4022.10009765625,4030.10009765625,847
2026-07-14 11:15:00+00:00,4029.39990234375,4035.300048828125,4027.5,4032.300048828125,1344
2026-07-14 11:30:00+00:00,4032.0,4037.699951171875,4031.60009765625,4035.199951171875,980
2026-07-14 11:45:00+00:00,4035.199951171875,4039.0,4032.89990234375,4038.10009765625,659
2026-07-14 12:00:00+00:00,4038.5,4042.89990234375,4031.699951171875,4032.39990234375,2112
2026-07-14 12:15:00+00:00,4032.60009765625,4037.60009765625,4029.800048828125,4036.0,1664
2026-07-14 12:30:00+00:00,4036.10009765625,4112.5,4036.0,4101.10009765625,21802
2026-07-14 12:45:00+00:00,4101.2998046875,4103.2998046875,4076.199951171875,4083.89990234375,6461
2026-07-14 13:00:00+00:00,4084.0,4091.39990234375,4078.199951171875,4082.199951171875,4922
2026-07-14 13:15:00+00:00,4082.199951171875,4093.60009765625,4079.10009765625,4089.10009765625,3081
2026-07-14 13:30:00+00:00,4089.199951171875,4096.39990234375,4083.300048828125,4095.39990234375,3165
2026-07-14 13:45:00+00:00,4095.10009765625,4095.10009765625,4081.60009765625,4084.0,2201
2026-07-14 14:00:00+00:00,4084.0,4092.699951171875,4080.0,4089.800048828125,2923
2026-07-14 14:15:00+00:00,4089.60009765625,4092.5,4077.89990234375,4084.199951171875,3483
2026-07-14 14:30:00+00:00,4084.5,4098.39990234375,4080.39990234375,4086.699951171875,3628
2026-07-14 14:45:00+00:00,4087.39990234375,4095.199951171875,4085.5,4093.0,2008
2026-07-14 15:00:00+00:00,4093.0,4108.7001953125,4086.10009765625,4097.89990234375,5530
2026-07-14 15:15:00+00:00,4097.7001953125,4098.7998046875,4089.60009765625,4092.199951171875,3051
2026-07-14 15:30:00+00:00,4092.0,4094.300048828125,4073.5,4081.0,3264
2026-07-14 15:45:00+00:00,4080.699951171875,4083.5,4071.300048828125,4073.10009765625,2097
2026-07-14 16:00:00+00:00,4073.199951171875,4073.800048828125,4063.39990234375,4070.10009765625,2244
2026-07-14 16:15:00+00:00,4069.699951171875,4072.300048828125,4064.89990234375,4066.10009765625,1546
2026-07-14 16:30:00+00:00,4066.199951171875,4069.89990234375,4064.10009765625,4067.800048828125,2031
2026-07-14 16:45:00+00:00,4067.699951171875,4069.199951171875,4064.39990234375,4068.300048828125,737
2026-07-14 17:00:00+00:00,4068.800048828125,4071.699951171875,4061.800048828125,4063.5,1975
2026-07-14 17:15:00+00:00,4063.199951171875,4071.0,4061.10009765625,4069.699951171875,6641
2026-07-14 17:30:00+00:00,4069.60009765625,4072.199951171875,4066.300048828125,4066.699951171875,1826
2026-07-14 17:45:00+00:00,4066.800048828125,4070.60009765625,4065.0,4070.10009765625,721
2026-07-14 18:00:00+00:00,4069.5,4069.60009765625,4066.5,4068.5,576
2026-07-14 18:15:00+00:00,4068.39990234375,4070.199951171875,4063.5,4065.39990234375,929
2026-07-14 18:30:00+00:00,4065.10009765625,4066.5,4049.199951171875,4053.10009765625,3519
2026-07-14 18:45:00+00:00,4052.699951171875,4061.300048828125,4051.10009765625,4060.699951171875,830
2026-07-14 19:00:00+00:00,4060.300048828125,4064.10009765625,4059.10009765625,4063.300048828125,628
2026-07-14 19:15:00+00:00,4063.199951171875,4063.89990234375,4057.800048828125,4058.10009765625,754
2026-07-14 19:30:00+00:00,4058.300048828125,4059.60009765625,4054.199951171875,4059.0,762
2026-07-14 19:45:00+00:00,4059.5,4063.5,4058.0,4062.10009765625,1210
2026-07-14 20:00:00+00:00,4062.10009765625,4063.10009765625,4060.39990234375,4060.5,314
2026-07-14 20:15:00+00:00,4060.5,4060.89990234375,4058.699951171875,4059.39990234375,270
2026-07-14 20:30:00+00:00,4059.800048828125,4060.0,4056.0,4057.10009765625,549
2026-07-14 20:45:00+00:00,4056.699951171875,4059.5,4055.5,4058.300048828125,471
2026-07-14 22:00:00+00:00,4059.800048828125,4060.0,4054.800048828125,4056.89990234375,309
2026-07-14 22:15:00+00:00,4056.60009765625,4058.0,4054.800048828125,4058.0,594
2026-07-14 22:30:00+00:00,4057.5,4058.89990234375,4054.800048828125,4056.60009765625,917
2026-07-14 22:45:00+00:00,4056.800048828125,4056.89990234375,4054.300048828125,4055.10009765625,261
2026-07-14 23:00:00+00:00,4054.800048828125,4056.5,4053.10009765625,4053.800048828125,296
2026-07-14 23:15:00+00:00,4054.199951171875,4060.0,4052.699951171875,4059.89990234375,251
2026-07-14 23:30:00+00:00,4060.0,4062.39990234375,4057.5,4061.0,578
2026-07-14 23:45:00+00:00,4061.0,4061.5,4058.199951171875,4058.800048828125,161
2026-07-15 00:00:00+00:00,4059.0,4062.60009765625,4057.10009765625,4057.300048828125,262
2026-07-15 00:15:00+00:00,4057.699951171875,4064.89990234375,4057.5,4064.699951171875,646
2026-07-15 00:30:00+00:00,4065.0,4065.199951171875,4058.699951171875,4060.89990234375,544
2026-07-15 00:45:00+00:00,4060.699951171875,4067.199951171875,4060.5,4065.10009765625,470
2026-07-15 01:00:00+00:00,4066.300048828125,4068.60009765625,4061.300048828125,4062.300048828125,923
2026-07-15 01:15:00+00:00,4062.0,4063.5,4059.0,4061.0,478
2026-07-15 01:30:00+00:00,4061.0,4061.199951171875,4042.5,4044.800048828125,1530
2026-07-15 01:45:00+00:00,4045.39990234375,4048.60009765625,4041.199951171875,4042.89990234375,820
2026-07-15 02:00:00+00:00,4043.0,4048.199951171875,4039.60009765625,4043.199951171875,1088
2026-07-15 02:15:00+00:00,4042.199951171875,4042.89990234375,4035.300048828125,4039.199951171875,1191
2026-07-15 02:30:00+00:00,4039.300048828125,4048.300048828125,4038.699951171875,4048.199951171875,598
2026-07-15 02:45:00+00:00,4048.10009765625,4048.39990234375,4040.800048828125,4041.699951171875,665
2026-07-15 03:00:00+00:00,4041.300048828125,4046.60009765625,4038.89990234375,4040.5,539
2026-07-15 03:15:00+00:00,4040.0,4041.300048828125,4036.199951171875,4036.60009765625,731
2026-07-15 03:30:00+00:00,4036.800048828125,4042.0,4033.89990234375,4035.5,1486
2026-07-15 03:45:00+00:00,4035.300048828125,4039.60009765625,4035.300048828125,4037.89990234375,250
2026-07-15 04:00:00+00:00,4036.89990234375,4039.300048828125,4036.0,4037.39990234375,329
2026-07-15 04:15:00+00:00,4037.39990234375,4041.199951171875,4036.800048828125,4039.89990234375,268
2026-07-15 04:30:00+00:00,4039.89990234375,4041.300048828125,4034.199951171875,4036.10009765625,519
2026-07-15 04:45:00+00:00,4036.60009765625,4040.60009765625,4036.60009765625,4039.10009765625,483
2026-07-15 05:00:00+00:00,4039.5,4042.199951171875,4031.10009765625,4032.199951171875,733
2026-07-15 05:15:00+00:00,4032.5,4035.10009765625,4030.800048828125,4031.300048828125,452
2026-07-15 05:30:00+00:00,4031.5,4044.699951171875,4028.0,4035.5,1907
2026-07-15 05:45:00+00:00,4036.0,4041.89990234375,4033.39990234375,4041.0,1163
2026-07-15 06:00:00+00:00,4040.89990234375,4041.699951171875,4033.0,4033.60009765625,1058
2026-07-15 06:15:00+00:00,4033.60009765625,4034.5,4027.10009765625,4032.5,953
2026-07-15 06:30:00+00:00,4032.39990234375,4039.199951171875,4028.800048828125,4038.699951171875,1142
2026-07-15 06:45:00+00:00,4038.39990234375,4040.0,4035.800048828125,4038.0,695
2026-07-15 07:00:00+00:00,4038.199951171875,4040.60009765625,4034.10009765625,4035.800048828125,516
2026-07-15 07:15:00+00:00,4035.5,4036.10009765625,4025.800048828125,4029.800048828125,1421
2026-07-15 07:30:00+00:00,4029.800048828125,4033.0,4025.60009765625,4028.60009765625,891
2026-07-15 07:45:00+00:00,4029.0,4032.699951171875,4027.300048828125,4030.699951171875,1114
2026-07-15 08:00:00+00:00,4030.699951171875,4031.89990234375,4023.300048828125,4023.800048828125,1504
2026-07-15 08:15:00+00:00,4023.699951171875,4033.199951171875,4023.699951171875,4032.699951171875,861
2026-07-15 08:30:00+00:00,4032.60009765625,4035.5,4030.800048828125,4035.0,779
2026-07-15 08:45:00+00:00,4034.89990234375,4039.5,4033.60009765625,4037.699951171875,726
2026-07-15 09:00:00+00:00,4037.699951171875,4040.699951171875,4035.699951171875,4036.300048828125,1165
2026-07-15 09:15:00+00:00,4036.699951171875,4038.699951171875,4032.89990234375,4033.5,1257
2026-07-15 09:30:00+00:00,4033.199951171875,4035.800048828125,4031.5,4033.39990234375,833
2026-07-15 09:45:00+00:00,4033.0,4036.39990234375,4032.10009765625,4036.300048828125,737
2026-07-15 10:00:00+00:00,4036.39990234375,4042.39990234375,4034.89990234375,4040.199951171875,969
2026-07-15 10:15:00+00:00,4040.10009765625,4041.5,4032.10009765625,4034.60009765625,766
2026-07-15 10:30:00+00:00,4034.60009765625,4040.0,4034.300048828125,4037.199951171875,371
2026-07-15 10:45:00+00:00,4036.800048828125,4037.300048828125,4033.10009765625,4034.300048828125,429
2026-07-15 11:00:00+00:00,4033.89990234375,4039.0,4033.89990234375,4036.199951171875,411
2026-07-15 11:15:00+00:00,4036.60009765625,4037.5,4033.699951171875,4036.800048828125,412
2026-07-15 11:30:00+00:00,4036.60009765625,4045.5,4035.39990234375,4043.800048828125,1982
2026-07-15 11:45:00+00:00,4043.800048828125,4046.5,4041.699951171875,4044.5,610
2026-07-15 12:00:00+00:00,4044.89990234375,4048.699951171875,4041.800048828125,4044.10009765625,1109
2026-07-15 12:15:00+00:00,4044.5,4047.199951171875,4043.5,4045.300048828125,1110
2026-07-15 12:30:00+00:00,4045.10009765625,4073.0,4045.10009765625,4069.800048828125,7384
2026-07-15 12:45:00+00:00,4070.10009765625,4078.199951171875,4067.60009765625,4074.60009765625,2644
2026-07-15 13:00:00+00:00,4074.699951171875,4080.699951171875,4067.699951171875,4067.699951171875,4041
2026-07-15 13:15:00+00:00,4067.800048828125,4072.60009765625,4060.5,4062.10009765625,2421
2026-07-15 13:30:00+00:00,4062.199951171875,4069.699951171875,4061.89990234375,4067.699951171875,1780
2026-07-15 13:45:00+00:00,4068.0,4073.10009765625,4061.699951171875,4068.5,2585
2026-07-15 14:00:00+00:00,4068.699951171875,4072.5,4066.800048828125,4070.800048828125,1385
2026-07-15 14:15:00+00:00,4071.300048828125,4073.0,4061.800048828125,4065.0,1695
2026-07-15 14:30:00+00:00,4065.0,4070.60009765625,4063.5,4063.699951171875,1322
2026-07-15 14:45:00+00:00,4063.800048828125,4067.5,4059.5,4067.199951171875,1984
2026-07-15 15:00:00+00:00,4067.39990234375,4069.60009765625,4049.5,4050.699951171875,2045
2026-07-15 15:15:00+00:00,4050.300048828125,4056.5,4045.89990234375,4055.800048828125,2637
2026-07-15 15:30:00+00:00,4056.0,4057.0,4051.300048828125,4056.699951171875,1318
2026-07-15 15:45:00+00:00,4056.0,4057.5,4052.800048828125,4053.199951171875,1269
2026-07-15 16:00:00+00:00,4053.39990234375,4054.39990234375,4043.800048828125,4044.800048828125,1453
2026-07-15 16:15:00+00:00,4044.60009765625,4047.39990234375,4039.199951171875,4041.300048828125,2082
2026-07-15 16:30:00+00:00,4041.0,4043.60009765625,4033.0,4035.0,2505
2026-07-15 16:45:00+00:00,4034.800048828125,4044.5,4033.699951171875,4040.300048828125,2781
2026-07-15 17:00:00+00:00,4040.39990234375,4045.89990234375,4039.800048828125,4042.39990234375,1224
2026-07-15 17:15:00+00:00,4042.300048828125,4055.0,4039.699951171875,4054.199951171875,3471
2026-07-15 17:30:00+00:00,4053.89990234375,4069.89990234375,4053.60009765625,4069.10009765625,3671
2026-07-15 17:45:00+00:00,4069.10009765625,4073.699951171875,4066.800048828125,4068.699951171875,1906
2026-07-15 18:00:00+00:00,4069.199951171875,4077.60009765625,4068.60009765625,4074.800048828125,1521
2026-07-15 18:15:00+00:00,4075.60009765625,4082.800048828125,4074.0,4081.300048828125,1258
2026-07-15 18:30:00+00:00,4081.699951171875,4089.10009765625,4074.800048828125,4075.0,2213
2026-07-15 18:45:00+00:00,4075.0,4076.0,4065.199951171875,4066.300048828125,1504
2026-07-15 19:00:00+00:00,4066.300048828125,4069.89990234375,4064.39990234375,4068.199951171875,776
2026-07-15 19:15:00+00:00,4068.199951171875,4068.699951171875,4059.89990234375,4063.60009765625,1397
2026-07-15 19:30:00+00:00,4063.800048828125,4065.10009765625,4055.199951171875,4058.5,1395
2026-07-15 19:45:00+00:00,4058.5,4064.199951171875,4058.0,4064.0,1121
2026-07-15 20:00:00+00:00,4063.699951171875,4065.300048828125,4062.300048828125,4064.0,438
2026-07-15 20:15:00+00:00,4064.0,4069.0,4064.0,4068.0,256
2026-07-15 20:30:00+00:00,4068.300048828125,4069.800048828125,4067.0,4068.60009765625,222
2026-07-15 20:45:00+00:00,4068.300048828125,4069.699951171875,4066.5,4066.89990234375,99
2026-07-15 22:00:00+00:00,4068.89990234375,4071.89990234375,4066.60009765625,4069.199951171875,631
2026-07-15 22:15:00+00:00,4068.89990234375,4070.300048828125,4067.199951171875,4068.0,271
2026-07-15 22:30:00+00:00,4068.300048828125,4068.300048828125,4064.60009765625,4066.10009765625,350
2026-07-15 22:45:00+00:00,4066.39990234375,4067.199951171875,4063.800048828125,4065.60009765625,296
2026-07-15 23:00:00+00:00,4065.800048828125,4068.0,4064.800048828125,4066.199951171875,473
2026-07-15 23:15:00+00:00,4066.300048828125,4066.300048828125,4062.60009765625,4063.60009765625,447
2026-07-15 23:30:00+00:00,4063.800048828125,4065.10009765625,4061.10009765625,4063.5,255
2026-07-15 23:45:00+00:00,4063.199951171875,4066.5,4061.800048828125,4063.60009765625,467
2026-07-16 00:00:00+00:00,4063.800048828125,4065.199951171875,4060.39990234375,4062.300048828125,275
2026-07-16 00:15:00+00:00,4061.699951171875,4066.10009765625,4060.5,4065.0,419
2026-07-16 00:30:00+00:00,4064.0,4067.10009765625,4059.60009765625,4061.300048828125,689
2026-07-16 00:45:00+00:00,4060.800048828125,4067.0,4049.199951171875,4050.39990234375,1513
2026-07-16 01:00:00+00:00,4050.300048828125,4056.60009765625,4046.800048828125,4051.0,1650
2026-07-16 01:15:00+00:00,4051.10009765625,4051.199951171875,4039.39990234375,4042.699951171875,1188
2026-07-16 01:30:00+00:00,4042.39990234375,4051.60009765625,4042.39990234375,4047.60009765625,1064
2026-07-16 01:45:00+00:00,4047.699951171875,4049.300048828125,4042.5,4044.199951171875,552
2026-07-16 02:00:00+00:00,4044.5,4045.300048828125,4036.5,4037.699951171875,733
2026-07-16 02:15:00+00:00,4037.60009765625,4040.39990234375,4034.10009765625,4040.199951171875,619
2026-07-16 02:30:00+00:00,4040.199951171875,4041.300048828125,4029.39990234375,4033.0,1043
2026-07-16 02:45:00+00:00,4033.0,4038.10009765625,4030.0,4036.89990234375,835
2026-07-16 03:00:00+00:00,4036.800048828125,4038.60009765625,4034.800048828125,4035.300048828125,323
2026-07-16 03:15:00+00:00,4035.5,4039.699951171875,4033.0,4039.699951171875,479
2026-07-16 03:30:00+00:00,4039.699951171875,4041.60009765625,4037.89990234375,4040.89990234375,301
2026-07-16 03:45:00+00:00,4040.60009765625,4042.199951171875,4039.39990234375,4040.699951171875,288
2026-07-16 04:00:00+00:00,4041.800048828125,4043.10009765625,4037.10009765625,4042.0,377
2026-07-16 04:15:00+00:00,4041.89990234375,4041.89990234375,4037.0,4039.10009765625,349
2026-07-16 04:30:00+00:00,4039.300048828125,4040.300048828125,4037.0,4037.89990234375,273
2026-07-16 04:45:00+00:00,4037.39990234375,4040.5,4037.300048828125,4038.300048828125,192
2026-07-16 05:00:00+00:00,4038.199951171875,4038.89990234375,4034.39990234375,4034.800048828125,428
2026-07-16 05:15:00+00:00,4051.800048828125,4051.800048828125,4031.60009765625,4032.699951171875,661
2026-07-16 05:30:00+00:00,4032.60009765625,4038.5,4030.300048828125,4037.60009765625,900
2026-07-16 05:45:00+00:00,4037.800048828125,4038.10009765625,4030.89990234375,4032.199951171875,824
2026-07-16 06:00:00+00:00,4032.39990234375,4041.5,4032.39990234375,4037.199951171875,1106
2026-07-16 06:15:00+00:00,4037.5,4038.10009765625,4032.699951171875,4035.300048828125,850
2026-07-16 06:30:00+00:00,4035.10009765625,4035.699951171875,4027.699951171875,4032.10009765625,1412
2026-07-16 06:45:00+00:00,4031.800048828125,4036.60009765625,4031.39990234375,4035.800048828125,453
2026-07-16 07:00:00+00:00,4035.60009765625,4035.800048828125,4030.800048828125,4031.5,493
2026-07-16 07:15:00+00:00,4031.199951171875,4031.800048828125,4028.699951171875,4029.5,795
2026-07-16 07:30:00+00:00,4029.10009765625,4033.199951171875,4027.800048828125,4031.39990234375,893
2026-07-16 07:45:00+00:00,4031.39990234375,4037.10009765625,4031.10009765625,4036.10009765625,985
2026-07-16 08:00:00+00:00,4035.5,4039.300048828125,4030.10009765625,4030.89990234375,1026
2026-07-16 08:15:00+00:00,4030.800048828125,4038.39990234375,4030.0,4036.89990234375,826
2026-07-16 08:30:00+00:00,4037.0,4040.699951171875,4036.89990234375,4038.699951171875,798
2026-07-16 08:45:00+00:00,4039.300048828125,4041.699951171875,4038.300048828125,4040.300048828125,478
2026-07-16 09:00:00+00:00,4040.60009765625,4042.60009765625,4040.39990234375,4042.10009765625,423
2026-07-16 09:15:00+00:00,4042.300048828125,4043.199951171875,4036.0,4038.10009765625,839
2026-07-16 09:30:00+00:00,4038.39990234375,4040.699951171875,4035.699951171875,4039.699951171875,989
2026-07-16 09:45:00+00:00,4040.10009765625,4042.10009765625,4037.199951171875,4037.39990234375,794
2026-07-16 10:00:00+00:00,4037.199951171875,4038.300048828125,4035.0,4037.10009765625,513
2026-07-16 10:15:00+00:00,4037.39990234375,4040.10009765625,4036.89990234375,4038.699951171875,277
2026-07-16 10:30:00+00:00,4039.199951171875,4040.10009765625,4037.0,4038.60009765625,246
2026-07-16 10:45:00+00:00,4038.699951171875,4038.699951171875,4034.39990234375,4035.10009765625,481
2026-07-16 11:00:00+00:00,4035.199951171875,4035.800048828125,4031.39990234375,4033.300048828125,703
2026-07-16 11:15:00+00:00,4033.10009765625,4033.10009765625,4026.199951171875,4029.39990234375,1194
2026-07-16 11:30:00+00:00,4029.39990234375,4041.699951171875,4028.5,4040.60009765625,1179
2026-07-16 11:45:00+00:00,4040.89990234375,4048.39990234375,4032.800048828125,4044.10009765625,3027
2026-07-16 12:00:00+00:00,4044.39990234375,4048.699951171875,4032.699951171875,4036.89990234375,2935
2026-07-16 12:15:00+00:00,4036.800048828125,4037.39990234375,4017.39990234375,4030.199951171875,6720
2026-07-16 12:30:00+00:00,4030.300048828125,4034.5,4004.800048828125,4007.10009765625,5075
2026-07-16 12:45:00+00:00,4006.89990234375,4013.300048828125,3994.199951171875,3996.39990234375,6456
2026-07-16 13:00:00+00:00,3996.300048828125,4001.10009765625,3977.10009765625,3996.0,8269
2026-07-16 13:15:00+00:00,3996.300048828125,4010.5,3995.39990234375,4009.800048828125,3413
2026-07-16 13:30:00+00:00,4010.10009765625,4012.60009765625,3985.5,3990.300048828125,5412
2026-07-16 13:45:00+00:00,3990.10009765625,4001.10009765625,3990.0,3994.0,2155
2026-07-16 14:00:00+00:00,3993.89990234375,4001.60009765625,3991.199951171875,3992.800048828125,2305
2026-07-16 14:15:00+00:00,3993.10009765625,4005.0,3991.60009765625,4004.0,1788
2026-07-16 14:30:00+00:00,4003.300048828125,4009.39990234375,3999.800048828125,4009.199951171875,2319
2026-07-16 14:45:00+00:00,4009.39990234375,4011.0,3996.5,4002.0,2024
2026-07-16 15:00:00+00:00,4002.199951171875,4002.699951171875,3993.300048828125,3997.0,1799
2026-07-16 15:15:00+00:00,3996.800048828125,4021.800048828125,3996.800048828125,4015.5,3528
2026-07-16 15:30:00+00:00,4015.800048828125,4021.199951171875,4011.699951171875,4014.60009765625,2260
2026-07-16 15:45:00+00:00,4015.10009765625,4017.699951171875,4009.89990234375,4011.800048828125,1623
2026-07-16 16:00:00+00:00,4011.39990234375,4012.300048828125,3993.89990234375,3993.89990234375,2091
2026-07-16 16:15:00+00:00,3993.800048828125,3996.0,3986.5,3991.5,2813
2026-07-16 16:30:00+00:00,3992.0,3996.800048828125,3991.300048828125,3996.300048828125,1417
2026-07-16 16:45:00+00:00,3996.0,4001.39990234375,3993.5,3996.39990234375,1207
2026-07-16 17:00:00+00:00,3996.699951171875,3997.300048828125,3988.89990234375,3989.89990234375,1666
2026-07-16 17:15:00+00:00,3990.300048828125,3993.5,3987.199951171875,3992.300048828125,3101
2026-07-16 17:30:00+00:00,3992.10009765625,3993.300048828125,3983.89990234375,3985.89990234375,1709
2026-07-16 17:45:00+00:00,3986.10009765625,3992.199951171875,3985.300048828125,3989.5,594
2026-07-16 18:00:00+00:00,3989.699951171875,3994.10009765625,3988.300048828125,3990.0,923
2026-07-16 18:15:00+00:00,3989.800048828125,3995.199951171875,3988.89990234375,3991.39990234375,613
2026-07-16 18:30:00+00:00,3991.10009765625,3991.10009765625,3981.0,3987.699951171875,1689
2026-07-16 18:45:00+00:00,3987.5,3989.699951171875,3983.89990234375,3984.699951171875,617
2026-07-16 19:00:00+00:00,3984.89990234375,3990.800048828125,3983.300048828125,3985.10009765625,698
2026-07-16 19:15:00+00:00,3984.800048828125,3988.89990234375,3983.0,3983.60009765625,478
2026-07-16 19:30:00+00:00,3983.800048828125,3984.0,3973.39990234375,3980.199951171875,1886
2026-07-16 19:45:00+00:00,3979.699951171875,3986.89990234375,3977.199951171875,3984.60009765625,1135
2026-07-16 20:00:00+00:00,3984.800048828125,3984.800048828125,3978.699951171875,3979.300048828125,486
2026-07-16 20:15:00+00:00,3978.89990234375,3979.699951171875,3976.199951171875,3979.0,378
2026-07-16 20:30:00+00:00,3979.300048828125,3980.5,3977.60009765625,3978.5,151
2026-07-16 20:45:00+00:00,3978.5,3981.0,3978.199951171875,3979.89990234375,302
2026-07-16 22:00:00+00:00,3980.10009765625,3984.10009765625,3979.10009765625,3979.39990234375,234
2026-07-16 22:15:00+00:00,3980.10009765625,3981.199951171875,3978.199951171875,3979.89990234375,219
2026-07-16 22:30:00+00:00,3980.199951171875,3980.60009765625,3976.800048828125,3977.39990234375,217
2026-07-16 22:45:00+00:00,3977.10009765625,3982.199951171875,3976.89990234375,3982.10009765625,248
2026-07-16 23:00:00+00:00,3982.10009765625,3984.0,3978.60009765625,3983.60009765625,358
2026-07-16 23:15:00+00:00,3983.300048828125,3984.300048828125,3981.300048828125,3982.5,287
2026-07-16 23:30:00+00:00,3981.89990234375,3985.699951171875,3979.0,3984.89990234375,578
2026-07-16 23:45:00+00:00,3984.89990234375,3989.89990234375,3980.199951171875,3989.199951171875,366
2026-07-17 00:00:00+00:00,3989.5,3991.10009765625,3986.800048828125,3987.10009765625,377
2026-07-17 00:15:00+00:00,3987.800048828125,3994.300048828125,3987.199951171875,3988.199951171875,547
2026-07-17 00:30:00+00:00,3988.0,3988.39990234375,3983.800048828125,3985.5,520
2026-07-17 00:45:00+00:00,3985.699951171875,3995.89990234375,3985.300048828125,3995.89990234375,708
2026-07-17 01:00:00+00:00,3996.0,3999.0,3991.199951171875,3996.0,1173
2026-07-17 01:15:00+00:00,3995.800048828125,4000.10009765625,3991.5,3994.89990234375,997
2026-07-17 01:30:00+00:00,3993.699951171875,3999.10009765625,3992.0,3994.699951171875,723
2026-07-17 01:45:00+00:00,3994.699951171875,3996.10009765625,3982.699951171875,3986.5,1303
2026-07-17 02:00:00+00:00,3987.0,3991.10009765625,3983.300048828125,3984.5,509
2026-07-17 02:15:00+00:00,3984.199951171875,3987.89990234375,3984.10009765625,3986.60009765625,304
2026-07-17 02:30:00+00:00,3986.10009765625,3987.39990234375,3974.10009765625,3978.39990234375,893
2026-07-17 02:45:00+00:00,3978.0,3983.39990234375,3977.699951171875,3982.199951171875,640
2026-07-17 03:00:00+00:00,3982.5,3996.800048828125,3982.199951171875,3992.199951171875,1169
2026-07-17 03:15:00+00:00,3992.199951171875,4012.199951171875,3992.199951171875,4005.10009765625,2495
2026-07-17 03:30:00+00:00,4004.800048828125,4005.300048828125,3999.699951171875,4000.89990234375,763
2026-07-17 03:45:00+00:00,4001.300048828125,4002.199951171875,3994.0,3995.699951171875,699
2026-07-17 04:00:00+00:00,3995.0,3995.10009765625,3990.199951171875,3992.10009765625,702
2026-07-17 04:15:00+00:00,3992.199951171875,3993.39990234375,3988.300048828125,3989.5,880
2026-07-17 04:30:00+00:00,3989.60009765625,3991.60009765625,3983.10009765625,3984.800048828125,751
2026-07-17 04:45:00+00:00,3985.5,3987.89990234375,3983.5,3985.0,438
2026-07-17 05:00:00+00:00,3984.800048828125,3986.0,3980.199951171875,3983.0,673
2026-07-17 05:15:00+00:00,3982.5,3985.199951171875,3978.39990234375,3982.89990234375,1218
2026-07-17 05:30:00+00:00,3983.0,3994.0,3981.5,3990.5,1449
2026-07-17 05:45:00+00:00,3990.10009765625,3995.300048828125,3985.199951171875,3988.60009765625,988
2026-07-17 06:00:00+00:00,3988.60009765625,4004.5,3988.5,4003.60009765625,1125
2026-07-17 06:15:00+00:00,4003.60009765625,4009.699951171875,4001.39990234375,4007.5,1460
2026-07-17 06:30:00+00:00,4007.199951171875,4010.699951171875,3999.300048828125,4000.0,858
2026-07-17 06:45:00+00:00,3999.800048828125,4005.300048828125,3999.800048828125,4003.10009765625,574
2026-07-17 07:00:00+00:00,4003.10009765625,4006.60009765625,3997.10009765625,4000.300048828125,928
2026-07-17 07:15:00+00:00,4000.300048828125,4003.199951171875,3998.0,4000.0,480
2026-07-17 07:30:00+00:00,4000.39990234375,4002.5,3998.0,4002.5,482
2026-07-17 07:45:00+00:00,4002.5,4002.60009765625,3996.699951171875,3997.0,320
2026-07-17 08:00:00+00:00,3996.60009765625,4003.800048828125,3995.10009765625,3996.800048828125,643
2026-07-17 08:15:00+00:00,3996.800048828125,3999.199951171875,3992.0,3996.300048828125,1515
2026-07-17 08:30:00+00:00,3996.300048828125,3997.199951171875,3991.300048828125,3996.89990234375,325
2026-07-17 08:45:00+00:00,3996.800048828125,4003.39990234375,3995.60009765625,3998.39990234375,769
2026-07-17 09:00:00+00:00,3997.89990234375,4002.5,3996.800048828125,4002.10009765625,568
2026-07-17 09:15:00+00:00,4002.10009765625,4006.5,3999.800048828125,4002.89990234375,867
2026-07-17 09:30:00+00:00,4003.39990234375,4003.800048828125,3999.10009765625,3999.5,543
2026-07-17 09:45:00+00:00,3999.89990234375,4002.39990234375,3998.60009765625,4001.800048828125,475
2026-07-17 10:00:00+00:00,4001.699951171875,4002.39990234375,3998.800048828125,4000.800048828125,482
2026-07-17 10:15:00+00:00,4001.10009765625,4002.89990234375,3998.0,3999.60009765625,852
2026-07-17 10:30:00+00:00,3999.800048828125,4000.89990234375,3997.199951171875,4000.0,674
2026-07-17 10:45:00+00:00,3999.800048828125,4000.89990234375,3994.10009765625,3994.39990234375,630
2026-07-17 11:00:00+00:00,3994.5,3997.89990234375,3993.699951171875,3995.5,427
2026-07-17 11:15:00+00:00,3995.300048828125,4000.10009765625,3993.60009765625,3999.39990234375,664
2026-07-17 11:30:00+00:00,3999.800048828125,4000.300048828125,3995.10009765625,3995.800048828125,539
2026-07-17 11:45:00+00:00,3995.699951171875,4002.699951171875,3995.199951171875,3997.89990234375,1153
2026-07-17 12:00:00+00:00,3998.199951171875,3999.60009765625,3991.800048828125,3993.300048828125,1643
2026-07-17 12:15:00+00:00,3994.199951171875,3995.89990234375,3987.800048828125,3990.800048828125,1571
2026-07-17 12:30:00+00:00,3991.0,3991.800048828125,3968.60009765625,3973.300048828125,3597
2026-07-17 12:45:00+00:00,3973.0,3977.0,3967.699951171875,3969.5,3077
2026-07-17 13:00:00+00:00,3970.10009765625,3979.60009765625,3963.0,3974.199951171875,4464
2026-07-17 13:15:00+00:00,3973.5,3978.699951171875,3970.699951171875,3971.89990234375,1906
2026-07-17 13:30:00+00:00,3971.89990234375,4007.89990234375,3967.10009765625,3988.5,6794
2026-07-17 13:45:00+00:00,3989.0,4001.39990234375,3984.800048828125,4001.39990234375,3291
2026-07-17 14:00:00+00:00,4000.699951171875,4005.10009765625,3994.199951171875,3999.199951171875,3692
2026-07-17 14:15:00+00:00,3999.10009765625,4008.89990234375,3997.60009765625,4002.699951171875,2647
2026-07-17 14:30:00+00:00,4002.800048828125,4003.89990234375,3996.300048828125,4002.300048828125,1758
2026-07-17 14:45:00+00:00,4002.10009765625,4005.800048828125,3997.199951171875,4005.5,1586
2026-07-17 15:00:00+00:00,4005.5,4019.39990234375,4002.0,4009.699951171875,5664
2026-07-17 15:15:00+00:00,4010.300048828125,4018.10009765625,4009.0,4018.10009765625,1640
2026-07-17 15:30:00+00:00,4017.89990234375,4021.199951171875,4013.60009765625,4020.199951171875,2703
2026-07-17 15:45:00+00:00,4020.300048828125,4026.10009765625,4018.5,4024.10009765625,2574
2026-07-17 16:00:00+00:00,4024.39990234375,4025.199951171875,4016.0,4022.699951171875,3006
2026-07-17 16:15:00+00:00,4022.89990234375,4028.89990234375,4021.89990234375,4023.800048828125,2067
2026-07-17 16:30:00+00:00,4023.800048828125,4024.10009765625,4017.5,4022.300048828125,1611
2026-07-17 16:45:00+00:00,4022.10009765625,4025.39990234375,4019.39990234375,4019.60009765625,2161
2026-07-17 17:00:00+00:00,4020.0,4024.0,4018.10009765625,4018.39990234375,1120
2026-07-17 17:15:00+00:00,4018.10009765625,4020.800048828125,4017.0,4018.699951171875,1949
2026-07-17 17:30:00+00:00,4018.699951171875,4019.5,4014.699951171875,4016.0,815
2026-07-17 17:45:00+00:00,4015.699951171875,4018.300048828125,4012.89990234375,4014.800048828125,865
2026-07-17 18:00:00+00:00,4014.89990234375,4017.89990234375,4012.5,4015.5,773
2026-07-17 18:15:00+00:00,4015.300048828125,4021.10009765625,4014.10009765625,4020.699951171875,572
2026-07-17 18:30:00+00:00,4020.300048828125,4021.300048828125,4012.0,4013.0,845
2026-07-17 18:45:00+00:00,4013.10009765625,4017.199951171875,4011.60009765625,4016.10009765625,605
2026-07-17 19:00:00+00:00,4016.39990234375,4016.39990234375,4008.89990234375,4010.800048828125,731
2026-07-17 19:15:00+00:00,4010.5,4011.300048828125,4006.800048828125,4009.89990234375,683
2026-07-17 19:30:00+00:00,4009.89990234375,4014.800048828125,4009.60009765625,4014.699951171875,665
2026-07-17 19:45:00+00:00,4014.89990234375,4020.89990234375,4013.89990234375,4019.89990234375,823
2026-07-17 20:00:00+00:00,4019.89990234375,4020.300048828125,4016.300048828125,4016.800048828125,429
2026-07-17 20:15:00+00:00,4016.89990234375,4017.10009765625,4013.5,4015.39990234375,228
2026-07-17 20:30:00+00:00,4015.699951171875,4018.10009765625,4013.199951171875,4017.699951171875,230
2026-07-17 20:45:00+00:00,4017.699951171875,4023.0,4017.5,4018.800048828125,491
2026-07-19 22:00:00+00:00,4001.0,4001.800048828125,3999.699951171875,4000.300048828125,54
2026-07-19 22:15:00+00:00,4000.0,4004.39990234375,3998.300048828125,3998.800048828125,443
2026-07-19 22:30:00+00:00,3998.0,4002.800048828125,3996.89990234375,4000.60009765625,514
2026-07-19 22:45:00+00:00,4000.800048828125,4002.300048828125,3997.89990234375,3997.89990234375,258
2026-07-19 23:00:00+00:00,3999.300048828125,3999.300048828125,3994.300048828125,3994.5,369
2026-07-19 23:15:00+00:00,3995.0,3998.0,3993.800048828125,3996.699951171875,225
2026-07-19 23:30:00+00:00,3996.5,3998.0,3993.5,3996.0,314
2026-07-19 23:45:00+00:00,3996.5,4000.10009765625,3993.0,3999.199951171875,460
2026-07-20 00:00:00+00:00,3999.60009765625,4003.10009765625,3986.5,4000.0,2111
2026-07-20 00:15:00+00:00,4000.10009765625,4010.10009765625,3997.800048828125,4008.60009765625,980
2026-07-20 00:30:00+00:00,4008.39990234375,4011.800048828125,4002.39990234375,4002.89990234375,976
2026-07-20 00:45:00+00:00,4003.5,4014.5,4002.800048828125,4013.699951171875,761
2026-07-20 01:00:00+00:00,4013.5,4025.699951171875,4009.89990234375,4014.300048828125,2797
2026-07-20 01:15:00+00:00,4014.89990234375,4014.89990234375,4004.10009765625,4007.5,1337
2026-07-20 01:30:00+00:00,4007.300048828125,4010.39990234375,4000.10009765625,4001.5,624
2026-07-20 01:45:00+00:00,4001.60009765625,4008.800048828125,4001.60009765625,4007.0,490
2026-07-20 02:00:00+00:00,4007.300048828125,4014.699951171875,4006.0,4011.300048828125,780
2026-07-20 02:15:00+00:00,4011.5,4013.39990234375,4008.800048828125,4011.5,208
2026-07-20 02:30:00+00:00,4011.39990234375,4021.10009765625,4010.699951171875,4019.800048828125,698
2026-07-20 02:45:00+00:00,4019.60009765625,4034.199951171875,4019.0,4027.10009765625,2063
2026-07-20 03:00:00+00:00,4026.699951171875,4029.10009765625,4023.5,4029.0,521
2026-07-20 03:15:00+00:00,4028.800048828125,4031.699951171875,4026.699951171875,4027.5,482
2026-07-20 03:30:00+00:00,4027.60009765625,4032.699951171875,4023.89990234375,4031.60009765625,654
2026-07-20 03:45:00+00:00,4032.199951171875,4032.5,4027.800048828125,4027.800048828125,231
2026-07-20 04:00:00+00:00,4028.699951171875,4031.300048828125,4025.89990234375,4025.89990234375,286
2026-07-20 04:15:00+00:00,4025.89990234375,4029.89990234375,4025.89990234375,4029.800048828125,316
2026-07-20 04:30:00+00:00,4029.800048828125,4029.800048828125,4026.60009765625,4028.0,297
2026-07-20 04:45:00+00:00,4027.0,4027.10009765625,4022.60009765625,4022.800048828125,393
2026-07-20 05:00:00+00:00,4023.300048828125,4025.10009765625,4015.89990234375,4018.199951171875,859
2026-07-20 05:15:00+00:00,4018.5,4019.199951171875,4013.60009765625,4014.5,438
2026-07-20 05:30:00+00:00,4014.699951171875,4018.699951171875,4012.0,4015.0,635
2026-07-20 05:45:00+00:00,4013.0,4014.699951171875,4009.5,4012.300048828125,571
2026-07-20 06:00:00+00:00,4012.39990234375,4015.89990234375,4011.0,4011.699951171875,457
2026-07-20 06:15:00+00:00,4011.60009765625,4013.89990234375,4008.10009765625,4009.89990234375,489
2026-07-20 06:30:00+00:00,4009.10009765625,4011.0,4007.0,4009.0,661
2026-07-20 06:45:00+00:00,4009.10009765625,4011.89990234375,4007.5,4008.199951171875,296
2026-07-20 07:00:00+00:00,4008.0,4011.300048828125,4006.5,4008.5,598
2026-07-20 07:15:00+00:00,4008.699951171875,4013.199951171875,4006.60009765625,4011.300048828125,808
2026-07-20 07:30:00+00:00,4011.39990234375,4025.89990234375,4011.300048828125,4025.89990234375,2089
2026-07-20 07:45:00+00:00,4026.0,4026.699951171875,4020.699951171875,4022.0,1313
2026-07-20 08:00:00+00:00,4022.199951171875,4030.60009765625,4022.199951171875,4029.0,1049
2026-07-20 08:15:00+00:00,4029.0,4035.5,4026.800048828125,4027.10009765625,1456
2026-07-20 08:30:00+00:00,4026.699951171875,4029.5,4023.60009765625,4026.300048828125,1176
2026-07-20 08:45:00+00:00,4026.5,4027.10009765625,4021.800048828125,4023.300048828125,672
2026-07-20 09:00:00+00:00,4023.0,4025.300048828125,4019.199951171875,4023.39990234375,512
2026-07-20 09:15:00+00:00,4023.60009765625,4026.199951171875,4019.60009765625,4020.300048828125,414
2026-07-20 09:30:00+00:00,4020.300048828125,4025.39990234375,4018.699951171875,4023.699951171875,641
2026-07-20 09:45:00+00:00,4023.199951171875,4027.699951171875,4022.0,4025.300048828125,792
2026-07-20 10:00:00+00:00,4025.800048828125,4026.0,4022.39990234375,4025.199951171875,341
2026-07-20 10:15:00+00:00,4025.10009765625,4027.89990234375,4023.199951171875,4026.699951171875,452
2026-07-20 10:30:00+00:00,4026.300048828125,4029.0,4025.800048828125,4026.699951171875,334
2026-07-20 10:45:00+00:00,4026.60009765625,4030.39990234375,4025.60009765625,4029.0,475
2026-07-20 11:00:00+00:00,4029.0,4032.0,4024.39990234375,4027.0,770
2026-07-20 11:15:00+00:00,4027.0,4028.5,4024.5,4026.5,438
2026-07-20 11:30:00+00:00,4026.5,4046.0,4025.89990234375,4037.39990234375,4775
2026-07-20 11:45:00+00:00,4037.60009765625,4037.60009765625,4029.89990234375,4030.5,972
2026-07-20 12:00:00+00:00,4030.0,4030.199951171875,4015.800048828125,4017.0,2872
2026-07-20 12:15:00+00:00,4016.60009765625,4019.199951171875,4010.60009765625,4017.0,2873
2026-07-20 12:30:00+00:00,4017.10009765625,4018.699951171875,4010.10009765625,4014.300048828125,1853
2026-07-20 12:45:00+00:00,4013.800048828125,4019.800048828125,4011.89990234375,4012.0,2491
2026-07-20 13:00:00+00:00,4012.199951171875,4017.89990234375,4011.800048828125,4012.5,1409
2026-07-20 13:15:00+00:00,4012.699951171875,4016.699951171875,4010.800048828125,4012.39990234375,1128
2026-07-20 13:30:00+00:00,4013.10009765625,4021.60009765625,4012.199951171875,4017.199951171875,2141
2026-07-20 13:45:00+00:00,4017.300048828125,4017.60009765625,4009.39990234375,4009.5,2896
2026-07-20 14:00:00+00:00,4009.39990234375,4011.89990234375,4001.60009765625,4002.89990234375,4065
2026-07-20 14:15:00+00:00,4002.60009765625,4010.699951171875,4002.0,4010.60009765625,1858
2026-07-20 14:30:00+00:00,4010.800048828125,4015.199951171875,4009.89990234375,4011.699951171875,2555
2026-07-20 14:45:00+00:00,4011.800048828125,4018.60009765625,4009.10009765625,4010.5,2404
2026-07-20 15:00:00+00:00,4010.39990234375,4023.89990234375,4008.699951171875,4018.89990234375,3988
2026-07-20 15:15:00+00:00,4018.699951171875,4021.199951171875,4015.199951171875,4020.800048828125,1695
2026-07-20 15:30:00+00:00,4020.699951171875,4021.300048828125,4014.39990234375,4017.0,1373
2026-07-20 15:45:00+00:00,4017.199951171875,4020.89990234375,4016.199951171875,4016.199951171875,921
2026-07-20 16:00:00+00:00,4016.300048828125,4022.800048828125,4015.39990234375,4018.300048828125,1188
2026-07-20 16:15:00+00:00,4018.39990234375,4019.0,4015.199951171875,4017.0,616
2026-07-20 16:30:00+00:00,4016.800048828125,4017.0,4005.199951171875,4013.800048828125,2213
2026-07-20 16:45:00+00:00,4013.5,4014.60009765625,4010.39990234375,4013.89990234375,906
2026-07-20 17:00:00+00:00,4013.89990234375,4016.39990234375,4013.300048828125,4014.39990234375,662
2026-07-20 17:15:00+00:00,4013.89990234375,4017.0,4012.89990234375,4016.10009765625,3665
2026-07-20 17:30:00+00:00,4016.199951171875,4017.0,4011.60009765625,4012.0,636
2026-07-20 17:45:00+00:00,4011.89990234375,4011.89990234375,4007.800048828125,4009.199951171875,884
2026-07-20 18:00:00+00:00,4009.39990234375,4015.300048828125,4009.300048828125,4013.199951171875,940
2026-07-20 18:15:00+00:00,4013.39990234375,4016.39990234375,4007.699951171875,4011.0,1022
2026-07-20 18:30:00+00:00,4011.199951171875,4011.699951171875,4008.5,4011.0,444
2026-07-20 18:45:00+00:00,4010.699951171875,4013.0,4009.5,4012.10009765625,364
2026-07-20 19:00:00+00:00,4011.5,4012.60009765625,4008.699951171875,4009.5,198
2026-07-20 19:15:00+00:00,4008.800048828125,4017.5,4008.5,4017.39990234375,768
2026-07-20 19:30:00+00:00,4017.199951171875,4022.199951171875,4009.300048828125,4010.300048828125,1306
2026-07-20 19:45:00+00:00,4010.0,4014.39990234375,4009.300048828125,4010.699951171875,1075
2026-07-20 20:00:00+00:00,4011.10009765625,4013.300048828125,4009.800048828125,4011.60009765625,496
2026-07-20 20:15:00+00:00,4011.5,4013.5,4011.0,4012.10009765625,189
2026-07-20 20:30:00+00:00,4012.60009765625,4013.39990234375,4011.300048828125,4012.5,142
2026-07-20 20:45:00+00:00,4012.60009765625,4013.10009765625,4008.39990234375,4011.800048828125,530
2026-07-20 22:00:00+00:00,4013.39990234375,4014.699951171875,4009.300048828125,4010.199951171875,113
2026-07-20 22:15:00+00:00,4010.5,4014.10009765625,4008.300048828125,4013.10009765625,667
2026-07-20 22:30:00+00:00,4012.800048828125,4013.10009765625,4006.300048828125,4007.699951171875,1140
2026-07-20 22:45:00+00:00,4008.199951171875,4012.300048828125,4003.300048828125,4004.0,1039
2026-07-20 23:00:00+00:00,4004.199951171875,4013.39990234375,4003.300048828125,4007.0,972
2026-07-20 23:15:00+00:00,4007.300048828125,4011.39990234375,4007.300048828125,4007.89990234375,370
2026-07-20 23:30:00+00:00,4007.89990234375,4013.0,4007.89990234375,4012.0,443
2026-07-20 23:45:00+00:00,4011.699951171875,4015.10009765625,4008.39990234375,4014.39990234375,250
2026-07-21 00:00:00+00:00,4014.5,4017.5,4008.300048828125,4015.0,454
2026-07-21 00:15:00+00:00,4015.800048828125,4023.0,4012.5,4019.60009765625,610
2026-07-21 00:30:00+00:00,4018.800048828125,4029.0,4018.60009765625,4027.0,1041
2026-07-21 00:45:00+00:00,4027.5,4032.0,4026.300048828125,4029.60009765625,543
2026-07-21 01:00:00+00:00,4029.800048828125,4034.699951171875,4022.5,4033.5,1793
2026-07-21 01:15:00+00:00,4033.300048828125,4041.0,4030.699951171875,4032.89990234375,1932
2026-07-21 01:30:00+00:00,4033.39990234375,4035.39990234375,4027.199951171875,4028.5,1357
2026-07-21 01:45:00+00:00,4028.60009765625,4032.300048828125,4025.39990234375,4027.60009765625,832
2026-07-21 02:00:00+00:00,4027.5,4030.60009765625,4025.89990234375,4028.5,510
2026-07-21 02:15:00+00:00,4028.199951171875,4034.300048828125,4025.89990234375,4033.10009765625,553
2026-07-21 02:30:00+00:00,4033.5,4049.800048828125,4032.199951171875,4039.89990234375,2448
2026-07-21 02:45:00+00:00,4040.199951171875,4042.800048828125,4035.5,4042.699951171875,640
2026-07-21 03:00:00+00:00,4042.300048828125,4046.800048828125,4042.199951171875,4043.10009765625,855
2026-07-21 03:15:00+00:00,4042.300048828125,4057.199951171875,4041.300048828125,4052.0,1361
2026-07-21 03:30:00+00:00,4052.10009765625,4054.0,4046.699951171875,4046.800048828125,574
2026-07-21 03:45:00+00:00,4046.89990234375,4051.89990234375,4046.5,4050.89990234375,388
2026-07-21 04:00:00+00:00,4051.699951171875,4056.60009765625,4050.300048828125,4050.699951171875,862
2026-07-21 04:15:00+00:00,4050.800048828125,4051.39990234375,4048.39990234375,4049.5,362
2026-07-21 04:30:00+00:00,4049.5,4052.5,4049.0,4051.89990234375,255
2026-07-21 04:45:00+00:00,4051.699951171875,4054.60009765625,4050.199951171875,4054.300048828125,353
2026-07-21 05:00:00+00:00,4054.10009765625,4057.0,4051.10009765625,4056.300048828125,757
2026-07-21 05:15:00+00:00,4056.60009765625,4061.5,4052.800048828125,4058.89990234375,979
2026-07-21 05:30:00+00:00,4059.699951171875,4071.60009765625,4059.5,4070.89990234375,3051
2026-07-21 05:45:00+00:00,4071.0,4072.800048828125,4065.60009765625,4066.0,1565
2026-07-21 06:00:00+00:00,4066.0,4077.10009765625,4066.0,4075.699951171875,1709
2026-07-21 06:15:00+00:00,4076.0,4079.0,4072.60009765625,4076.89990234375,1160
2026-07-21 06:30:00+00:00,4077.10009765625,4085.10009765625,4076.199951171875,4081.60009765625,3787
2026-07-21 06:45:00+00:00,4082.0,4088.39990234375,4082.0,4083.0,1191
2026-07-21 07:00:00+00:00,4083.300048828125,4084.800048828125,4076.0,4076.39990234375,1652
2026-07-21 07:15:00+00:00,4076.60009765625,4078.0,4072.60009765625,4074.10009765625,1226
2026-07-21 07:30:00+00:00,4073.89990234375,4079.89990234375,4072.10009765625,4075.800048828125,1015
2026-07-21 07:45:00+00:00,4076.10009765625,4076.89990234375,4074.199951171875,4075.699951171875,1531
2026-07-21 08:00:00+00:00,4075.60009765625,4076.89990234375,4070.10009765625,4072.5,1144
2026-07-21 08:15:00+00:00,4072.39990234375,4073.300048828125,4067.300048828125,4067.89990234375,864
2026-07-21 08:30:00+00:00,4067.699951171875,4069.699951171875,4065.39990234375,4066.699951171875,863
2026-07-21 08:45:00+00:00,4066.800048828125,4068.0,4063.60009765625,4067.39990234375,2191
2026-07-21 09:00:00+00:00,4067.699951171875,4071.5,4067.699951171875,4069.699951171875,1768
2026-07-21 09:15:00+00:00,4069.699951171875,4072.800048828125,4066.699951171875,4067.300048828125,990
2026-07-21 09:30:00+00:00,4067.39990234375,4070.0,4065.39990234375,4067.0,1460
2026-07-21 09:45:00+00:00,4066.800048828125,4074.39990234375,4066.5,4070.199951171875,1459
2026-07-21 10:00:00+00:00,4070.5,4073.0,4065.10009765625,4070.89990234375,1084
2026-07-21 10:15:00+00:00,4071.0,4074.0,4069.199951171875,4071.699951171875,729
2026-07-21 10:30:00+00:00,4071.60009765625,4074.800048828125,4070.800048828125,4071.699951171875,394
2026-07-21 10:45:00+00:00,4071.60009765625,4073.199951171875,4067.0,4067.300048828125,2064
2026-07-21 11:00:00+00:00,4067.699951171875,4068.300048828125,4059.89990234375,4063.199951171875,1451
2026-07-21 11:15:00+00:00,4062.800048828125,4064.699951171875,4060.699951171875,4062.60009765625,558
2026-07-21 11:30:00+00:00,4062.800048828125,4066.300048828125,4060.199951171875,4060.60009765625,746
2026-07-21 11:45:00+00:00,4060.60009765625,4063.5,4058.89990234375,4060.60009765625,652
2026-07-21 12:00:00+00:00,4060.5,4065.699951171875,4060.300048828125,4063.800048828125,843
2026-07-21 12:15:00+00:00,4064.0,4070.39990234375,4060.5,4066.0,1990
2026-07-21 12:30:00+00:00,4066.300048828125,4068.199951171875,4055.0,4058.0,2590
2026-07-21 12:45:00+00:00,4057.89990234375,4066.199951171875,4057.10009765625,4058.0,1818
2026-07-21 13:00:00+00:00,4058.300048828125,4064.800048828125,4058.300048828125,4063.60009765625,1756
2026-07-21 13:15:00+00:00,4063.699951171875,4066.10009765625,4054.300048828125,4055.199951171875,1886
2026-07-21 13:30:00+00:00,4055.5,4061.699951171875,4048.60009765625,4050.39990234375,3825
2026-07-21 13:45:00+00:00,4050.199951171875,4057.699951171875,4048.39990234375,4057.199951171875,1819
2026-07-21 14:00:00+00:00,4057.5,4070.800048828125,4055.39990234375,4070.300048828125,3643
2026-07-21 14:15:00+00:00,4070.5,4074.10009765625,4065.699951171875,4074.10009765625,3069
2026-07-21 14:30:00+00:00,4074.0,4079.10009765625,4066.800048828125,4072.0,3257
2026-07-21 14:45:00+00:00,4072.300048828125,4075.300048828125,4070.699951171875,4072.89990234375,2731
2026-07-21 15:00:00+00:00,4072.5,4078.300048828125,4069.800048828125,4077.800048828125,1797
2026-07-21 15:15:00+00:00,4077.89990234375,4083.800048828125,4077.89990234375,4081.39990234375,3025
2026-07-21 15:30:00+00:00,4080.89990234375,4088.0,4079.699951171875,4080.199951171875,2440
2026-07-21 15:45:00+00:00,4080.39990234375,4082.5,4075.800048828125,4078.60009765625,2168
2026-07-21 16:00:00+00:00,4078.5,4083.5,4077.39990234375,4082.5,931
2026-07-21 16:15:00+00:00,4082.60009765625,4082.800048828125,4078.10009765625,4080.0,1388
2026-07-21 16:30:00+00:00,4079.800048828125,4080.5,4075.300048828125,4076.199951171875,1285
2026-07-21 16:45:00+00:00,4076.300048828125,4077.5,4074.10009765625,4075.89990234375,772
2026-07-21 17:00:00+00:00,4076.0,4076.89990234375,4073.60009765625,4074.800048828125,764
2026-07-21 17:15:00+00:00,4074.699951171875,4077.199951171875,4073.300048828125,4076.699951171875,1386
2026-07-21 17:30:00+00:00,4076.699951171875,4076.699951171875,4071.199951171875,4072.60009765625,1081
2026-07-21 17:45:00+00:00,4072.39990234375,4073.0,4071.0,4073.0,357
2026-07-21 18:00:00+00:00,4072.89990234375,4076.5,4071.89990234375,4075.800048828125,459
2026-07-21 18:15:00+00:00,4075.5,4092.5,4075.39990234375,4088.699951171875,2892
2026-07-21 18:30:00+00:00,4088.60009765625,4090.39990234375,4085.800048828125,4087.300048828125,1036
2026-07-21 18:45:00+00:00,4086.89990234375,4087.89990234375,4083.89990234375,4087.0,761
2026-07-21 19:00:00+00:00,4087.0,4090.300048828125,4084.699951171875,4085.300048828125,566
2026-07-21 19:15:00+00:00,4086.0,4089.699951171875,4085.800048828125,4088.60009765625,474
2026-07-21 19:30:00+00:00,4088.800048828125,4089.60009765625,4086.199951171875,4087.5,591
2026-07-21 19:45:00+00:00,4087.199951171875,4089.60009765625,4086.89990234375,4088.60009765625,998
2026-07-21 20:00:00+00:00,4088.60009765625,4090.89990234375,4087.5,4088.800048828125,620
2026-07-21 20:15:00+00:00,4088.699951171875,4088.89990234375,4085.89990234375,4086.89990234375,373
2026-07-21 20:30:00+00:00,4087.10009765625,4089.800048828125,4084.0,4085.39990234375,492
2026-07-21 20:45:00+00:00,4085.10009765625,4085.39990234375,4080.89990234375,4082.199951171875,512
2026-07-21 22:00:00+00:00,4084.699951171875,4085.89990234375,4081.0,4083.199951171875,143
2026-07-21 22:15:00+00:00,4083.0,4087.39990234375,4082.39990234375,4086.699951171875,336
2026-07-21 22:30:00+00:00,4086.60009765625,4089.0,4086.300048828125,4087.89990234375,589
2026-07-21 22:45:00+00:00,4088.10009765625,4088.300048828125,4082.0,4084.60009765625,600
2026-07-21 23:00:00+00:00,4084.39990234375,4086.199951171875,4083.300048828125,4085.39990234375,266
2026-07-21 23:15:00+00:00,4085.699951171875,4086.800048828125,4085.0,4085.199951171875,82
2026-07-21 23:30:00+00:00,4085.300048828125,4086.699951171875,4083.39990234375,4084.89990234375,222
2026-07-21 23:45:00+00:00,4084.699951171875,4087.39990234375,4083.39990234375,4085.199951171875,186
2026-07-22 00:00:00+00:00,4085.5,4097.2998046875,4081.10009765625,4096.2998046875,1471
2026-07-22 00:15:00+00:00,4097.2001953125,4103.60009765625,4097.10009765625,4103.0,1412
2026-07-22 00:30:00+00:00,4103.0,4107.5,4094.199951171875,4097.2998046875,1814
2026-07-22 00:45:00+00:00,4097.5,4104.2998046875,4096.0,4101.60009765625,748
2026-07-22 01:00:00+00:00,4102.2998046875,4126.10009765625,4100.7998046875,4125.5,4014
2026-07-22 01:15:00+00:00,4125.7001953125,4126.5,4116.0,4120.2998046875,1322
2026-07-22 01:30:00+00:00,4119.39990234375,4127.39990234375,4117.2998046875,4125.89990234375,1226
2026-07-22 01:45:00+00:00,4126.2998046875,4128.39990234375,4121.7998046875,4126.0,868
2026-07-22 02:00:00+00:00,4126.39990234375,4128.10009765625,4123.10009765625,4126.2998046875,570
2026-07-22 02:15:00+00:00,4126.2998046875,4130.5,4124.0,4128.7998046875,631
2026-07-22 02:30:00+00:00,4128.7998046875,4134.7998046875,4126.60009765625,4133.0,1705
2026-07-22 02:45:00+00:00,4132.7001953125,4135.2998046875,4130.7001953125,4134.7001953125,885
2026-07-22 03:00:00+00:00,4134.7998046875,4145.0,4133.60009765625,4141.7998046875,2552
2026-07-22 03:15:00+00:00,4141.60009765625,4146.0,4141.2001953125,4142.7998046875,1501
2026-07-22 03:30:00+00:00,4142.39990234375,4142.39990234375,4136.7998046875,4138.10009765625,887
2026-07-22 03:45:00+00:00,4138.10009765625,4138.7001953125,4134.60009765625,4135.5,480
2026-07-22 04:00:00+00:00,4135.10009765625,4135.60009765625,4131.0,4131.7001953125,962
2026-07-22 04:15:00+00:00,4131.7998046875,4134.2998046875,4131.7998046875,4133.60009765625,423
2026-07-22 04:30:00+00:00,4133.7001953125,4133.7998046875,4129.39990234375,4131.89990234375,676
2026-07-22 04:45:00+00:00,4131.7001953125,4132.0,4129.7998046875,4131.7998046875,292
2026-07-22 05:00:00+00:00,4131.60009765625,4134.7001953125,4130.60009765625,4133.2001953125,483
2026-07-22 05:15:00+00:00,4133.5,4133.5,4127.60009765625,4128.2998046875,975
2026-07-22 05:30:00+00:00,4127.7998046875,4138.60009765625,4127.5,4136.89990234375,1219
2026-07-22 05:45:00+00:00,4136.7001953125,4137.89990234375,4132.39990234375,4135.5,654
2026-07-22 06:00:00+00:00,4135.39990234375,4140.0,4133.7001953125,4134.0,950
2026-07-22 06:15:00+00:00,4134.2001953125,4136.5,4118.2001953125,4121.7001953125,2048
2026-07-22 06:30:00+00:00,4122.2001953125,4124.7001953125,4118.89990234375,4122.89990234375,945
2026-07-22 06:45:00+00:00,4122.7998046875,4124.89990234375,4117.7998046875,4121.0,2658
2026-07-22 07:00:00+00:00,4120.7998046875,4121.60009765625,4116.10009765625,4120.5,1625
2026-07-22 07:15:00+00:00,4120.39990234375,4126.89990234375,4120.2998046875,4124.0,1133
2026-07-22 07:30:00+00:00,4124.2001953125,4127.39990234375,4115.39990234375,4116.5,1042
2026-07-22 07:45:00+00:00,4116.60009765625,4118.39990234375,4113.2998046875,4114.60009765625,1009
2026-07-22 08:00:00+00:00,4115.0,4120.7998046875,4114.7998046875,4118.89990234375,795
2026-07-22 08:15:00+00:00,4119.2001953125,4122.2998046875,4117.7998046875,4121.7998046875,620
2026-07-22 08:30:00+00:00,4121.7998046875,4123.7998046875,4118.5,4118.7998046875,730
2026-07-22 08:45:00+00:00,4119.10009765625,4124.39990234375,4117.7001953125,4122.2998046875,603
2026-07-22 09:00:00+00:00,4122.60009765625,4126.5,4122.10009765625,4125.7998046875,786
2026-07-22 09:15:00+00:00,4126.10009765625,4126.60009765625,4121.7001953125,4122.60009765625,1125
2026-07-22 09:30:00+00:00,4122.89990234375,4125.7998046875,4118.39990234375,4120.5,1171
2026-07-22 09:45:00+00:00,4120.39990234375,4122.2001953125,4117.5,4118.7998046875,633
2026-07-22 10:00:00+00:00,4119.2001953125,4124.7998046875,4119.2001953125,4121.7998046875,677
2026-07-22 10:15:00+00:00,4122.0,4126.10009765625,4120.60009765625,4123.5,491
2026-07-22 10:30:00+00:00,4123.5,4124.10009765625,4119.89990234375,4121.2001953125,644
2026-07-22 10:45:00+00:00,4120.39990234375,4124.5,4120.39990234375,4121.2001953125,521
2026-07-22 11:00:00+00:00,4121.7998046875,4125.7998046875,4119.2998046875,4123.39990234375,859
2026-07-22 11:15:00+00:00,4123.39990234375,4127.5,4122.2001953125,4123.2001953125,2437
2026-07-22 11:30:00+00:00,4123.2998046875,4125.7001953125,4117.2001953125,4119.7998046875,1404
2026-07-22 11:45:00+00:00,4119.5,4127.89990234375,4119.5,4127.39990234375,1143
2026-07-22 12:00:00+00:00,4127.5,4132.5,4126.2998046875,4132.0,1683
2026-07-22 12:15:00+00:00,4132.5,4138.0,4129.7998046875,4137.5,2163
2026-07-22 12:30:00+00:00,4137.7998046875,4139.5,4129.60009765625,4132.2001953125,3341
2026-07-22 12:45:00+00:00,4132.0,4132.2998046875,4110.39990234375,4117.0,4086
2026-07-22 13:00:00+00:00,4117.10009765625,4130.10009765625,4117.0,4130.0,1676
2026-07-22 13:15:00+00:00,4129.7998046875,4139.7998046875,4129.0,4136.5,2478
2026-07-22 13:30:00+00:00,4136.7998046875,4152.10009765625,4136.7998046875,4147.39990234375,7158
2026-07-22 13:45:00+00:00,4148.0,4161.5,4147.89990234375,4160.0,4521
2026-07-22 14:00:00+00:00,4159.7998046875,4168.7998046875,4158.60009765625,4161.7001953125,6016
2026-07-22 14:15:00+00:00,4161.7998046875,4161.7998046875,4149.10009765625,4151.10009765625,3613
2026-07-22 14:30:00+00:00,4151.2001953125,4158.2001953125,4150.89990234375,4155.7001953125,2019
2026-07-22 14:45:00+00:00,4156.0,4157.7998046875,4148.60009765625,4153.39990234375,1418
2026-07-22 15:00:00+00:00,4153.5,4163.5,4153.39990234375,4162.5,2106
2026-07-22 15:15:00+00:00,4162.39990234375,4166.60009765625,4158.10009765625,4162.2001953125,2641
2026-07-22 15:30:00+00:00,4162.2998046875,4166.10009765625,4160.7001953125,4165.2001953125,1569
2026-07-22 15:45:00+00:00,4165.10009765625,4171.39990234375,4163.2001953125,4164.10009765625,2383
2026-07-22 16:00:00+00:00,4164.39990234375,4164.5,4158.2001953125,4159.5,1521
2026-07-22 16:15:00+00:00,4159.60009765625,4160.7001953125,4153.10009765625,4154.5,2556
2026-07-22 16:30:00+00:00,4154.60009765625,4157.2998046875,4150.10009765625,4152.60009765625,2530
2026-07-22 16:45:00+00:00,4153.10009765625,4154.89990234375,4150.10009765625,4152.7998046875,1103
2026-07-22 17:00:00+00:00,4152.7998046875,4153.60009765625,4148.7998046875,4151.0,1559
2026-07-22 17:15:00+00:00,4151.0,4152.89990234375,4148.5,4151.60009765625,2042
2026-07-22 17:30:00+00:00,4151.60009765625,4153.10009765625,4143.7998046875,4146.2998046875,2090
2026-07-22 17:45:00+00:00,4146.39990234375,4149.60009765625,4145.89990234375,4148.10009765625,585
2026-07-22 18:00:00+00:00,4147.89990234375,4148.39990234375,4142.5,4143.60009765625,1356
2026-07-22 18:15:00+00:00,4143.39990234375,4145.2001953125,4140.2001953125,4140.39990234375,865
2026-07-22 18:30:00+00:00,4140.89990234375,4141.7001953125,4137.5,4141.39990234375,990
2026-07-22 18:45:00+00:00,4141.10009765625,4144.2998046875,4140.60009765625,4141.7998046875,618
2026-07-22 19:00:00+00:00,4141.39990234375,4142.5,4138.2001953125,4139.60009765625,499
2026-07-22 19:15:00+00:00,4139.60009765625,4141.0,4137.10009765625,4140.0,515
2026-07-22 19:30:00+00:00,4139.60009765625,4141.60009765625,4138.0,4139.10009765625,623
2026-07-22 19:45:00+00:00,4139.2001953125,4140.60009765625,4133.89990234375,4136.39990234375,1746
2026-07-22 20:00:00+00:00,4136.39990234375,4140.2001953125,4135.10009765625,4139.60009765625,1099
2026-07-22 20:15:00+00:00,4139.39990234375,4142.7998046875,4138.89990234375,4141.7001953125,302
2026-07-22 20:30:00+00:00,4141.0,4142.39990234375,4135.7001953125,4135.7998046875,440
2026-07-22 20:45:00+00:00,4135.7001953125,4136.10009765625,4133.2001953125,4135.0,323
2026-07-22 22:00:00+00:00,4126.0,4129.7001953125,4074.60009765625,4126.89990234375,365
2026-07-22 22:15:00+00:00,4127.0,4132.2001953125,4123.2001953125,4131.2998046875,1095
2026-07-22 22:30:00+00:00,4131.7998046875,4133.0,4122.7001953125,4124.39990234375,1219
2026-07-22 22:45:00+00:00,4124.2001953125,4129.89990234375,4123.2001953125,4124.7001953125,1555
2026-07-22 23:00:00+00:00,4125.10009765625,4127.39990234375,4118.89990234375,4126.60009765625,2024
2026-07-22 23:15:00+00:00,4126.2998046875,4126.60009765625,4121.7001953125,4122.7001953125,558
2026-07-22 23:30:00+00:00,4122.2998046875,4127.0,4121.60009765625,4126.2001953125,319
2026-07-22 23:45:00+00:00,4126.10009765625,4137.10009765625,4125.39990234375,4135.7998046875,1116
2026-07-23 00:00:00+00:00,4136.7998046875,4137.2001953125,4129.0,4129.89990234375,743
2026-07-23 00:15:00+00:00,4131.0,4138.0,4129.89990234375,4132.0,428
2026-07-23 00:30:00+00:00,4132.0,4135.2001953125,4130.0,4130.7998046875,411
2026-07-23 00:45:00+00:00,4130.7001953125,4136.89990234375,4128.39990234375,4135.2998046875,467
2026-07-23 01:00:00+00:00,4135.2001953125,4142.7001953125,4133.2001953125,4137.39990234375,1519
2026-07-23 01:15:00+00:00,4137.2001953125,4144.0,4136.7998046875,4140.2001953125,1093
2026-07-23 01:30:00+00:00,4140.5,4141.89990234375,4124.2001953125,4124.2001953125,2064
2026-07-23 01:45:00+00:00,4124.2001953125,4126.0,4116.7001953125,4120.5,1428
2026-07-23 02:00:00+00:00,4120.10009765625,4121.39990234375,4114.7001953125,4119.7998046875,961
2026-07-23 02:15:00+00:00,4120.10009765625,4120.60009765625,4115.60009765625,4118.39990234375,827
2026-07-23 02:30:00+00:00,4118.2998046875,4124.89990234375,4116.10009765625,4124.60009765625,740
2026-07-23 02:45:00+00:00,4124.7998046875,4131.2998046875,4124.0,4130.7998046875,679
2026-07-23 03:00:00+00:00,4130.89990234375,4131.7001953125,4126.60009765625,4129.7001953125,674
2026-07-23 03:15:00+00:00,4129.89990234375,4135.60009765625,4129.2001953125,4132.2001953125,606
2026-07-23 03:30:00+00:00,4132.7998046875,4133.7998046875,4128.7001953125,4131.39990234375,538
2026-07-23 03:45:00+00:00,4131.10009765625,4131.10009765625,4127.2001953125,4127.60009765625,211
2026-07-23 04:00:00+00:00,4127.7001953125,4130.0,4124.7998046875,4129.89990234375,330
2026-07-23 04:15:00+00:00,4130.60009765625,4132.5,4127.60009765625,4132.5,315
2026-07-23 04:30:00+00:00,4132.2998046875,4132.89990234375,4125.5,4125.7998046875,379
2026-07-23 04:45:00+00:00,4125.5,4126.60009765625,4122.5,4123.7998046875,198
2026-07-23 05:00:00+00:00,4124.0,4127.5,4121.60009765625,4127.10009765625,425
2026-07-23 05:15:00+00:00,4126.89990234375,4128.0,4122.39990234375,4128.0,355
2026-07-23 05:30:00+00:00,4128.2998046875,4131.2998046875,4126.0,4130.2998046875,829
2026-07-23 05:45:00+00:00,4130.39990234375,4133.39990234375,4123.2998046875,4126.89990234375,1051
2026-07-23 06:00:00+00:00,4127.10009765625,4131.0,4124.0,4126.2998046875,587
2026-07-23 06:15:00+00:00,4126.10009765625,4130.5,4124.0,4124.89990234375,386
2026-07-23 06:30:00+00:00,4124.7998046875,4126.7001953125,4119.5,4122.5,610
2026-07-23 06:45:00+00:00,4122.39990234375,4125.10009765625,4120.5,4121.60009765625,566
2026-07-23 07:00:00+00:00,4121.2998046875,4122.2001953125,4104.89990234375,4109.60009765625,2063
2026-07-23 07:15:00+00:00,4109.39990234375,4114.89990234375,4108.10009765625,4111.2001953125,1660
2026-07-23 07:30:00+00:00,4111.39990234375,4111.5,4094.300048828125,4098.5,2126
2026-07-23 07:45:00+00:00,4098.60009765625,4100.0,4093.0,4098.2998046875,1627
2026-07-23 08:00:00+00:00,4098.5,4100.7001953125,4092.89990234375,4094.10009765625,1479
2026-07-23 08:15:00+00:00,4094.5,4095.39990234375,4091.10009765625,4094.39990234375,738
2026-07-23 08:30:00+00:00,4094.10009765625,4096.7001953125,4091.0,4095.300048828125,1102
2026-07-23 08:45:00+00:00,4095.10009765625,4097.39990234375,4089.699951171875,4096.0,936
2026-07-23 09:00:00+00:00,4095.89990234375,4102.39990234375,4095.300048828125,4097.7001953125,977
2026-07-23 09:15:00+00:00,4097.5,4099.7001953125,4092.199951171875,4093.89990234375,1351
2026-07-23 09:30:00+00:00,4094.199951171875,4096.5,4091.300048828125,4095.0,1252
2026-07-23 09:45:00+00:00,4095.300048828125,4097.5,4091.5,4093.199951171875,1027
2026-07-23 10:00:00+00:00,4093.199951171875,4094.699951171875,4091.0,4093.800048828125,854
2026-07-23 10:15:00+00:00,4094.10009765625,4096.0,4088.699951171875,4093.300048828125,748
2026-07-23 10:30:00+00:00,4092.89990234375,4096.0,4089.800048828125,4092.5,951
2026-07-23 10:45:00+00:00,4092.39990234375,4098.60009765625,4090.39990234375,4096.7001953125,795
2026-07-23 11:00:00+00:00,4096.60009765625,4097.39990234375,4090.10009765625,4090.699951171875,947
2026-07-23 11:15:00+00:00,4091.10009765625,4092.199951171875,4083.800048828125,4087.10009765625,1690
2026-07-23 11:30:00+00:00,4087.10009765625,4087.10009765625,4075.699951171875,4081.39990234375,2341
2026-07-23 11:45:00+00:00,4081.39990234375,4092.5,4080.60009765625,4088.89990234375,1824
2026-07-23 12:00:00+00:00,4088.39990234375,4089.0,4083.699951171875,4084.39990234375,1048
2026-07-23 12:15:00+00:00,4084.39990234375,4085.89990234375,4072.800048828125,4077.60009765625,4067
2026-07-23 12:30:00+00:00,4076.800048828125,4077.89990234375,4066.5,4071.5,3804
2026-07-23 12:45:00+00:00,4071.60009765625,4072.0,4063.60009765625,4064.60009765625,2442
2026-07-23 13:00:00+00:00,4064.199951171875,4066.39990234375,4042.60009765625,4043.0,8937
2026-07-23 13:15:00+00:00,4042.89990234375,4061.39990234375,4042.60009765625,4061.10009765625,4255
2026-07-23 13:30:00+00:00,4060.89990234375,4070.10009765625,4058.5,4059.300048828125,6148
2026-07-23 13:45:00+00:00,4059.5,4061.800048828125,4045.300048828125,4045.800048828125,4730
2026-07-23 14:00:00+00:00,4046.10009765625,4054.300048828125,4042.5,4051.0,6013
2026-07-23 14:15:00+00:00,4050.60009765625,4060.199951171875,4045.5,4059.60009765625,6116
2026-07-23 14:30:00+00:00,4059.60009765625,4064.10009765625,4054.39990234375,4060.10009765625,2974
2026-07-23 14:45:00+00:00,4060.0,4064.699951171875,4059.0,4061.10009765625,1339
2026-07-23 15:00:00+00:00,4061.5,4062.60009765625,4052.300048828125,4054.699951171875,2781
2026-07-23 15:15:00+00:00,4054.0,4059.39990234375,4048.0,4049.699951171875,3863
2026-07-23 15:30:00+00:00,4049.5,4056.0,4045.0,4050.89990234375,5767
2026-07-23 15:45:00+00:00,4050.60009765625,4053.800048828125,4049.300048828125,4051.199951171875,2077
2026-07-23 16:00:00+00:00,4051.5,4053.800048828125,4050.0,4053.10009765625,4378
2026-07-23 16:15:00+00:00,4052.800048828125,4054.60009765625,4048.60009765625,4053.199951171875,2518
2026-07-23 16:30:00+00:00,4053.0,4054.10009765625,4049.800048828125,4052.60009765625,2297
2026-07-23 16:45:00+00:00,4052.699951171875,4054.60009765625,4051.0,4054.300048828125,2217
2026-07-23 17:00:00+00:00,4054.5,4057.5,4049.60009765625,4050.0,3198
2026-07-23 17:15:00+00:00,4050.199951171875,4053.39990234375,4048.800048828125,4049.699951171875,5375
2026-07-23 17:30:00+00:00,4049.89990234375,4051.800048828125,4044.300048828125,4045.39990234375,2100
2026-07-23 17:45:00+00:00,4045.300048828125,4046.800048828125,4043.89990234375,4043.89990234375,1121
2026-07-23 18:00:00+00:00,4044.39990234375,4046.800048828125,4042.5,4044.10009765625,1583
2026-07-23 18:15:00+00:00,4044.0,4047.60009765625,4042.60009765625,4047.199951171875,1305
2026-07-23 18:30:00+00:00,4046.800048828125,4050.60009765625,4046.800048828125,4048.89990234375,743
2026-07-23 18:45:00+00:00,4049.0,4050.800048828125,4047.10009765625,4048.800048828125,501
2026-07-23 19:00:00+00:00,4049.199951171875,4051.39990234375,4045.300048828125,4045.60009765625,576
2026-07-23 19:15:00+00:00,4045.5,4051.5,4045.5,4050.10009765625,605
2026-07-23 19:30:00+00:00,4050.39990234375,4053.10009765625,4047.800048828125,4048.10009765625,644
2026-07-23 19:45:00+00:00,4048.10009765625,4053.300048828125,4047.0,4052.10009765625,1109
2026-07-23 20:00:00+00:00,4051.89990234375,4053.60009765625,4050.60009765625,4051.800048828125,949
2026-07-23 20:15:00+00:00,4051.800048828125,4053.39990234375,4049.800048828125,4052.60009765625,369
2026-07-23 20:30:00+00:00,4052.89990234375,4053.199951171875,4051.300048828125,4052.199951171875,208
2026-07-23 20:45:00+00:00,4052.10009765625,4052.5,4049.89990234375,4052.300048828125,250
2026-07-23 22:00:00+00:00,4053.39990234375,4053.5,4050.199951171875,4051.0,199
2026-07-23 22:15:00+00:00,4051.39990234375,4052.800048828125,4051.199951171875,4052.300048828125,187
2026-07-23 22:30:00+00:00,4051.89990234375,4052.89990234375,4051.10009765625,4051.60009765625,208
2026-07-23 22:45:00+00:00,4051.699951171875,4052.800048828125,4050.800048828125,4052.0,252
2026-07-23 23:00:00+00:00,4052.199951171875,4052.39990234375,4049.60009765625,4051.10009765625,171
2026-07-23 23:15:00+00:00,4051.0,4052.300048828125,4049.5,4051.699951171875,395
2026-07-23 23:30:00+00:00,4051.699951171875,4053.800048828125,4049.60009765625,4051.0,541
2026-07-23 23:45:00+00:00,4050.60009765625,4052.199951171875,4048.800048828125,4049.39990234375,325
2026-07-24 00:00:00+00:00,4049.800048828125,4052.300048828125,4043.199951171875,4043.5,713
2026-07-24 00:15:00+00:00,4044.0,4050.300048828125,4043.5,4048.300048828125,675
2026-07-24 00:30:00+00:00,4049.39990234375,4052.699951171875,4047.199951171875,4052.199951171875,514
2026-07-24 00:45:00+00:00,4051.89990234375,4054.10009765625,4050.800048828125,4052.39990234375,599
2026-07-24 01:00:00+00:00,4052.89990234375,4053.10009765625,4041.89990234375,4044.699951171875,1656
2026-07-24 01:15:00+00:00,4044.800048828125,4048.300048828125,4043.699951171875,4045.0,621
2026-07-24 01:30:00+00:00,4044.89990234375,4053.300048828125,4043.699951171875,4052.60009765625,806
2026-07-24 01:45:00+00:00,4052.5,4052.89990234375,4043.60009765625,4046.0,647
2026-07-24 02:00:00+00:00,4045.89990234375,4048.10009765625,4043.300048828125,4047.699951171875,459
2026-07-24 02:15:00+00:00,4047.699951171875,4051.0,4044.800048828125,4048.800048828125,387
2026-07-24 02:30:00+00:00,4049.199951171875,4050.5,4043.0,4043.60009765625,590
2026-07-24 02:45:00+00:00,4043.39990234375,4043.60009765625,4025.300048828125,4026.699951171875,4171
2026-07-24 03:00:00+00:00,4027.10009765625,4034.800048828125,4025.39990234375,4034.60009765625,813
2026-07-24 03:15:00+00:00,4034.10009765625,4036.10009765625,4030.800048828125,4032.5,515
2026-07-24 03:30:00+00:00,4033.300048828125,4035.39990234375,4033.0,4034.10009765625,263
2026-07-24 03:45:00+00:00,4033.60009765625,4034.5,4030.39990234375,4031.10009765625,215
2026-07-24 04:00:00+00:00,4031.300048828125,4032.5,4029.5,4030.5,641
2026-07-24 04:15:00+00:00,4030.5,4032.699951171875,4029.800048828125,4032.10009765625,328
2026-07-24 04:30:00+00:00,4032.300048828125,4032.89990234375,4028.199951171875,4029.0,271
2026-07-24 04:45:00+00:00,4029.300048828125,4031.10009765625,4027.800048828125,4029.800048828125,386
2026-07-24 05:00:00+00:00,4029.800048828125,4034.60009765625,4027.5,4030.0,1146
2026-07-24 05:15:00+00:00,4029.699951171875,4031.800048828125,4024.5,4028.300048828125,798
2026-07-24 05:30:00+00:00,4028.300048828125,4033.60009765625,4025.89990234375,4026.699951171875,1097
2026-07-24 05:45:00+00:00,4026.699951171875,4031.0,4024.0,4025.0,811
2026-07-24 06:00:00+00:00,4025.199951171875,4033.5,4025.0,4033.10009765625,860
2026-07-24 06:15:00+00:00,4033.39990234375,4041.39990234375,4031.199951171875,4038.800048828125,892
2026-07-24 06:30:00+00:00,4038.699951171875,4039.39990234375,4035.10009765625,4035.89990234375,549
2026-07-24 06:45:00+00:00,4035.89990234375,4041.39990234375,4034.0,4038.39990234375,944
2026-07-24 07:00:00+00:00,4038.199951171875,4050.0,4037.5,4047.699951171875,2070
2026-07-24 07:15:00+00:00,4048.199951171875,4053.39990234375,4046.5,4051.10009765625,948
2026-07-24 07:30:00+00:00,4051.699951171875,4056.300048828125,4048.199951171875,4050.800048828125,1243
2026-07-24 07:45:00+00:00,4050.800048828125,4052.199951171875,4048.5,4051.10009765625,490
2026-07-24 08:00:00+00:00,4051.199951171875,4051.5,4047.60009765625,4049.5,459
2026-07-24 08:15:00+00:00,4049.10009765625,4055.300048828125,4047.5,4054.89990234375,717
2026-07-24 08:30:00+00:00,4054.800048828125,4058.0,4051.39990234375,4057.199951171875,917
2026-07-24 08:45:00+00:00,4057.300048828125,4061.5,4054.89990234375,4060.0,877
2026-07-24 09:00:00+00:00,4060.39990234375,4064.0,4055.89990234375,4056.89990234375,1913
2026-07-24 09:15:00+00:00,4056.699951171875,4059.89990234375,4055.0,4055.60009765625,927
2026-07-24 09:30:00+00:00,4055.39990234375,4059.199951171875,4054.199951171875,4058.5,1100
2026-07-24 09:45:00+00:00,4058.5,4062.60009765625,4057.39990234375,4062.60009765625,580
2026-07-24 10:00:00+00:00,4062.60009765625,4064.5,4060.5,4061.10009765625,660
2026-07-24 10:15:00+00:00,4061.199951171875,4066.60009765625,4060.39990234375,4064.5,746
2026-07-24 10:30:00+00:00,4064.39990234375,4067.0,4060.699951171875,4061.10009765625,890
2026-07-24 10:45:00+00:00,4061.199951171875,4062.5,4059.39990234375,4062.199951171875,564
2026-07-24 11:00:00+00:00,4062.5,4065.89990234375,4060.800048828125,4063.5,432
2026-07-24 11:15:00+00:00,4063.800048828125,4064.10009765625,4061.5,4061.60009765625,1268
2026-07-24 11:30:00+00:00,4061.199951171875,4062.60009765625,4057.5,4057.5,1436
2026-07-24 11:45:00+00:00,4058.0,4063.89990234375,4053.5,4060.199951171875,1353
2026-07-24 12:00:00+00:00,4060.60009765625,4061.10009765625,4054.5,4059.300048828125,1484
2026-07-24 12:15:00+00:00,4059.10009765625,4062.89990234375,4057.39990234375,4062.10009765625,1062
2026-07-24 12:30:00+00:00,4061.89990234375,4062.10009765625,4054.300048828125,4057.60009765625,1126
2026-07-24 12:45:00+00:00,4057.5,4058.89990234375,4054.199951171875,4058.5,915
2026-07-24 13:00:00+00:00,4058.800048828125,4061.0,4047.10009765625,4050.60009765625,2516
2026-07-24 13:15:00+00:00,4050.39990234375,4052.10009765625,4046.89990234375,4048.800048828125,1532
2026-07-24 13:30:00+00:00,4048.5,4059.5,4047.0,4054.39990234375,2884
2026-07-24 13:45:00+00:00,4054.199951171875,4071.5,4050.300048828125,4070.0,3509
2026-07-24 14:00:00+00:00,4069.89990234375,4073.0,4060.300048828125,4061.699951171875,5146
2026-07-24 14:15:00+00:00,4061.39990234375,4072.300048828125,4061.0,4068.89990234375,2788
2026-07-24 14:30:00+00:00,4069.0,4071.10009765625,4062.0,4063.10009765625,1786
2026-07-24 14:45:00+00:00,4063.5,4069.39990234375,4061.39990234375,4066.199951171875,1835
2026-07-24 15:00:00+00:00,4066.10009765625,4080.0,4064.699951171875,4077.89990234375,3377
2026-07-24 15:15:00+00:00,4077.699951171875,4085.199951171875,4075.0,4077.89990234375,8242
2026-07-24 15:30:00+00:00,4078.199951171875,4082.5,4073.800048828125,4075.10009765625,2828
2026-07-24 15:45:00+00:00,4075.10009765625,4080.800048828125,4073.5,4079.89990234375,3073
2026-07-24 16:00:00+00:00,4080.300048828125,4080.300048828125,4077.0,4077.5,950
2026-07-24 16:15:00+00:00,4077.60009765625,4080.89990234375,4076.10009765625,4076.60009765625,1257
2026-07-24 16:30:00+00:00,4076.60009765625,4076.60009765625,4069.199951171875,4070.10009765625,1792
2026-07-24 16:45:00+00:00,4070.10009765625,4070.300048828125,4066.5,4069.5,1255
2026-07-24 17:00:00+00:00,4069.699951171875,4070.89990234375,4065.300048828125,4066.5,1425
2026-07-24 17:15:00+00:00,4066.89990234375,4072.800048828125,4066.10009765625,4071.300048828125,4850
2026-07-24 17:30:00+00:00,4071.199951171875,4072.699951171875,4068.89990234375,4069.300048828125,1559
2026-07-24 17:45:00+00:00,4068.699951171875,4070.0,4065.300048828125,4065.800048828125,756
2026-07-24 18:00:00+00:00,4066.0,4067.300048828125,4063.60009765625,4064.0,794
2026-07-24 18:15:00+00:00,4064.199951171875,4065.39990234375,4057.199951171875,4057.699951171875,2420
2026-07-24 18:30:00+00:00,4057.800048828125,4059.39990234375,4053.5,4054.5,1491
2026-07-24 18:45:00+00:00,4054.60009765625,4058.300048828125,4054.0,4056.699951171875,500
2026-07-24 19:00:00+00:00,4056.89990234375,4058.699951171875,4054.10009765625,4054.5,579
2026-07-24 19:15:00+00:00,4054.5,4054.5,4051.300048828125,4053.800048828125,772
2026-07-24 19:30:00+00:00,4053.699951171875,4060.199951171875,4053.199951171875,4059.199951171875,893
2026-07-24 19:45:00+00:00,4059.5,4059.699951171875,4055.0,4056.10009765625,708
2026-07-24 20:00:00+00:00,4055.89990234375,4057.800048828125,4054.39990234375,4054.89990234375,576
2026-07-24 20:15:00+00:00,4054.800048828125,4057.10009765625,4054.10009765625,4055.89990234375,385
2026-07-24 20:30:00+00:00,4056.10009765625,4058.39990234375,4053.89990234375,4057.89990234375,338
2026-07-24 20:45:00+00:00,4057.699951171875,4070.800048828125,4054.5,4070.800048828125,668
2026-07-26 22:00:00+00:00,4091.5,4092.800048828125,4089.300048828125,4091.0,179
2026-07-26 22:15:00+00:00,4091.199951171875,4093.199951171875,4086.89990234375,4089.89990234375,708
2026-07-26 22:30:00+00:00,4089.39990234375,4095.89990234375,4088.800048828125,4094.0,768
2026-07-26 22:45:00+00:00,4094.0,4096.5,4091.39990234375,4092.199951171875,693
2026-07-26 23:00:00+00:00,4092.89990234375,4094.10009765625,4086.800048828125,4087.5,421
2026-07-26 23:15:00+00:00,4087.699951171875,4089.0,4085.800048828125,4086.699951171875,245
2026-07-26 23:30:00+00:00,4087.300048828125,4091.800048828125,4087.300048828125,4091.800048828125,165
2026-07-26 23:45:00+00:00,4090.699951171875,4099.0,4090.699951171875,4096.89990234375,720
2026-07-27 00:00:00+00:00,4097.2001953125,4119.2998046875,4096.60009765625,4118.5,2761
2026-07-27 00:15:00+00:00,4118.2998046875,4118.39990234375,4093.199951171875,4097.5,2135
2026-07-27 00:30:00+00:00,4097.2998046875,4104.89990234375,4096.39990234375,4102.7998046875,1000
2026-07-27 00:45:00+00:00,4102.2998046875,4111.60009765625,4101.2998046875,4102.60009765625,974
2026-07-27 01:00:00+00:00,4103.10009765625,4114.7998046875,4103.10009765625,4109.2998046875,1483
2026-07-27 01:15:00+00:00,4109.7001953125,4111.2998046875,4098.89990234375,4101.7998046875,1156
2026-07-27 01:30:00+00:00,4102.5,4106.2998046875,4099.7998046875,4104.7001953125,637
2026-07-27 01:45:00+00:00,4104.89990234375,4112.0,4104.60009765625,4112.0,582
2026-07-27 02:00:00+00:00,4112.2001953125,4112.89990234375,4105.5,4107.60009765625,675
2026-07-27 02:15:00+00:00,4107.7998046875,4107.7998046875,4103.7001953125,4105.2001953125,376
2026-07-27 02:30:00+00:00,4104.60009765625,4105.0,4097.5,4098.5,527
2026-07-27 02:45:00+00:00,4098.7998046875,4099.5,4095.60009765625,4095.699951171875,518
2026-07-27 03:00:00+00:00,4095.5,4097.7998046875,4091.0,4093.89990234375,804
2026-07-27 03:15:00+00:00,4093.89990234375,4095.39990234375,4087.300048828125,4087.300048828125,609
2026-07-27 03:30:00+00:00,4087.39990234375,4093.0,4087.0,4091.60009765625,660
2026-07-27 03:45:00+00:00,4091.39990234375,4093.199951171875,4090.5,4092.5,205
2026-07-27 04:00:00+00:00,4093.0,4095.0,4090.699951171875,4092.0,407
2026-07-27 04:15:00+00:00,4092.10009765625,4092.39990234375,4088.89990234375,4091.199951171875,283
2026-07-27 04:30:00+00:00,4091.0,4094.300048828125,4091.0,4091.89990234375,228
2026-07-27 04:45:00+00:00,4092.199951171875,4093.0,4091.199951171875,4091.699951171875,144
2026-07-27 05:00:00+00:00,4092.5,4097.0,4090.60009765625,4096.7001953125,299
2026-07-27 05:15:00+00:00,4096.39990234375,4096.39990234375,4088.199951171875,4089.0,400
2026-07-27 05:30:00+00:00,4088.800048828125,4092.300048828125,4087.60009765625,4089.5,596
2026-07-27 05:45:00+00:00,4090.300048828125,4095.699951171875,4086.5,4095.300048828125,506
2026-07-27 06:00:00+00:00,4094.89990234375,4098.39990234375,4093.60009765625,4096.60009765625,720
2026-07-27 06:15:00+00:00,4096.2998046875,4098.60009765625,4093.300048828125,4097.7001953125,782
2026-07-27 06:30:00+00:00,4098.10009765625,4101.39990234375,4096.5,4100.5,483
2026-07-27 06:45:00+00:00,4101.0,4101.39990234375,4096.89990234375,4098.39990234375,793
2026-07-27 07:00:00+00:00,4098.2001953125,4104.0,4098.0,4104.0,1330
2026-07-27 07:15:00+00:00,4103.60009765625,4108.2998046875,4101.7001953125,4105.39990234375,1111
2026-07-27 07:30:00+00:00,4105.39990234375,4105.7998046875,4097.7998046875,4099.10009765625,699
2026-07-27 07:45:00+00:00,4099.39990234375,4100.7998046875,4090.5,4090.699951171875,1277
2026-07-27 08:00:00+00:00,4090.89990234375,4094.800048828125,4088.800048828125,4093.300048828125,879
2026-07-27 08:15:00+00:00,4092.89990234375,4094.5,4090.699951171875,4093.0,1778
2026-07-27 08:30:00+00:00,4092.5,4094.699951171875,4089.0,4092.800048828125,628
2026-07-27 08:45:00+00:00,4093.300048828125,4098.7001953125,4092.60009765625,4097.7001953125,437
2026-07-27 09:00:00+00:00,4096.7998046875,4100.2998046875,4095.10009765625,4095.89990234375,1120
2026-07-27 09:15:00+00:00,4096.2001953125,4097.7001953125,4092.800048828125,4093.5,941
2026-07-27 09:30:00+00:00,4093.300048828125,4097.0,4091.800048828125,4096.60009765625,1817
2026-07-27 09:45:00+00:00,4096.10009765625,4102.7001953125,4096.0,4098.89990234375,1758
2026-07-27 10:00:00+00:00,4098.7998046875,4098.7998046875,4088.39990234375,4092.5,1148
2026-07-27 10:15:00+00:00,4092.60009765625,4096.2001953125,4091.0,4095.10009765625,380
2026-07-27 10:30:00+00:00,4095.60009765625,4104.0,4095.0,4102.7998046875,1900
2026-07-27 10:45:00+00:00,4102.89990234375,4104.60009765625,4100.89990234375,4102.10009765625,1600
2026-07-27 11:00:00+00:00,4102.2001953125,4107.0,4099.2001953125,4104.10009765625,1159
2026-07-27 11:15:00+00:00,4104.2001953125,4105.2998046875,4098.7998046875,4098.7998046875,662
2026-07-27 11:30:00+00:00,4098.89990234375,4102.2001953125,4096.60009765625,4098.2001953125,820
2026-07-27 11:45:00+00:00,4098.2001953125,4099.2998046875,4095.60009765625,4095.89990234375,1271
2026-07-27 12:00:00+00:00,4096.10009765625,4099.7998046875,4088.10009765625,4089.300048828125,1940
2026-07-27 12:15:00+00:00,4089.300048828125,4091.0,4083.10009765625,4088.10009765625,2997
2026-07-27 12:30:00+00:00,4088.89990234375,4090.5,4085.0,4088.5,1525
2026-07-27 12:45:00+00:00,4088.199951171875,4091.10009765625,4082.39990234375,4085.199951171875,4651
2026-07-27 13:00:00+00:00,4085.800048828125,4090.800048828125,4082.699951171875,4086.60009765625,4823
2026-07-27 13:15:00+00:00,4086.60009765625,4089.199951171875,4077.699951171875,4077.800048828125,3179
2026-07-27 13:30:00+00:00,4078.0,4091.39990234375,4077.39990234375,4088.89990234375,5338
2026-07-27 13:45:00+00:00,4088.89990234375,4091.800048828125,4071.60009765625,4075.800048828125,4211
2026-07-27 14:00:00+00:00,4075.89990234375,4081.0,4072.699951171875,4078.800048828125,6325
2026-07-27 14:15:00+00:00,4078.800048828125,4080.60009765625,4068.60009765625,4069.800048828125,4050
2026-07-27 14:30:00+00:00,4070.39990234375,4072.800048828125,4067.10009765625,4070.5,3809
2026-07-27 14:45:00+00:00,4070.5,4079.60009765625,4070.5,4078.39990234375,2202
2026-07-27 15:00:00+00:00,4078.300048828125,4078.60009765625,4073.89990234375,4078.300048828125,5807
2026-07-27 15:15:00+00:00,4077.89990234375,4081.800048828125,4076.699951171875,4078.89990234375,1777
2026-07-27 15:30:00+00:00,4078.60009765625,4080.5,4074.800048828125,4078.10009765625,1768
2026-07-27 15:45:00+00:00,4078.5,4082.199951171875,4076.89990234375,4080.60009765625,1742
2026-07-27 16:00:00+00:00,4080.800048828125,4087.0,4079.89990234375,4083.10009765625,1301
2026-07-27 16:15:00+00:00,4083.300048828125,4090.89990234375,4081.60009765625,4087.10009765625,2460
2026-07-27 16:30:00+00:00,4087.0,4095.699951171875,4087.0,4090.10009765625,2041
2026-07-27 16:45:00+00:00,4090.300048828125,4090.39990234375,4082.5,4084.10009765625,1511
2026-07-27 17:00:00+00:00,4084.0,4084.10009765625,4072.199951171875,4075.300048828125,4385
2026-07-27 17:15:00+00:00,4075.39990234375,4078.699951171875,4074.10009765625,4076.39990234375,3761
2026-07-27 17:30:00+00:00,4076.5,4077.800048828125,4073.89990234375,4076.300048828125,607
2026-07-27 17:45:00+00:00,4076.0,4079.0,4075.0,4078.199951171875,733
2026-07-27 18:00:00+00:00,4078.199951171875,4081.0,4077.800048828125,4078.39990234375,644
2026-07-27 18:15:00+00:00,4078.5,4078.800048828125,4075.89990234375,4078.60009765625,803
2026-07-27 18:30:00+00:00,4078.39990234375,4081.199951171875,4074.5,4078.0,1801
2026-07-27 18:45:00+00:00,4077.60009765625,4081.199951171875,4076.10009765625,4079.800048828125,640
2026-07-27 19:00:00+00:00,4079.89990234375,4083.699951171875,4078.0,4082.39990234375,892
2026-07-27 19:15:00+00:00,4082.39990234375,4090.89990234375,4081.199951171875,4087.800048828125,1481
2026-07-27 19:30:00+00:00,4088.0,4089.5,4085.89990234375,4089.199951171875,670
2026-07-27 19:45:00+00:00,4089.300048828125,4091.800048828125,4084.5,4085.5,1082
2026-07-27 20:00:00+00:00,4085.39990234375,4086.39990234375,4083.60009765625,4084.39990234375,908
2026-07-27 20:15:00+00:00,4084.199951171875,4084.39990234375,4079.800048828125,4081.0,338
2026-07-27 20:30:00+00:00,4081.10009765625,4081.60009765625,4077.60009765625,4079.0,418
2026-07-27 20:45:00+00:00,4079.10009765625,4079.800048828125,4077.60009765625,4078.60009765625,434
2026-07-27 22:00:00+00:00,4083.0,4085.699951171875,4076.39990234375,4079.10009765625,220
2026-07-27 22:15:00+00:00,4078.89990234375,4079.10009765625,4072.300048828125,4073.89990234375,491
2026-07-27 22:30:00+00:00,4073.699951171875,4076.39990234375,4073.699951171875,4076.300048828125,141
2026-07-27 22:45:00+00:00,4076.300048828125,4076.39990234375,4074.89990234375,4075.10009765625,197
2026-07-27 23:00:00+00:00,4075.39990234375,4076.10009765625,4073.199951171875,4075.5,213
2026-07-27 23:15:00+00:00,4075.300048828125,4075.800048828125,4073.10009765625,4074.5,150
2026-07-27 23:30:00+00:00,4074.199951171875,4074.89990234375,4073.0,4073.199951171875,103
2026-07-27 23:45:00+00:00,4073.5,4074.39990234375,4071.0,4074.39990234375,169
2026-07-28 00:00:00+00:00,4074.39990234375,4075.5,4063.0,4067.60009765625,1162
2026-07-28 00:15:00+00:00,4068.10009765625,4068.199951171875,4059.60009765625,4062.89990234375,1276
2026-07-28 00:30:00+00:00,4063.300048828125,4066.89990234375,4061.300048828125,4066.0,597
2026-07-28 00:45:00+00:00,4065.800048828125,4065.800048828125,4058.10009765625,4058.5,749
2026-07-28 01:00:00+00:00,4058.300048828125,4061.199951171875,4054.199951171875,4058.300048828125,1824
2026-07-28 01:15:00+00:00,4058.699951171875,4059.60009765625,4046.199951171875,4048.199951171875,1813
2026-07-28 01:30:00+00:00,4047.10009765625,4051.199951171875,4046.699951171875,4049.699951171875,860
2026-07-28 01:45:00+00:00,4049.39990234375,4049.39990234375,4042.89990234375,4045.699951171875,538
2026-07-28 02:00:00+00:00,4045.89990234375,4048.10009765625,4042.800048828125,4046.89990234375,757
2026-07-28 02:15:00+00:00,4046.800048828125,4049.699951171875,4045.699951171875,4046.60009765625,521
2026-07-28 02:30:00+00:00,4046.10009765625,4048.199951171875,4041.800048828125,4044.800048828125,724
2026-07-28 02:45:00+00:00,4044.60009765625,4045.89990234375,4041.10009765625,4042.300048828125,592
2026-07-28 03:00:00+00:00,4042.300048828125,4042.699951171875,4041.39990234375,4041.60009765625,33
2026-07-28 04:00:00+00:00,4049.0,4049.699951171875,4043.199951171875,4044.300048828125,531
2026-07-28 04:15:00+00:00,4043.800048828125,4048.0,4043.5,4045.60009765625,363
2026-07-28 04:30:00+00:00,4045.800048828125,4047.800048828125,4044.0,4047.60009765625,271
2026-07-28 04:45:00+00:00,4047.89990234375,4048.0,4041.199951171875,4042.10009765625,491
2026-07-28 05:00:00+00:00,4041.89990234375,4043.800048828125,4039.60009765625,4042.699951171875,723
2026-07-28 05:15:00+00:00,4042.5,4043.800048828125,4040.699951171875,4043.300048828125,368
2026-07-28 05:30:00+00:00,4042.699951171875,4045.5,4034.60009765625,4041.89990234375,1275
2026-07-28 05:45:00+00:00,4041.89990234375,4046.89990234375,4039.39990234375,4045.199951171875,465
2026-07-28 06:00:00+00:00,4045.5,4048.0,4045.300048828125,4046.39990234375,171
